,,,,,,,,,,,,,
,,,,,,,,,,,,,
,CODIGOS INVOLUCRADOS EN PEDIDOS JUNIO NOVIEMBRE,,,,,,,,,,,,
,,,,,,,,,,,,,
,,,,,,,,,,,,,
,Código II, Q. según pedidos, Promedio VTA, m3 x unidad, m3 x Inner, m3 x Master, Unidades x Inner, Unidades x Master, Peso [kgrs], Alto [mm], Ancho [mm], Largo [mm],,Es Sensible,Apto VLM
,1,  596 ,  73 ,  0.0003 ,  0.0030 ,  0.0181 ,  12 ,  72 ,  0.18 ,  17.00 ,  65.00 ,  200.00 ,,NO,SI
,2,  743 ,  127 ,  0.0004 ,  0.0053 ,  0.0318 ,  12 ,  72 ,  0.35 ,  20.00 ,  80.00 ,  245.00 ,,NO,SI
,3,"  2,044 ",  325 ,  0.0006 ,  0.0038 ,  0.0305 ,  6 ,  48 ,  0.50 ,  23.00 ,  90.00 ,  290.00 ,,NO,SI
,4,"  1,850 ",  274 ,  0.0003 ,  -   ,  0.0406 ,  -   ,  120 ,  0.10 ,  23.00 ,  90.00 ,  245.00 ,,NO,SI
,5,"  1,144 ",  198 ,  0.0021 ,  -   ,  0.0415 ,  -   ,  20 ,  0.75 ,  53.50 ,  215.00 ,  370.00 ,,NO,SI
,6,"  1,345 ",  232 ,  0.0006 ,  -   ,  0.0323 ,  -   ,  50 ,  0.26 ,  19.60 ,  245.00 ,  98.00 ,,NO,SI
,6,  107 ,  232 ,  0.0006 ,  -   ,  0.0323 ,  -   ,  50 ,  0.26 ,  19.60 ,  245.00 ,  98.00 ,,NO,SI
,7,  846 ,  135 ,  0.0007 ,  0.0067 ,  0.0334 ,  10 ,  50 ,  -   ,  -   ,  -   ,  -   ,,NO,SI
,8,"  7,551 ","  1,266 ",  0.0003 ,  0.0072 ,  0.0286 ,  25 ,  100 ,  -   ,  -   ,  -   ,  -   ,,NO,SI
,9,  333 ,  57 ,  0.0106 ,  -   ,  0.0212 ,  -   ,  2 ,  -   ,  -   ,  -   ,  -   ,,NO,SI
,10,  221 ,  26 ,  0.0002 ,  -   ,  0.0184 ,  -   ,  120 ,  0.17 ,  20.00 ,  35.00 ,  160.00 ,,NO,SI
,11,  185 ,  24 ,  0.0002 ,  -   ,  0.0216 ,  -   ,  120 ,  0.23 ,  20.00 ,  30.00 ,  180.00 ,,NO,SI
,12,  164 ,  16 ,  0.0003 ,  -   ,  0.0187 ,  -   ,  60 ,  0.40 ,  20.00 ,  35.00 ,  210.00 ,,NO,SI
,13,"  1,742 ",  256 ,  0.0003 ,  0.0017 ,  0.0330 ,  6 ,  120 ,  0.14 ,  23.42 ,  48.00 ,  230.00 ,,NO,SI
,14,"  2,288 ",  354 ,  0.0003 ,  0.0018 ,  0.0177 ,  6 ,  60 ,  0.27 ,  23.40 ,  56.80 ,  270.00 ,,NO,SI
,15,"  1,917 ",  316 ,  0.0004 ,  0.0026 ,  0.0211 ,  6 ,  48 ,  0.39 ,  18.50 ,  45.00 ,  320.00 ,,NO,SI
,16,  763 ,  138 ,  0.0007 ,  0.0041 ,  0.0243 ,  6 ,  36 ,  0.66 ,  17.60 ,  86.58 ,  378.00 ,,NO,SI
,17,"  1,629 ",  314 ,  0.0014 ,  -   ,  0.0278 ,  -   ,  20 ,  1.00 ,  30.00 ,  350.00 ,  350.00 ,,NO,SI
,18,  636 ,  107 ,  0.0010 ,  0.0123 ,  0.0492 ,  12 ,  48 ,  0.28 ,  31.50 ,  130.00 ,  305.00 ,,NO,SI
,19,  737 ,  116 ,  0.0010 ,  0.0123 ,  0.0492 ,  12 ,  48 ,  0.32 ,  31.00 ,  130.00 ,  305.00 ,,NO,SI
,20,"  1,002 ",  160 ,  0.0010 ,  0.0123 ,  0.0492 ,  12 ,  48 ,  0.25 ,  31.04 ,  128.05 ,  305.00 ,,NO,SI
,21,"  1,943 ",  332 ,  0.0019 ,  -   ,  0.0742 ,  -   ,  40 ,  0.23 ,  75.75 ,  140.00 ,  420.00 ,,NO,SI
,22,"  1,284 ",  206 ,  0.0040 ,  -   ,  0.0804 ,  -   ,  20 ,  -   ,  -   ,  -   ,  -   ,,NO,SI
,23,  511 ,  80 ,  0.0003 ,  -   ,  0.0169 ,  -   ,  50 ,  0.26 ,  29.50 ,  68.00 ,  144.00 ,,NO,SI
,24,"  1,110 ",  191 ,  0.0010 ,  0.0102 ,  0.0305 ,  10 ,  30 ,  0.72 ,  25.30 ,  120.00 ,  285.00 ,,NO,SI
,25,"  1,388 ",  225 ,  0.0002 ,  0.0022 ,  0.0220 ,  12 ,  120 ,  0.19 ,  20.50 ,  66.50 ,  140.00 ,,NO,SI
,26,"  1,437 ",  194 ,  0.0003 ,  0.0032 ,  0.0256 ,  12 ,  96 ,  -   ,  -   ,  -   ,  -   ,,NO,SI
,27,"  1,142 ",  210 ,  0.0004 ,  0.0041 ,  0.0244 ,  10 ,  60 ,  0.54 ,  24.00 ,  100.00 ,  205.00 ,,NO,SI
,28,  836 ,  127 ,  0.0006 ,  0.0053 ,  0.0213 ,  9 ,  36 ,  0.80 ,  100.00 ,  31.77 ,  237.00 ,,NO,SI
,29,  698 ,  88 ,  0.0003 ,  -   ,  0.0170 ,  -   ,  50 ,  0.31 ,  22.00 ,  90.00 ,  210.00 ,,NO,SI
,30,  773 ,  123 ,  0.0007 ,  -   ,  0.0176 ,  -   ,  25 ,  0.65 ,  25.50 ,  125.00 ,  380.00 ,,NO,SI
,31,  868 ,  108 ,  0.0009 ,  -   ,  0.0215 ,  -   ,  25 ,  0.73 ,  25.00 ,  130.00 ,  480.00 ,,NO,SI
,32,"  2,063 ",  329 ,  0.0002 ,  0.0060 ,  0.0360 ,  40 ,  240 ,  -   ,  -   ,  -   ,  -   ,,NO,SI
,33,  790 ,  130 ,  0.0002 ,  0.0029 ,  0.0230 ,  13 ,  104 ,  0.11 ,  16.65 ,  80.00 ,  120.00 ,,NO,SI
,34,  202 ,  83 ,  0.0014 ,  0.0167 ,  0.0502 ,  12 ,  36 ,  0.43 ,  39.23 ,  95.00 ,  366.00 ,,NO,SI
,34,  242 ,  83 ,  0.0014 ,  0.0167 ,  0.0502 ,  12 ,  36 ,  0.43 ,  39.23 ,  95.00 ,  366.00 ,,NO,SI
,35,  243 ,  24 ,  0.0016 ,  -   ,  0.0324 ,  -   ,  20 ,  0.45 ,  43.50 ,  130.00 ,  185.00 ,,NO,SI
,5157,  45 ,  -   ,  0.0016 , #VALUE!,  0.0324 , -,  20 ,  0.60 ,  44.00 ,  130.00 ,  185.00 ,,NO,SI
,36,  760 ,  121 ,  0.0003 ,  -   ,  0.0170 ,  -   ,  50 ,  0.33 ,  22.03 ,  85.00 ,  260.00 ,,NO,SI
,37,"  1,717 ",  347 ,  0.0053 ,  -   ,  0.1050 ,  -   ,  20 ,  0.70 ,  67.00 ,  138.00 ,  470.00 ,,NO,SI
,38,  58 ,  6 ,  0.0001 ,  -   ,  0.0060 ,  -   ,  50 ,  0.05 ,  25.00 ,  70.00 ,  45.00 ,,NO,SI
,39,"  7,360 ","  1,285 ",  0.0001 ,  -   ,  0.0105 ,  -   ,  100 ,  0.13 ,  24.50 ,  65.00 ,  80.00 ,,NO,SI
,40,"  4,914 ",  847 ,  0.0001 ,  -   ,  0.0131 ,  -   ,  100 ,  0.15 ,  24.00 ,  65.00 ,  95.00 ,,NO,SI
,41,"  2,312 ",  429 ,  0.0002 ,  -   ,  0.0158 ,  -   ,  100 ,  0.17 ,  24.06 ,  65.00 ,  100.00 ,,NO,SI
,42,"  5,094 ",  854 ,  0.0013 ,  0.0065 ,  0.0517 ,  5 ,  40 ,  -   ,  -   ,  -   ,  -   ,,NO,SI
,43,"  2,964 ",  448 ,  0.0013 ,  0.0256 ,  0.1026 ,  20 ,  80 ,  0.32 ,  31.00 ,  180.00 ,  205.00 ,,NO,SI
,44,"  7,181 ","  1,287 ",  0.0001 ,  -   ,  0.0148 ,  -   ,  200 ,#N/A,#N/A,#N/A,#N/A,,NO,SI
,45,"  3,727 ",  658 ,  0.0001 ,  -   ,  0.0112 ,  -   ,  200 ,  0.06 ,  13.50 ,  75.00 ,  70.00 ,,NO,SI
,46,"  2,407 ",  397 ,  0.0009 ,  0.0055 ,  0.0333 ,  6 ,  36 ,  0.64 ,  29.29 ,  135.00 ,  325.00 ,,NO,SI
,47,"  1,306 ",  240 ,  0.0012 ,  0.0116 ,  0.0580 ,  10 ,  50 ,  0.23 ,  26.40 ,  250.00 ,  98.00 ,,NO,SI
,48,"  1,923 ",  278 ,  0.0005 ,  0.0055 ,  0.0545 ,  10 ,  100 ,  0.10 ,  27.50 ,  85.00 ,  345.00 ,,NO,SI
,49,  47 ,  8 ,  0.0001 ,  -   ,  0.0060 ,  -   ,  50 ,  0.12 ,  35.00 ,  45.00 ,  40.00 ,,NO,SI
,50,  52 ,  9 ,  0.0002 ,  -   ,  0.0044 ,  -   ,  25 ,  0.70 ,  20.00 ,  100.00 ,  60.00 ,,NO,SI
,51,  413 ,  53 ,  0.0031 ,  -   ,  0.0313 ,  -   ,  10 ,  -   ,  -   ,  -   ,  -   ,,NO,SI
,52,  229 ,  31 ,  0.0026 ,  -   ,  0.0255 ,  -   ,  10 ,  1.97 ,  31.30 ,  180.00 ,  900.00 ,,NO,SI
,53,  325 ,  118 ,  0.0029 ,  -   ,  0.0343 ,  -   ,  12 ,  1.11 ,  35.00 ,  205.00 ,  630.00 ,,NO,SI
,5158,  256 ,  -   ,  0.0045 , #VALUE!,  0.0542 , -,  12 ,  1.11 ,  35.00 ,  205.00 ,  630.00 ,,NO,SI
,54,"  1,580 ",  269 ,  0.0036 ,  -   ,  0.0655 ,  -   ,  18 ,  -   ,  -   ,  -   ,  -   ,,NO,SI
,55,"  2,350 ",  408 ,  0.0008 ,  0.0076 ,  0.0458 ,  10 ,  60 ,  0.43 ,  27.50 ,  105.00 ,  245.00 ,,NO,SI
,56,"  2,804 ",  536 ,  0.0002 ,  0.0041 ,  0.0203 ,  20 ,  100 ,  0.10 ,  15.00 ,  73.00 ,  162.00 ,,NO,SI
,57,"  1,006 ",  171 ,  0.0002 ,  0.0041 ,  0.0203 ,  20 ,  100 ,  0.10 ,  15.00 ,  73.00 ,  162.00 ,,NO,SI
,58,"  1,196 ",  202 ,  0.0013 ,  -   ,  0.0312 ,  -   ,  24 ,  0.34 ,  45.00 ,  155.00 ,  155.00 ,,NO,SI
,59,"  3,781 ",  336 ,  0.0002 ,  0.0025 ,  0.0200 ,  13 ,  104 ,  0.05 ,  8.70 ,  60.00 ,  120.36 ,,NO,SI
,60,  326 ,  120 ,  0.0017 ,  -   ,  0.0175 ,  -   ,  10 ,  1.40 ,  63.00 ,  95.00 ,  250.00 ,,NO,SI
,61,  912 ,  133 ,  0.0002 ,  0.0095 ,  0.0189 ,  50 ,  100 ,  0.07 ,  10.75 ,  60.00 ,  250.00 ,,NO,SI
,62,"  1,440 ",  244 ,  0.0002 ,  0.0092 ,  0.0183 ,  50 ,  100 ,  0.11 ,  13.13 ,  60.00 ,  250.00 ,,NO,SI
,63,"  1,510 ",  249 ,  0.0002 ,  0.0092 ,  0.0183 ,  50 ,  100 ,  0.11 ,  13.03 ,  60.00 ,  250.00 ,,NO,SI
,64,"  1,119 ",  183 ,  0.0007 ,  0.0169 ,  0.0337 ,  25 ,  50 ,  0.30 ,  19.00 ,  110.00 ,  350.00 ,,NO,SI
,65,  489 ,  84 ,  0.0008 ,  0.0120 ,  0.0240 ,  15 ,  30 ,  0.65 ,  20.50 ,  110.00 ,  330.00 ,,NO,SI
,66,  895 ,  182 ,  0.0004 ,  0.0021 ,  0.0169 ,  5 ,  40 ,  0.20 ,  22.22 ,  60.00 ,  200.00 ,,NO,SI
,67,"  1,013 ",  157 ,  0.0004 ,  0.0021 ,  0.0169 ,  5 ,  40 ,  0.30 ,  29.47 ,  60.00 ,  200.00 ,,NO,SI
,68,  757 ,  102 ,  0.0003 ,  -   ,  0.0287 ,  -   ,  100 ,  0.18 ,  36.00 ,  40.00 ,  63.00 ,,NO,SI
,69,  478 ,  66 ,  0.0003 ,  -   ,  0.0149 ,  -   ,  50 ,  0.14 ,  50.00 ,  80.00 ,  50.00 ,,NO,SI
,70,"  3,317 ",  562 ,  0.0003 ,  -   ,  0.0149 ,  -   ,  50 ,  0.30 ,  50.00 ,  80.00 ,  50.00 ,,NO,SI
,71,  550 ,  107 ,  0.0003 ,  -   ,  0.0149 ,  -   ,  50 ,  0.26 ,  42.00 ,  42.00 ,  66.00 ,,NO,SI
,72,  937 ,  170 ,  0.0004 ,  -   ,  0.0133 ,  -   ,  30 ,  0.58 ,  65.00 ,  95.00 ,  60.00 ,,NO,SI
,73,"  1,960 ",  348 ,  0.0005 ,  -   ,  0.0539 ,  -   ,  100 ,  0.13 ,  31.55 ,  105.00 ,  130.00 ,,NO,SI
,74,  329 ,  43 ,  0.0001 ,  0.0155 ,  0.0620 ,  250 ,"  1,000 ",  0.01 ,  26.16 ,  26.16 ,  60.27 ,,NO,SI
,75,  776 ,  128 ,  0.0019 ,  0.0112 ,  0.0447 ,  6 ,  24 ,  0.47 ,  55.00 ,  160.00 ,  200.00 ,,NO,SI
,76,"  1,054 ",  175 ,  0.0000 ,  0.0103 ,  0.0205 ,  250 ,  500 ,  0.04 ,  10.50 ,  40.00 ,  180.00 ,,NO,SI
,77,  625 ,  99 ,  0.0001 ,  0.0153 ,  0.0305 ,  250 ,  500 ,  0.04 ,  9.00 ,  40.00 ,  225.00 ,,NO,SI
,78,"  8,552 ","  1,527 ",  0.0000 ,  0.0103 ,  0.0205 ,  250 ,  500 ,  0.04 ,  9.40 ,  40.00 ,  180.00 ,,NO,SI
,79,"  9,842 ","  1,673 ",  0.0001 ,  0.0138 ,  0.0275 ,  250 ,  500 ,  0.05 ,  10.12 ,  40.00 ,  225.00 ,,NO,SI
,80,"  8,237 ","  1,422 ",  0.0000 ,  0.0103 ,  0.0205 ,  250 ,  500 ,  0.05 ,  8.55 ,  40.00 ,  180.00 ,,NO,SI
,81,"  14,109 ","  2,310 ",  0.0001 ,  0.0138 ,  0.0275 ,  250 ,  500 ,  0.06 ,  10.20 ,  40.00 ,  220.00 ,,NO,SI
,82,"  4,139 ",  677 ,  0.0001 ,  0.0093 ,  0.0186 ,  150 ,  300 ,  0.07 ,  10.26 ,  40.00 ,  280.00 ,,NO,SI
,83,"  2,613 ",  325 ,  0.0001 ,  0.0074 ,  0.0148 ,  100 ,  200 ,  0.08 ,  10.26 ,  35.00 ,  328.00 ,,NO,SI
,84,"  2,997 ",  480 ,  0.0000 ,  0.0105 ,  0.0210 ,  250 ,  500 ,  0.05 ,  10.20 ,  40.00 ,  180.00 ,,NO,SI
,85,"  6,555 ","  1,229 ",  0.0001 ,  0.0110 ,  0.0220 ,  200 ,  400 ,  0.07 ,  10.25 ,  40.00 ,  220.00 ,,NO,SI
,86,"  2,533 ",  439 ,  0.0001 ,  0.0093 ,  0.0186 ,  100 ,  200 ,  0.11 ,  10.25 ,  40.00 ,  380.00 ,,NO,SI
,87,"  1,750 ",  283 ,  0.0001 ,  0.0033 ,  0.0132 ,  25 ,  100 ,  0.17 ,  10.22 ,  40.00 ,  520.00 ,,NO,SI
,88,"  4,723 ",  689 ,  0.0001 ,  0.0067 ,  0.0134 ,  100 ,  200 ,  0.08 ,  10.43 ,  40.00 ,  225.00 ,,NO,SI
,89,"  2,770 ",  488 ,  0.0001 ,  0.0075 ,  0.0150 ,  100 ,  200 ,  0.12 ,  8.65 ,  40.00 ,  330.00 ,,NO,SI
,90,"  1,281 ",  212 ,  0.0001 ,  0.0033 ,  0.0130 ,  25 ,  100 ,  0.19 ,  10.50 ,  40.00 ,  460.00 ,,NO,SI
,91,  631 ,  78 ,  0.0001 ,  0.0105 ,  0.0210 ,  150 ,  300 ,  0.10 ,  10.50 ,  40.00 ,  225.00 ,,NO,SI
,92,  813 ,  128 ,  0.0001 ,  -   ,  0.0161 ,  -   ,  125 ,  -   ,  -   ,  -   ,  -   ,,NO,SI
,93,  713 ,  99 ,  0.0002 ,  -   ,  0.0106 ,  -   ,  60 ,  0.26 ,  12.50 ,  40.00 ,  460.00 ,,NO,SI
,94,  596 ,  91 ,  0.0001 ,  0.0059 ,  0.0117 ,  75 ,  150 ,  0.11 ,  10.50 ,  40.00 ,  225.00 ,,NO,SI
,95,  583 ,  87 ,  0.0002 ,  0.0111 ,  0.0222 ,  50 ,  100 ,  0.32 ,  13.50 ,  40.00 ,  530.00 ,,NO,SI
,96,  313 ,  48 ,  0.0003 ,  0.0026 ,  0.0132 ,  10 ,  50 ,  0.42 ,  16.00 ,  40.00 ,  540.00 ,,NO,SI
,97,  255 ,  41 ,  0.0001 ,  -   ,  0.0123 ,  -   ,  100 ,  0.20 ,  16.50 ,  40.00 ,  275.00 ,,NO,SI
,98,  580 ,  89 ,  0.0002 ,  0.0048 ,  0.0096 ,  25 ,  50 ,  0.31 ,  16.50 ,  40.00 ,  375.00 ,,NO,SI
,99,  497 ,  68 ,  0.0003 ,  -   ,  0.0132 ,  -   ,  40 ,  0.58 ,  18.30 ,  40.00 ,  520.00 ,,NO,SI
,100,  647 ,  100 ,  0.0004 ,  -   ,  0.0106 ,  -   ,  25 ,  0.75 ,  20.50 ,  40.00 ,  500.00 ,,NO,SI
,101,  396 ,  51 ,  0.0002 ,  -   ,  0.0112 ,  -   ,  50 ,  0.39 ,  20.50 ,  40.00 ,  325.00 ,,NO,SI
,102,  242 ,  31 ,  0.0261 ,  -   ,  0.0522 ,  -   ,  2 ,  -   ,  -   ,  -   ,  -   ,,NO,SI
,103,  927 ,  220 ,  0.0001 ,  0.0008 ,  0.0475 ,  6 ,  360 ,  -   ,  -   ,  -   ,  -   ,,NO,SI
,104,"  2,162 ",  473 ,  0.0001 ,  0.0008 ,  0.0475 ,  6 ,  360 ,  0.04 ,  27.50 ,  27.50 ,  170.00 ,,NO,SI
,105,"  2,003 ",  501 ,  0.0002 ,  0.0013 ,  0.0504 ,  6 ,  240 ,  0.07 ,  31.00 ,  31.00 ,  205.00 ,,NO,SI
,5159,  64 ,  -   ,  0.0002 ,  0.0012 ,  0.0473 ,  6 ,  240 ,  0.07 ,  31.00 ,  31.00 ,  205.00 ,,NO,SI
,106,"  2,375 ",  361 ,  0.0002 ,  0.0013 ,  0.0504 ,  6 ,  240 ,  0.06 ,  30.00 ,  30.00 ,  200.00 ,,NO,SI
,107,"  3,153 ",  657 ,  0.0002 ,  0.0013 ,  0.0504 ,  6 ,  240 ,  0.06 ,  30.00 ,  30.00 ,  200.00 ,,NO,SI
,108,"  1,710 ",  326 ,  0.0002 ,  0.0015 ,  0.0294 ,  6 ,  120 ,  0.09 ,  33.50 ,  33.50 ,  210.00 ,,NO,SI
,109,  873 ,  203 ,  0.0002 ,  0.0015 ,  0.0294 ,  6 ,  120 ,  0.09 ,  33.50 ,  33.50 ,  210.00 ,,NO,SI
,110,"  1,514 ",  291 ,  0.0002 ,  0.0015 ,  0.0294 ,  6 ,  120 ,  -   ,  -   ,  -   ,  -   ,,NO,SI
,111,  695 ,  142 ,  0.0003 ,  0.0019 ,  0.0310 ,  6 ,  96 ,  0.13 ,  35.43 ,  35.43 ,  216.00 ,,NO,SI
,112,  59 ,  11 ,  0.0160 ,  -   ,  0.0160 ,  -   ,  1 ,  -   ,  -   ,  -   ,  -   ,,NO,SI
,113,"  1,439 ",  245 ,  0.0008 ,  0.0076 ,  0.0458 ,  10 ,  60 ,  0.40 ,  27.00 ,  110.00 ,  250.00 ,,NO,SI
,114,  51 ,  8 ,  0.0001 ,  -   ,  0.0060 ,  -   ,  50 ,  0.37 ,  25.00 ,  70.00 ,  50.00 ,,NO,SI
,115,  58 ,  8 ,  0.0001 ,  -   ,  0.0060 ,  -   ,  50 ,  0.32 ,  30.00 ,  55.00 ,  45.00 ,,NO,SI
,116,  50 ,  4 ,  0.0001 ,  -   ,  0.0060 ,  -   ,  50 ,  0.25 ,  30.00 ,  45.00 ,  40.00 ,,NO,SI
,117,  30 ,  6 ,  0.0001 ,  -   ,  0.0060 ,  -   ,  50 ,  0.21 ,  32.00 ,  45.00 ,  39.00 ,,NO,SI
,118,  24 ,  2 ,  0.0001 ,  -   ,  0.0060 ,  -   ,  50 ,  0.18 ,  35.00 ,  45.00 ,  40.00 ,,NO,SI
,119,"  1,122 ",  209 ,  0.0004 ,  -   ,  0.0388 ,  -   ,  100 ,  0.14 ,  14.30 ,  110.00 ,  150.00 ,,NO,SI
,120,  631 ,  105 ,  0.0022 ,  -   ,  0.0431 ,  -   ,  20 ,  1.54 ,  30.00 ,  135.00 ,  475.00 ,,NO,SI
,121,  609 ,  99 ,  0.0034 ,  -   ,  0.0340 ,  -   ,  10 ,  2.40 ,  34.07 ,  155.00 ,  630.00 ,,NO,SI
,5160,  16 ,  -   ,  0.0033 , #VALUE!,  0.0332 , -,  10 ,  2.40 ,  34.10 ,  155.00 ,  630.00 ,,NO,SI
,122,  133 ,  25 ,  0.0069 ,  -   ,  0.0344 ,  -   ,  5 ,  5.48 ,  45.00 ,  190.00 ,  930.00 ,,NO,SI
,123,  636 ,  97 ,  0.0027 ,  -   ,  0.0544 ,  -   ,  20 ,  1.02 ,  60.00 ,  117.00 ,  325.00 ,,NO,SI
,124,"  1,068 ",  190 ,  0.0011 ,  0.0136 ,  0.0543 ,  12 ,  48 ,  0.39 ,  35.00 ,  105.00 ,  315.00 ,,NO,SI
,125,  957 ,  150 ,  0.0011 ,  0.0137 ,  0.0546 ,  12 ,  48 ,  0.39 ,  35.00 ,  105.00 ,  315.00 ,,NO,SI
,126,"  4,308 ",  643 ,  0.0011 ,  0.0136 ,  0.0543 ,  12 ,  48 ,  0.39 ,  35.00 ,  105.00 ,  315.00 ,,NO,SI
,127,  975 ,  679 ,  0.0008 ,  0.0202 ,  0.0806 ,  25 ,  100 ,  0.24 ,  26.00 ,  100.00 ,  295.00 ,,NO,SI
,5161,"  2,972 ",  -   ,  0.0008 ,  0.0192 ,  0.0767 ,  25 ,  100 ,  0.24 ,  26.00 ,  100.00 ,  295.00 ,,NO,SI
,128,  202 ,  29 ,  0.0026 ,  -   ,  0.0315 ,  -   ,  12 ,  1.15 ,  73.04 ,  105.00 ,  260.00 ,,NO,SI
,129,"  1,137 ",  170 ,  0.0039 ,  -   ,  0.0389 ,  -   ,  10 ,  -   ,  -   ,  -   ,  -   ,,NO,SI
,130,  802 ,  121 ,  0.0044 ,  -   ,  0.0438 ,  -   ,  10 ,  0.65 ,  55.00 ,  140.00 ,  240.00 ,,NO,SI
,131,"  1,091 ",  170 ,  0.0015 ,  -   ,  0.0292 ,  -   ,  20 ,  0.45 ,  70.00 ,  70.00 ,  260.00 ,,NO,SI
,132,  223 ,  70 ,  0.0042 ,  -   ,  0.0504 ,  -   ,  12 ,  -   ,  -   ,  -   ,  -   ,,NO,SI
,5162,  172 ,  -   ,  0.0074 , #VALUE!,  0.0886 , -,  12 ,  1.35 ,  35.00 ,  285.00 ,  740.00 ,,NO,SI
,133,  918 ,  146 ,  0.0000 ,  -   ,  0.0270 ,  -   ,"  1,000 ",  0.02 ,  12.80 ,  32.75 ,  55.85 ,,NO,SI
,134,"  6,183 ",  988 ,  0.0001 ,  0.0053 ,  0.0265 ,  100 ,  500 ,  0.04 ,  17.15 ,  40.40 ,  79.35 ,,NO,SI
,135,"  1,214 ",  184 ,  0.0001 ,  0.0018 ,  0.0267 ,  20 ,  300 ,  0.07 ,  21.83 ,  44.50 ,  84.84 ,,NO,SI
,136,"  7,090 ","  1,086 ",  0.0003 ,  0.0084 ,  0.0168 ,  25 ,  50 ,  0.30 ,  4.53 ,  200.00 ,  242.00 ,,NO,SI
,137,"  6,361 ","  1,000 ",  0.0003 ,  0.0084 ,  0.0168 ,  25 ,  50 ,  0.30 ,  5.00 ,  200.00 ,  245.00 ,,NO,SI
,138,  971 ,  193 ,  0.0011 ,  -   ,  0.0535 ,  -   ,  50 ,  0.38 ,  27.50 ,  309.00 ,  105.00 ,,NO,SI
,139,  275 ,  50 ,  0.0011 ,  -   ,  0.0550 ,  -   ,  50 ,  0.45 ,  31.00 ,  85.00 ,  185.00 ,,NO,SI
,140,  127 ,  31 ,  0.0040 ,  -   ,  0.2000 ,  -   ,  50 ,  0.24 ,  37.50 ,  73.00 ,  130.00 ,,NO,SI
,141,"  4,285 ",  763 ,  0.0001 ,  0.0007 ,  0.0293 ,  6 ,  240 ,  0.03 ,  14.30 ,  45.00 ,  190.00 ,,NO,SI
,142,  601 ,  109 ,  0.0002 ,  0.0042 ,  0.0168 ,  25 ,  100 ,  0.16 ,  6.50 ,  152.00 ,  220.00 ,,NO,SI
,143,  773 ,  135 ,  0.0002 ,  0.0043 ,  0.0340 ,  25 ,  200 ,  0.07 ,  16.45 ,  100.00 ,  135.00 ,,NO,SI
,144,  979 ,  155 ,  0.0001 ,  0.0008 ,  0.0076 ,  10 ,  100 ,  0.08 ,  25.00 ,  25.00 ,  78.50 ,,NO,SI
,145,"  1,017 ",  180 ,  0.0001 ,  0.0008 ,  0.0076 ,  10 ,  100 ,  0.09 ,  24.83 ,  24.83 ,  78.00 ,,NO,SI
,146,  557 ,  93 ,  0.0001 ,  0.0008 ,  0.0076 ,  10 ,  100 ,  0.10 ,  25.00 ,  25.00 ,  79.00 ,,NO,SI
,147,  645 ,  110 ,  0.0001 ,  0.0008 ,  0.0076 ,  10 ,  100 ,  0.10 ,  25.00 ,  25.00 ,  79.00 ,,NO,SI
,148,  730 ,  94 ,  0.0001 ,  0.0008 ,  0.0076 ,  10 ,  100 ,  0.12 ,  25.00 ,  25.00 ,  79.00 ,,NO,SI
,149,  332 ,  65 ,  0.0001 ,  0.0008 ,  0.0076 ,  10 ,  100 ,  0.13 ,  25.00 ,  25.00 ,  77.50 ,,NO,SI
,150,  311 ,  52 ,  0.0001 ,  0.0008 ,  0.0076 ,  10 ,  100 ,  0.14 ,  25.00 ,  25.00 ,  78.50 ,,NO,SI
,151,  313 ,  42 ,  0.0051 ,  -   ,  0.0254 ,  -   ,  5 ,  3.90 ,  35.61 ,  785.00 ,  175.00 ,,NO,SI
,152,"  1,673 ",  313 ,  0.0009 ,  -   ,  0.0214 ,  -   ,  25 ,  0.72 ,  45.00 ,  75.00 ,  195.00 ,,NO,SI
,153,"  1,639 ",  346 ,  0.0035 ,  -   ,  0.0696 ,  -   ,  20 ,  1.14 ,  50.25 ,  195.00 ,  225.00 ,,NO,SI
,154,  409 ,  79 ,  0.0009 ,  -   ,  0.0189 ,  -   ,  20 ,"  1,224.00 ",  49.00 ,  59.00 ,  278.00 ,,NO,SI
,155,  60 ,  12 ,  0.0054 ,  -   ,  0.0538 ,  -   ,  10 ,  2.64 ,  52.62 ,  205.00 ,  345.00 ,,NO,SI
,156,  175 ,  33 ,  0.0024 ,  -   ,  0.0244 ,  -   ,  10 ,"  1,727.00 ",  53.00 ,  105.00 ,  231.00 ,,NO,SI
,157,  365 ,  64 ,  0.0100 ,  -   ,  0.0399 ,  -   ,  4 ,  -   ,  105.00 ,  275.00 ,  290.00 ,,NO,SI
,158,  19 ,  3 ,  0.0004 ,  -   ,  0.0078 ,  -   ,  20 ,  0.57 ,  30.00 ,  150.00 ,  80.00 ,,NO,SI
,159,  28 ,  6 ,  0.0005 ,  -   ,  0.0095 ,  -   ,  20 ,  -   ,  -   ,  -   ,  -   ,,NO,SI
,160,  11 ,  4 ,  0.0012 ,  -   ,  0.0230 ,  -   ,  20 ,  1.41 ,  50.00 ,  170.00 ,  135.00 ,,NO,SI
,161,  16 ,  3 ,  0.0011 ,  -   ,  0.0110 ,  -   ,  10 ,  1.90 ,  50.00 ,  170.00 ,  135.00 ,,NO,SI
,162,  2 ,  331 ,  0.0031 ,  -   ,  0.0371 ,  -   ,  12 ,  0.69 ,  29.50 ,  425.00 ,  127.00 ,,NO,SI
,5163,"  1,786 ",  -   ,  0.0016 , #VALUE!,  0.0191 , -,  12 ,  0.69 ,  29.50 ,  425.00 ,  127.00 ,,NO,SI
,163,"  3,152 ",  466 ,  0.0001 ,  0.0045 ,  0.0225 ,  50 ,  250 ,  0.06 ,  17.32 ,  17.73 ,  230.00 ,,NO,SI
,164,"  2,555 ",  405 ,  0.0001 ,  0.0045 ,  0.0180 ,  50 ,  200 ,  0.09 ,  17.35 ,  17.81 ,  230.00 ,,NO,SI
,165,"  1,245 ",  191 ,  0.0001 ,  0.0047 ,  0.0188 ,  50 ,  200 ,  0.12 ,  17.54 ,  18.19 ,  230.00 ,,NO,SI
,166,  683 ,  59 ,  0.0001 ,  0.0074 ,  0.0147 ,  50 ,  100 ,  0.14 ,  22.00 ,  22.00 ,  230.00 ,,NO,SI
,167,  352 ,  50 ,  0.0001 ,  0.0074 ,  0.0147 ,  50 ,  100 ,  0.18 ,  22.50 ,  22.50 ,  230.00 ,,NO,SI
,168,  252 ,  30 ,  0.0002 ,  0.0117 ,  0.0234 ,  50 ,  100 ,  0.20 ,  30.36 ,  30.36 ,  230.00 ,,NO,SI
,169,  200 ,  29 ,  0.0003 ,  0.0125 ,  0.0250 ,  50 ,  100 ,  0.22 ,  31.00 ,  31.00 ,  215.00 ,,NO,SI
,170,  90 ,  12 ,  0.0003 ,  0.0125 ,  0.0250 ,  50 ,  100 ,  0.25 ,  27.00 ,  27.00 ,  225.00 ,,NO,SI
,171,  80 ,  16 ,  0.0003 ,  0.0069 ,  0.0138 ,  25 ,  50 ,  -   ,  -   ,  -   ,  -   ,,NO,SI
,172,  57 ,  9 ,  0.0005 ,  0.0125 ,  0.0250 ,  25 ,  50 ,  0.34 ,  30.00 ,  30.00 ,  210.00 ,,NO,SI
,173,  43 ,  6 ,  0.0004 ,  0.0112 ,  0.0224 ,  25 ,  50 ,  0.34 ,  40.50 ,  40.50 ,  225.00 ,,NO,SI
,174,  35 ,  8 ,  0.0005 ,  0.0137 ,  0.0275 ,  25 ,  50 ,  0.47 ,  41.00 ,  41.00 ,  230.00 ,,NO,SI
,175,  55 ,  5 ,  0.0005 ,  0.0137 ,  0.0275 ,  25 ,  50 ,  0.47 ,  41.00 ,  41.00 ,  230.00 ,,NO,SI
,176,"  4,641 ",  722 ,  0.0001 ,  0.0064 ,  0.0508 ,  50 ,  400 ,  0.06 ,  20.00 ,  65.00 ,  160.00 ,,NO,SI
,177,  359 ,  122 ,  0.0019 ,  -   ,  0.1132 ,  -   ,  60 ,  0.31 ,  105.00 ,  130.00 ,  115.00 ,,NO,SI
,5164,  394 ,  -   ,  0.0016 , #VALUE!,  0.0941 , -,  60 ,  0.31 ,  105.00 ,  130.00 ,  115.00 ,,NO,SI
,178,"  1,187 ",  166 ,  0.0003 ,  -   ,  0.0149 ,  -   ,  50 ,  0.23 ,  55.00 ,  55.00 ,  85.00 ,,NO,SI
,179,"  1,186 ",  169 ,  0.0003 ,  0.0156 ,  0.0312 ,  50 ,  100 ,  0.17 ,  22.50 ,  22.50 ,  485.00 ,,NO,SI
,180,  841 ,  130 ,  0.0004 ,  0.0093 ,  0.0186 ,  25 ,  50 ,  0.26 ,  22.00 ,  22.00 ,  485.00 ,,NO,SI
,181,  399 ,  66 ,  0.0004 ,  0.0093 ,  0.0186 ,  25 ,  50 ,  0.29 ,  22.22 ,  22.22 ,  485.00 ,,NO,SI
,182,  211 ,  36 ,  0.0004 ,  0.0091 ,  0.0182 ,  25 ,  50 ,  0.35 ,  22.50 ,  22.50 ,  485.00 ,,NO,SI
,183,  173 ,  49 ,  0.0006 ,  0.0158 ,  0.0317 ,  25 ,  50 ,  -   ,  -   ,  -   ,  -   ,,NO,SI
,184,  295 ,  47 ,  0.0006 ,  0.0150 ,  0.0300 ,  25 ,  50 ,  0.50 ,  31.30 ,  31.30 ,  485.00 ,,NO,SI
,185,  139 ,  20 ,  0.0006 ,  -   ,  0.0159 ,  -   ,  25 ,  0.59 ,  31.50 ,  31.50 ,  485.00 ,,NO,SI
,186,  45 ,  7 ,  0.0011 ,  -   ,  0.0263 ,  -   ,  25 ,  0.94 ,  41.90 ,  41.90 ,  485.00 ,,NO,SI
,187,  34 ,  4 ,  0.0011 ,  0.0106 ,  0.0212 ,  10 ,  20 ,  1.10 ,  41.38 ,  41.38 ,  485.00 ,,NO,SI
,188,  36 ,  6 ,  0.0013 ,  -   ,  0.0134 ,  -   ,  10 ,  1.27 ,  41.50 ,  41.50 ,  500.00 ,,NO,SI
,189,"  1,345 ",  218 ,  0.0006 ,  0.0038 ,  0.0305 ,  6 ,  48 ,  0.49 ,  24.00 ,  90.00 ,  290.00 ,,NO,SI
,190,  230 ,  26 ,  0.0049 ,  -   ,  0.0195 ,  -   ,  4 ,  1.43 ,  45.00 ,  275.00 ,  200.00 ,,NO,SI
,191,  86 ,  20 ,  0.0002 ,  -   ,  0.0230 ,  -   ,  100 ,  0.07 ,  13.50 ,  100.00 ,  150.00 ,,NO,SI
,192,"  7,305 ","  1,242 ",  0.0001 ,  -   ,  0.0128 ,  -   ,  100 ,  0.23 ,  13.00 ,  50.00 ,  330.00 ,,NO,SI
,193,"  6,527 ",  891 ,  0.0001 ,  -   ,  0.0128 ,  -   ,  100 ,  0.22 ,  13.00 ,  45.00 ,  330.00 ,,NO,SI
,194,  385 ,  63 ,  0.0004 ,  0.0084 ,  0.0418 ,  20 ,  100 ,  0.09 ,  35.45 ,  75.00 ,  115.00 ,,NO,SI
,195,"  2,234 ",  348 ,  0.0003 ,  0.0034 ,  0.0340 ,  12 ,  120 ,  0.11 ,  23.00 ,  45.00 ,  180.00 ,,NO,SI
,196,  332 ,  67 ,  0.0005 ,  -   ,  0.0325 ,  -   ,  60 ,  0.24 ,  32.30 ,  110.00 ,  130.00 ,,NO,SI
,197,  568 ,  94 ,  0.0008 ,  -   ,  0.0495 ,  -   ,  60 ,  0.31 ,  31.50 ,  135.00 ,  165.00 ,,NO,SI
,198,"  1,575 ",  271 ,  0.0015 ,  -   ,  0.0594 ,  -   ,  40 ,  0.62 ,  45.00 ,  160.00 ,  190.00 ,,NO,SI
,199,  885 ,  159 ,  0.0021 ,  -   ,  0.0421 ,  -   ,  20 ,  0.82 ,  43.63 ,  185.00 ,  212.00 ,,NO,SI
,200,  485 ,  85 ,  0.0024 ,  -   ,  0.0481 ,  -   ,  20 ,  1.03 ,  40.00 ,  210.00 ,  240.00 ,,NO,SI
,201,"  3,821 ",  666 ,  0.0004 ,  -   ,  0.0353 ,  -   ,  80 ,  -   ,  -   ,  -   ,  -   ,,NO,SI
,202,"  4,155 ",  540 ,  0.0011 ,  -   ,  0.0440 ,  -   ,  40 ,  0.38 ,  80.00 ,  100.00 ,  105.00 ,,NO,SI
,203,"  2,384 ",  398 ,  0.0008 ,  -   ,  0.0396 ,  -   ,  50 ,  0.24 ,  45.00 ,  115.00 ,  135.00 ,,NO,SI
,204,  234 ,  24 ,  0.0011 ,  -   ,  0.0328 ,  -   ,  30 ,  -   ,  -   ,  -   ,  -   ,,NO,SI
,205,"  1,117 ",  185 ,  0.0004 ,  0.0044 ,  0.0437 ,  10 ,  100 ,  0.16 ,  23.28 ,  80.00 ,  235.00 ,,NO,SI
,206,"  1,826 ",  305 ,  0.0004 ,  0.0044 ,  0.0437 ,  10 ,  100 ,  0.16 ,  12.00 ,  80.00 ,  240.00 ,,NO,SI
,207,  986 ,  170 ,  0.0004 ,  0.0044 ,  0.0437 ,  10 ,  100 ,  0.15 ,  23.00 ,  80.00 ,  240.00 ,,NO,SI
,208,"  1,819 ",  293 ,  0.0004 ,  0.0044 ,  0.0437 ,  10 ,  100 ,  0.15 ,  17.00 ,  80.00 ,  235.00 ,,NO,SI
,209,  385 ,  67 ,  0.0009 ,  0.0047 ,  0.0376 ,  5 ,  40 ,  0.30 ,  28.00 ,  110.00 ,  200.00 ,,NO,SI
,210,"  4,369 ",  798 ,  0.0011 ,  0.0111 ,  0.0445 ,  10 ,  40 ,  0.39 ,  23.20 ,  420.00 ,  175.00 ,,NO,SI
,211,"  5,611 ",  791 ,  0.0009 ,  0.0184 ,  0.0368 ,  20 ,  40 ,  0.17 ,  30.00 ,  90.00 ,  365.00 ,,NO,SI
,212,"  3,006 ",  558 ,  0.0014 ,  0.0141 ,  0.0565 ,  10 ,  40 ,  0.36 ,  27.16 ,  140.00 ,  555.00 ,,NO,SI
,213,"  2,462 ",  454 ,  0.0015 ,  0.0154 ,  0.0615 ,  10 ,  40 ,  -   ,  -   ,  -   ,  -   ,,NO,SI
,214,"  1,353 ",  208 ,  0.0017 ,  0.0166 ,  0.0664 ,  10 ,  40 ,  0.44 ,  29.00 ,  140.00 ,  660.00 ,,NO,SI
,215,  419 ,  191 ,  0.0008 ,  -   ,  0.0335 ,  -   ,  40 ,  0.60 ,  72.00 ,  95.00 ,  92.00 ,,NO,SI
,5165,  910 ,  -   ,  0.0006 , #VALUE!,  0.0252 , -,  40 ,  0.60 ,  72.00 ,  95.00 ,  92.00 ,,NO,SI
,216,  285 ,  51 ,  0.0020 ,  -   ,  0.0605 ,  -   ,  30 ,  0.69 ,  30.00 ,  126.00 ,  425.00 ,,NO,SI
,217,"  3,113 ",  537 ,  0.0001 ,  0.0068 ,  0.0136 ,  100 ,  200 ,  0.09 ,  10.20 ,  40.00 ,  280.00 ,,NO,SI
,218,"  1,118 ",  185 ,  0.0001 ,  0.0093 ,  0.0186 ,  100 ,  200 ,  0.14 ,  10.18 ,  40.00 ,  375.00 ,,NO,SI
,219,  876 ,  144 ,  0.0001 ,  0.0051 ,  0.0102 ,  50 ,  100 ,  0.13 ,  10.50 ,  40.00 ,  280.00 ,,NO,SI
,220,"  1,212 ",  166 ,  0.0001 ,  0.0056 ,  0.0111 ,  75 ,  150 ,  0.18 ,  13.35 ,  40.00 ,  330.00 ,,NO,SI
,221,  444 ,  85 ,  0.0002 ,  0.0088 ,  0.0175 ,  50 ,  100 ,  0.22 ,  15.50 ,  40.00 ,  320.00 ,,NO,SI
,222,  350 ,  56 ,  0.0003 ,  -   ,  0.0141 ,  -   ,  50 ,  0.46 ,  16.50 ,  40.00 ,  530.00 ,,NO,SI
,223,  310 ,  52 ,  0.0002 ,  -   ,  0.0101 ,  -   ,  50 ,  0.32 ,  18.50 ,  40.00 ,  330.00 ,,NO,SI
,224,"  2,278 ",  452 ,  0.0005 ,  0.0055 ,  0.0551 ,  12 ,  120 ,  0.09 ,  41.00 ,  90.00 ,  60.00 ,,NO,SI
,225,"  3,247 ",  503 ,  0.0003 ,  0.0035 ,  0.0350 ,  12 ,  120 ,  0.03 ,  22.00 ,  80.00 ,  130.00 ,,NO,SI
,226,"  3,969 ",  581 ,  0.0003 ,  0.0035 ,  0.0350 ,  12 ,  120 ,  0.05 ,  22.50 ,  80.00 ,  130.00 ,,NO,SI
,227,"  6,633 ",  812 ,  0.0003 ,  0.0039 ,  0.0395 ,  12 ,  120 ,  -   ,  -   ,  -   ,  -   ,,NO,SI
,228,"  4,896 ",  674 ,  0.0008 ,  -   ,  0.0396 ,  -   ,  50 ,  0.18 ,  45.00 ,  110.00 ,  135.00 ,,NO,SI
,229,"  1,481 ",  227 ,  0.0007 ,  0.0082 ,  0.0823 ,  12 ,  120 ,  0.15 ,  26.50 ,  130.00 ,  165.00 ,,NO,SI
,230,"  1,820 ",  311 ,  0.0001 ,  0.0010 ,  0.0102 ,  10 ,  100 ,  0.17 ,  24.80 ,  24.80 ,  76.20 ,,NO,SI
,231,"  1,801 ",  220 ,  0.0001 ,  -   ,  0.0058 ,  -   ,  50 ,  0.20 ,  35.00 ,  35.00 ,  80.00 ,,NO,SI
,232,  875 ,  132 ,  0.0001 ,  -   ,  0.0067 ,  -   ,  50 ,  0.24 ,  35.50 ,  35.00 ,  80.00 ,,NO,SI
,233,  395 ,  42 ,  0.0001 ,  -   ,  0.0063 ,  -   ,  50 ,  0.28 ,  34.22 ,  35.15 ,  80.57 ,,NO,SI
,234,"  2,177 ",  339 ,  0.0000 ,  0.0008 ,  0.0084 ,  20 ,  200 ,  0.05 ,  21.90 ,  21.90 ,  38.30 ,,NO,SI
,235,"  2,431 ",  331 ,  0.0000 ,  0.0008 ,  0.0084 ,  20 ,  200 ,  0.05 ,  21.95 ,  21.95 ,  37.90 ,,NO,SI
,236,"  4,578 ",  682 ,  0.0000 ,  0.0008 ,  0.0084 ,  20 ,  200 ,  0.05 ,  21.90 ,  21.90 ,  38.35 ,,NO,SI
,237,"  2,058 ",  312 ,  0.0000 ,  0.0008 ,  0.0084 ,  20 ,  200 ,  0.05 ,  22.00 ,  22.00 ,  38.32 ,,NO,SI
,238,"  2,535 ",  416 ,  0.0000 ,  0.0008 ,  0.0084 ,  20 ,  200 ,  0.05 ,  21.91 ,  21.91 ,  38.00 ,,NO,SI
,239,"  3,259 ",  560 ,  0.0000 ,  0.0008 ,  0.0084 ,  20 ,  200 ,  0.05 ,  22.00 ,  22.00 ,  38.16 ,,NO,SI
,240,"  2,855 ",  507 ,  0.0000 ,  0.0008 ,  0.0084 ,  20 ,  200 ,  0.06 ,  22.03 ,  22.03 ,  38.07 ,,NO,SI
,241,"  2,105 ",  376 ,  0.0000 ,  0.0008 ,  0.0084 ,  20 ,  200 ,  0.05 ,  22.06 ,  22.06 ,  38.10 ,,NO,SI
,242,"  1,925 ",  317 ,  0.0000 ,  0.0008 ,  0.0084 ,  20 ,  200 ,  0.45 ,  22.01 ,  22.01 ,  38.05 ,,NO,SI
,243,"  2,823 ",  484 ,  0.0001 ,  0.0010 ,  0.0102 ,  20 ,  200 ,  0.06 ,  24.00 ,  24.00 ,  38.20 ,,NO,SI
,244,"  2,362 ",  374 ,  0.0001 ,  0.0010 ,  0.0102 ,  20 ,  200 ,  0.07 ,  25.85 ,  25.85 ,  38.10 ,,NO,SI
,245,"  3,893 ",  575 ,  0.0001 ,  0.0010 ,  0.0102 ,  20 ,  200 ,  0.06 ,  95.50 ,  95.50 ,  38.09 ,,NO,SI
,246,"  1,154 ",  150 ,  0.0001 ,  0.0013 ,  0.0065 ,  20 ,  100 ,  0.08 ,  28.04 ,  28.04 ,  38.34 ,,NO,SI
,247,"  2,169 ",  309 ,  0.0001 ,  0.0021 ,  0.0103 ,  20 ,  100 ,  0.07 ,  27.87 ,  27.87 ,  38.15 ,,NO,SI
,248,"  1,245 ",  247 ,  0.0001 ,  0.0018 ,  0.0091 ,  20 ,  100 ,  0.09 ,  29.90 ,  29.90 ,  38.17 ,,NO,SI
,249,  616 ,  96 ,  0.0001 ,  0.0021 ,  0.0103 ,  20 ,  100 ,  0.11 ,  32.00 ,  32.00 ,  38.50 ,,NO,SI
,250,"  2,508 ",  260 ,  0.0001 ,  0.0021 ,  0.0103 ,  20 ,  100 ,  -   ,  -   ,  -   ,  -   ,,NO,SI
,251,  546 ,  87 ,  0.0002 ,  0.0016 ,  0.0155 ,  10 ,  100 ,  0.14 ,  34.50 ,  34.50 ,  42.50 ,,NO,SI
,252,  526 ,  77 ,  0.0002 ,  0.0016 ,  0.0155 ,  10 ,  100 ,  0.13 ,  34.00 ,  34.00 ,  42.50 ,,NO,SI
,253,  991 ,  151 ,  0.0001 ,  0.0013 ,  0.0126 ,  10 ,  100 ,  0.16 ,  35.91 ,  35.91 ,  42.16 ,,NO,SI
,254,  749 ,  109 ,  0.0001 ,  0.0013 ,  0.0126 ,  10 ,  100 ,  0.17 ,  37.84 ,  37.84 ,  41.73 ,,NO,SI
,255,  528 ,  80 ,  0.0002 ,  0.0021 ,  0.0213 ,  10 ,  100 ,  0.18 ,  38.00 ,  38.00 ,  42.50 ,,NO,SI
,256,"  3,685 ",  472 ,  0.0001 ,  0.0013 ,  0.0126 ,  10 ,  100 ,  0.47 ,  40.20 ,  40.20 ,  44.10 ,,NO,SI
,257,"  1,776 ",  251 ,  0.0001 ,  0.0014 ,  0.0143 ,  10 ,  100 ,  0.49 ,  41.84 ,  41.84 ,  44.16 ,,NO,SI
,258,  338 ,  62 ,  0.0000 ,  0.0008 ,  0.0084 ,  20 ,  200 ,  0.05 ,  22.50 ,  22.50 ,  38.50 ,,NO,SI
,259,"  1,053 ",  171 ,  0.0001 ,  0.0014 ,  0.0138 ,  20 ,  200 ,  0.05 ,  21.94 ,  21.94 ,  38.34 ,,NO,SI
,260,"  1,005 ",  161 ,  0.0001 ,  0.0014 ,  0.0138 ,  20 ,  200 ,  0.05 ,  21.70 ,  21.70 ,  38.30 ,,NO,SI
,261,  696 ,  144 ,  0.0000 ,  0.0008 ,  0.0084 ,  20 ,  200 ,  0.06 ,  22.00 ,  22.00 ,  38.20 ,,NO,SI
,262,  414 ,  77 ,  0.0001 ,  0.0014 ,  0.0138 ,  20 ,  200 ,  0.05 ,  22.00 ,  22.00 ,  38.50 ,,NO,SI
,263,  333 ,  74 ,  0.0001 ,  0.0010 ,  0.0100 ,  20 ,  200 ,  0.06 ,  24.00 ,  24.00 ,  38.50 ,,NO,SI
,264,  765 ,  110 ,  0.0001 ,  0.0014 ,  0.0138 ,  20 ,  200 ,  0.06 ,  26.00 ,  26.00 ,  38.50 ,,NO,SI
,265,  345 ,  53 ,  0.0001 ,  0.0007 ,  0.0065 ,  10 ,  100 ,  0.07 ,  28.00 ,  28.00 ,  38.50 ,,NO,SI
,266,  358 ,  44 ,  0.0001 ,  0.0011 ,  0.0210 ,  10 ,  200 ,  0.09 ,  29.93 ,  29.93 ,  30.21 ,,NO,SI
,267,  231 ,  39 ,  0.0001 ,  0.0011 ,  0.0105 ,  10 ,  100 ,  0.11 ,  32.00 ,  32.00 ,  38.50 ,,NO,SI
,268,  194 ,  40 ,  0.0001 ,  0.0013 ,  0.0126 ,  10 ,  100 ,  0.14 ,  33.81 ,  33.81 ,  30.32 ,,NO,SI
,269,  154 ,  35 ,  0.0001 ,  0.0013 ,  0.0126 ,  10 ,  100 ,  0.16 ,  37.93 ,  37.93 ,  30.20 ,,NO,SI
,270,  179 ,  33 ,  0.0002 ,  0.0021 ,  0.0213 ,  10 ,  100 ,  0.18 ,  39.96 ,  39.96 ,  30.03 ,,NO,SI
,271,  154 ,  29 ,  0.0002 ,  0.0021 ,  0.0213 ,  10 ,  100 ,  0.23 ,  41.78 ,  41.78 ,  44.47 ,,NO,SI
,272,"  1,919 ",  385 ,  0.0012 ,  0.0072 ,  0.0290 ,  6 ,  24 ,  -   ,  -   ,  -   ,  -   ,,NO,SI
,273,"  1,329 ",  249 ,  0.0013 ,  0.0075 ,  0.0375 ,  6 ,  30 ,  0.72 ,  46.50 ,  50.50 ,  280.00 ,,NO,SI
,274,"  4,761 ",  838 ,  0.0000 ,  0.0080 ,  0.0160 ,  500 ,"  1,000 ",  0.02 ,  9.15 ,  16.30 ,  95.58 ,,NO,SI
,275,"  10,973 ","  1,781 ",  0.0000 ,  0.0080 ,  0.0160 ,  500 ,"  1,000 ",  0.48 ,  23.60 ,  56.08 ,  330.00 ,,NO,SI
,276,"  17,636 ","  2,913 ",  0.0000 ,  0.0080 ,  0.0160 ,  500 ,"  1,000 ",  0.03 ,  10.00 ,  20.75 ,  115.70 ,,NO,SI
,277,"  7,433 ","  1,103 ",  0.0000 ,  0.0081 ,  0.0162 ,  300 ,  600 ,  -   ,  -   ,  -   ,  -   ,,NO,SI
,278,"  30,041 ","  4,652 ",  0.0000 ,  0.0080 ,  0.0160 ,  250 ,  500 ,  0.03 ,  10.60 ,  22.30 ,  120.00 ,,NO,SI
,279,"  18,229 ","  2,973 ",  0.0000 ,  0.0080 ,  0.0160 ,  200 ,  400 ,  0.05 ,  11.45 ,  24.40 ,  140.66 ,,NO,SI
,280,"  10,388 ","  1,679 ",  0.0001 ,  0.0080 ,  0.0159 ,  150 ,  300 ,  0.06 ,  13.60 ,  26.40 ,  155.00 ,,NO,SI
,281,"  24,366 ","  3,694 ",  0.0001 ,  0.0080 ,  0.0160 ,  125 ,  250 ,  0.08 ,  13.46 ,  29.20 ,  165.00 ,,NO,SI
,282,"  12,465 ","  2,050 ",  0.0001 ,  0.0080 ,  0.0160 ,  100 ,  200 ,  0.10 ,  15.42 ,  31.82 ,  180.00 ,,NO,SI
,283,"  10,032 ","  1,659 ",  0.0001 ,  0.0080 ,  0.0160 ,  100 ,  200 ,  0.10 ,  15.55 ,  33.63 ,  190.00 ,,NO,SI
,284,"  10,655 ","  1,336 ",  0.0001 ,  0.0080 ,  0.0160 ,  80 ,  160 ,  0.12 ,  18.60 ,  35.80 ,  205.00 ,,NO,SI
,285,"  10,831 ","  1,847 ",  0.0001 ,  0.0080 ,  0.0161 ,  60 ,  120 ,  0.15 ,  18.15 ,  37.78 ,  217.78 ,,NO,SI
,286,"  6,451 ","  1,104 ",  0.0002 ,  0.0080 ,  0.0160 ,  50 ,  100 ,  0.18 ,  17.74 ,  39.09 ,  230.00 ,,NO,SI
,287,"  2,779 ",  469 ,  0.0002 ,  0.0080 ,  0.0160 ,  40 ,  80 ,  0.22 ,  21.70 ,  44.88 ,  255.00 ,,NO,SI
,288,"  4,990 ",  587 ,  0.0002 ,  0.0080 ,  0.0160 ,  40 ,  80 ,  0.36 ,  19.77 ,  46.44 ,  265.00 ,,NO,SI
,289,"  2,276 ",  373 ,  0.0003 ,  0.0080 ,  0.0160 ,  30 ,  60 ,  0.33 ,  22.27 ,  49.55 ,  290.00 ,,NO,SI
,290,"  1,185 ",  209 ,  0.0004 ,  0.0080 ,  0.0160 ,  20 ,  40 ,  0.45 ,  27.55 ,  56.20 ,  330.00 ,,NO,SI
,291,"  2,351 ",  410 ,  0.0004 ,  0.0080 ,  0.0160 ,  20 ,  40 ,  0.50 ,  27.60 ,  58.85 ,  350.00 ,,NO,SI
,292,"  1,667 ",  280 ,  0.0005 ,  0.0080 ,  0.0160 ,  15 ,  30 ,  0.55 ,  26.00 ,  60.53 ,  355.00 ,,NO,SI
,293,"  1,126 ",  190 ,  0.0005 ,  0.0080 ,  0.0160 ,  15 ,  30 ,  0.67 ,  27.00 ,  64.11 ,  380.00 ,,NO,SI
,294,"  1,682 ",  335 ,  0.0000 ,  0.0080 ,  0.0160 ,  500 ,"  1,000 ",  0.02 ,  8.00 ,  14.22 ,  90.52 ,,NO,SI
,295,"  4,268 ",  704 ,  0.0000 ,  0.0080 ,  0.0160 ,  250 ,  500 ,  0.04 ,  11.70 ,  22.34 ,  125.72 ,,NO,SI
,296,"  3,551 ",  574 ,  0.0000 ,  0.0080 ,  0.0160 ,  200 ,  400 ,  -   ,  -   ,  -   ,  -   ,,NO,SI
,297,"  5,229 ",  936 ,  0.0001 ,  0.0080 ,  0.0160 ,  125 ,  250 ,  0.08 ,  14.02 ,  29.40 ,  165.00 ,,NO,SI
,298,"  4,308 ",  754 ,  0.0001 ,  0.0080 ,  0.0160 ,  100 ,  200 ,  0.09 ,  14.42 ,  31.90 ,  180.00 ,,NO,SI
,299,"  1,444 ",  291 ,  0.0001 ,  0.0080 ,  0.0160 ,  100 ,  200 ,  0.15 ,  17.23 ,  37.96 ,  215.00 ,,NO,SI
,300,  687 ,  160 ,  0.0004 ,  0.0080 ,  0.0160 ,  20 ,  40 ,  0.25 ,  21.00 ,  46.53 ,  265.00 ,,NO,SI
,301,  541 ,  115 ,  0.0004 ,  0.0080 ,  0.0160 ,  20 ,  40 ,  -   ,  -   ,  -   ,  -   ,,NO,SI
,302,"  1,892 ",  349 ,  0.0009 ,  0.0090 ,  0.0900 ,  10 ,  100 ,  -   ,  -   ,  -   ,  -   ,,NO,SI
,303,"  1,675 ",  294 ,  0.0009 ,  0.0094 ,  0.0935 ,  10 ,  100 ,  0.15 ,  20.00 ,  160.00 ,  200.00 ,,NO,SI
,304,  329 ,  46 ,  0.0000 ,  -   ,  0.0047 ,  -   ,  100 ,  0.08 ,  35.57 ,  35.72 ,  40.66 ,,NO,SI
,305,  450 ,  74 ,  0.0000 ,  -   ,  0.0047 ,  -   ,  100 ,  0.08 ,  29.66 ,  29.70 ,  40.53 ,,NO,SI
,306,  454 ,  61 ,  0.0000 ,  -   ,  0.0047 ,  -   ,  100 ,  0.08 ,  35.67 ,  35.56 ,  40.68 ,,NO,SI
,307,  996 ,  137 ,  0.0001 ,  -   ,  0.0067 ,  -   ,  100 ,  0.10 ,  35.00 ,  35.00 ,  40.00 ,,NO,SI
,308,  643 ,  57 ,  0.0001 ,  -   ,  0.0067 ,  -   ,  100 ,  0.12 ,  35.39 ,  35.77 ,  40.77 ,,NO,SI
,309,  300 ,  41 ,  0.0001 ,  -   ,  0.0068 ,  -   ,  100 ,  0.14 ,  35.80 ,  35.56 ,  40.86 ,,NO,SI
,310,"  3,392 ",  442 ,  0.0003 ,  0.0029 ,  0.0147 ,  10 ,  50 ,  0.36 ,  24.00 ,  43.00 ,  255.00 ,,NO,SI
,311,"  4,478 ",  813 ,  0.0011 ,  0.0136 ,  0.0408 ,  12 ,  36 ,  0.70 ,  24.10 ,  85.00 ,  470.00 ,,NO,SI
,312,"  4,215 ",  782 ,  0.0001 ,  0.0008 ,  0.0084 ,  10 ,  100 ,  0.12 ,  22.62 ,  22.62 ,  76.00 ,,NO,SI
,313,"  5,909 ",  862 ,  0.0001 ,  0.0021 ,  0.0106 ,  20 ,  100 ,  0.20 ,  22.70 ,  22.70 ,  126.00 ,,NO,SI
,314,"  5,057 ",  689 ,  0.0002 ,  0.0021 ,  0.0106 ,  10 ,  50 ,  0.40 ,  23.00 ,  23.00 ,  250.00 ,,NO,SI
,315,  181 ,  30 ,  0.0010 ,  -   ,  0.0241 ,  -   ,  25 ,  739.00 ,  45.00 ,  75.00 ,  225.00 ,,NO,SI
,316,  216 ,  46 ,  0.0016 ,  -   ,  0.0319 ,  -   ,  20 ,  0.81 ,  90.00 ,  205.00 ,  90.00 ,,NO,SI
,317,"  5,494 ",  828 ,  0.0003 ,  0.0080 ,  0.0160 ,  25 ,  50 ,  0.36 ,  22.71 ,  51.53 ,  305.00 ,,NO,SI
,318,"  1,150 ",  207 ,  0.0004 ,  0.0080 ,  0.0160 ,  20 ,  40 ,  0.46 ,  23.77 ,  55.80 ,  330.00 ,,NO,SI
,319,"  7,221 ","  1,041 ",  0.0001 ,  -   ,  0.0153 ,  -   ,  300 ,  0.09 ,  12.00 ,  30.00 ,  165.00 ,,NO,SI
,320,"  4,249 ",  759 ,  0.0001 ,  -   ,  0.0128 ,  -   ,  200 ,  0.09 ,  12.00 ,  30.00 ,  170.00 ,,NO,SI
,321,"  2,990 ",  413 ,  0.0001 ,  -   ,  0.0075 ,  -   ,  100 ,  0.13 ,  13.50 ,  34.00 ,  190.00 ,,NO,SI
,322,"  1,657 ",  386 ,  0.0001 ,  -   ,  0.0064 ,  -   ,  100 ,  -   ,  -   ,  -   ,  -   ,,NO,SI
,323,"  11,911 ","  1,898 ",  0.0001 ,  -   ,  0.0640 ,  -   ,"  1,000 ",  0.03 ,  14.50 ,  25.44 ,  29.70 ,,NO,SI
,324,"  7,680 ","  1,404 ",  0.0000 ,  -   ,  0.0048 ,  -   ,  600 ,  0.05 ,  19.00 ,  31.00 ,  40.00 ,,NO,SI
,325,"  3,790 ",  830 ,  0.0000 ,  -   ,  0.0020 ,  -   ,  500 ,  0.05 ,  17.50 ,  33.00 ,  40.00 ,,NO,SI
,326,"  2,759 ",  370 ,  0.0000 ,  -   ,  0.0111 ,  -   ,  300 ,#N/A,#N/A,#N/A,#N/A,,NO,SI
,327,  891 ,  154 ,  0.0000 ,  -   ,  0.0018 ,  -   ,  300 ,  0.10 ,  22.50 ,  41.00 ,  50.00 ,,NO,SI
,328,"  1,278 ",  280 ,  0.0001 ,  -   ,  0.0160 ,  -   ,  250 ,#N/A,#N/A,#N/A,#N/A,,NO,SI
,329,"  17,329 ","  2,945 ",  0.0004 ,  0.0050 ,  0.0599 ,  12 ,  144 ,  0.09 ,  26.00 ,  85.00 ,  220.00 ,,NO,SI
,330,  712 ,  110 ,  0.0001 ,  -   ,  0.0066 ,  -   ,  100 ,  0.10 ,  35.00 ,  35.00 ,  40.00 ,,NO,SI
,331,  451 ,  80 ,  0.0001 ,  0.0014 ,  0.0138 ,  20 ,  200 ,  0.05 ,  22.00 ,  22.00 ,  38.00 ,,NO,SI
,332,  513 ,  74 ,  0.0000 ,  -   ,  0.0047 ,  -   ,  100 ,  0.07 ,  28.93 ,  29.81 ,  40.98 ,,NO,SI
,333,"  1,517 ",  203 ,  0.0001 ,  -   ,  0.0068 ,  -   ,  50 ,  0.18 ,  35.00 ,  35.00 ,  80.00 ,,NO,SI
,334,  648 ,  65 ,  0.0001 ,  -   ,  0.0107 ,  -   ,  100 ,  0.17 ,  45.40 ,  45.48 ,  46.00 ,,NO,SI
,335,"  1,688 ",  302 ,  0.0000 ,  0.0080 ,  0.0160 ,  500 ,"  1,000 ",  0.02 ,  9.20 ,  18.00 ,  100.45 ,,NO,SI
,336,"  1,266 ",  238 ,  0.0001 ,  0.0080 ,  0.0161 ,  60 ,  120 ,  0.20 ,  19.60 ,  41.90 ,  240.00 ,,NO,SI
,337,"  1,621 ",  309 ,  0.0002 ,  0.0080 ,  0.0160 ,  50 ,  100 ,  12.91 ,  80.00 ,  180.00 ,  545.00 ,,NO,SI
,338,  580 ,  123 ,  0.0002 ,  0.0082 ,  0.0165 ,  40 ,  80 ,  0.29 ,  20.00 ,  48.60 ,  280.00 ,,NO,SI
,339,  906 ,  188 ,  0.0003 ,  0.0082 ,  0.0164 ,  30 ,  60 ,  3.00 ,  32.72 ,  105.00 ,  565.00 ,,NO,SI
,340,"  8,741 ","  1,461 ",  0.0002 ,  0.0080 ,  0.0160 ,  50 ,  100 ,  -   ,  -   ,  -   ,  -   ,,NO,SI
,341,"  4,807 ",  842 ,  0.0003 ,  0.0080 ,  0.0160 ,  30 ,  60 ,  -   ,  -   ,  -   ,  -   ,,NO,SI
,342,"  1,724 ",  268 ,  0.0005 ,  0.0080 ,  0.0160 ,  15 ,  30 ,  660.00 ,  27.78 ,  63.43 ,  380.00 ,,NO,SI
,343,"  1,570 ",  272 ,  0.0008 ,  0.0080 ,  0.0160 ,  10 ,  20 ,  0.81 ,  32.00 ,  67.85 ,  405.00 ,,NO,SI
,344,"  1,310 ",  258 ,  0.0029 ,  -   ,  0.0704 ,  -   ,  24 ,  0.38 ,  70.00 ,  150.00 ,  240.00 ,,NO,SI
,345,  69 ,  10 ,  0.0106 ,  -   ,  0.0212 ,  -   ,  2 ,  4.90 ,  75.00 ,  120.00 ,  240.00 ,,NO,SI
,346,"  2,014 ",  377 ,  0.0005 ,  -   ,  0.0225 ,  -   ,  48 ,  0.39 ,  23.00 ,  45.00 ,  625.00 ,,NO,SI
,347,  321 ,  58 ,  0.0002 ,  0.0016 ,  0.0155 ,  10 ,  100 ,  -   ,  -   ,  -   ,  -   ,,NO,SI
,348,  264 ,  15 ,  0.0014 ,  -   ,  0.0408 ,  -   ,  30 ,  0.58 ,  34.70 ,  130.00 ,  240.00 ,,NO,SI
,349,  196 ,  -   ,  0.0020 ,  -   ,  0.0020 ,  -   ,  1 ,  1.56 ,  12.52 ,  140.00 ,"  1,110.00 ",,NO,SI
,350,  142 ,  30 ,  0.0574 ,  -   ,  0.0574 ,  -   ,  1 ,  -   ,  -   ,  -   ,  -   ,,NO,SI
,351,  268 ,  74 ,  0.0001 ,  -   ,  0.0083 ,  -   ,  100 ,  0.23 ,  29.50 ,  57.00 ,  71.00 ,,NO,SI
,352,  511 ,  65 ,  0.0002 ,  -   ,  0.0246 ,  -   ,  100 ,  0.01 ,  12.50 ,  21.00 ,  23.50 ,,NO,SI
,353,  51 ,  36 ,  0.0001 ,  -   ,  0.0042 ,  -   ,  50 ,  -   ,  -   ,  -   ,  -   ,,NO,SI
,354,  29 ,  42 ,  0.0004 ,  -   ,  0.0205 ,  -   ,  50 ,  0.62 ,  41.00 ,  78.50 ,  94.50 ,,NO,SI
,355,  575 ,  115 ,  0.0000 ,  -   ,  0.0020 ,  -   ,  50 ,  0.57 ,  23.00 ,  57.00 ,  335.00 ,,NO,SI
,356,  257 ,  42 ,  0.0006 ,  -   ,  0.0117 ,  -   ,  20 ,  -   ,  -   ,  -   ,  -   ,,NO,SI
,357,  134 ,  25 ,  0.0009 ,  -   ,  0.0173 ,  -   ,  20 ,  1.59 ,  31.00 ,  73.00 ,  445.00 ,,NO,SI
,358,  110 ,  19 ,  0.0013 ,  -   ,  0.0130 ,  -   ,  10 ,  2.01 ,  32.50 ,  73.50 ,  460.00 ,,NO,SI
,359,"  1,910 ",  285 ,  0.0003 ,  0.0034 ,  0.0343 ,  12 ,  120 ,  0.08 ,  30.00 ,  80.00 ,  130.00 ,,NO,SI
,360,  476 ,  82 ,  0.0050 ,  -   ,  0.0497 ,  -   ,  10 ,  1.64 ,  57.00 ,  165.00 ,  400.00 ,,NO,SI
,361,  385 ,  64 ,  0.0001 ,  -   ,  0.0136 ,  -   ,  200 ,  0.10 ,  14.00 ,  75.00 ,  70.00 ,,NO,SI
,362,  606 ,  91 ,  0.0000 ,  -   ,  0.0094 ,  -   ,  200 ,  0.12 ,  14.50 ,  75.00 ,  70.00 ,,NO,SI
,363,  323 ,  46 ,  0.0002 ,  -   ,  0.0181 ,  -   ,  100 ,  0.15 ,  18.50 ,  80.00 ,  105.00 ,,NO,SI
,364,"  1,815 ",  308 ,  0.0001 ,  0.0045 ,  0.0225 ,  50 ,  250 ,  0.04 ,  16.50 ,  17.00 ,  210.00 ,,NO,SI
,365,  146 ,  31 ,  0.0012 ,  -   ,  0.0224 ,  -   ,  18 ,  0.95 ,  40.00 ,  255.00 ,  125.00 ,,NO,SI
,366,  155 ,  -   ,  0.0013 ,  -   ,  0.0013 ,  -   ,  1 ,  0.62 ,  15.00 ,  140.00 ,  605.00 ,,NO,SI
,367,"  1,071 ",  181 ,  0.0459 ,  -   ,  0.0459 ,  -   ,  1 ,  -   ,  -   ,  -   ,  -   ,,NO,SI
,368,  180 ,  20 ,  0.0075 ,  -   ,  0.0748 ,  -   ,  10 ,  -   ,  -   ,  -   ,  -   ,,NO,SI
,369,  18 ,  4 ,  0.0140 ,  -   ,  0.0700 ,  -   ,  5 ,  -   ,  -   ,  -   ,  -   ,,NO,SI
,370,  189 ,  27 ,  0.0002 ,  -   ,  0.0166 ,  -   ,  100 ,  0.17 ,  10.25 ,  40.00 ,  670.00 ,,NO,SI
,371,  252 ,  50 ,  0.0000 ,  0.0010 ,  0.0049 ,  20 ,  100 ,  0.21 ,  10.30 ,  40.00 ,  675.00 ,,NO,SI
,372,  205 ,  35 ,  0.0001 ,  -   ,  0.0112 ,  -   ,  100 ,  0.24 ,  10.28 ,  40.00 ,  675.00 ,,NO,SI
,373,  134 ,  25 ,  0.0002 ,  -   ,  0.0111 ,  -   ,  50 ,  0.36 ,  12.30 ,  40.00 ,  670.00 ,,NO,SI
,374,  117 ,  18 ,  0.0002 ,  -   ,  0.0122 ,  -   ,  50 ,  0.40 ,  10.45 ,  40.00 ,  675.00 ,,NO,SI
,375,  101 ,  14 ,  0.0004 ,  -   ,  0.0112 ,  -   ,  30 ,  0.62 ,  17.00 ,  40.00 ,  675.00 ,,NO,SI
,376,  151 ,  23 ,  0.0006 ,  -   ,  0.0112 ,  -   ,  20 ,  0.97 ,  20.50 ,  50.00 ,  670.00 ,,NO,SI
,377,"  2,166 ",  357 ,  0.0003 ,  0.0034 ,  0.0344 ,  10 ,  100 ,  0.15 ,  27.15 ,  51.00 ,  170.00 ,,NO,SI
,378,  368 ,  67 ,  0.0007 ,  -   ,  0.0339 ,  -   ,  50 ,  0.39 ,  32.00 ,  190.00 ,  125.00 ,,NO,SI
,379,  423 ,  67 ,  0.0018 ,  -   ,  0.0357 ,  -   ,  20 ,  0.75 ,  36.00 ,  230.00 ,  150.00 ,,NO,SI
,380,  282 ,  44 ,  0.0025 ,  -   ,  0.0630 ,  -   ,  25 ,  1.17 ,  41.94 ,  280.00 ,  180.00 ,,NO,SI
,381,  124 ,  18 ,  0.0080 ,  -   ,  0.0399 ,  -   ,  5 ,  3.18 ,  50.00 ,  275.00 ,  435.00 ,,NO,SI
,382,  91 ,  15 ,  0.0135 ,  -   ,  0.0673 ,  -   ,  5 ,  4.73 ,  55.03 ,  550.00 ,  365.00 ,,NO,SI
,383,"  3,677 ",  631 ,  0.0001 ,  0.0010 ,  0.0102 ,  15 ,  150 ,  0.36 ,  22.07 ,  22.07 ,  63.02 ,,NO,SI
,384,"  1,959 ",  273 ,  0.0001 ,  0.0010 ,  0.0102 ,  10 ,  100 ,  0.14 ,  27.90 ,  27.90 ,  63.17 ,,NO,SI
,385,  351 ,  54 ,  0.0004 ,  0.0013 ,  0.0133 ,  3 ,  30 ,  0.50 ,  36.00 ,  36.00 ,  130.00 ,,NO,SI
,386,"  1,085 ",  168 ,  0.0011 ,  0.0021 ,  0.0084 ,  2 ,  8 ,  1.92 ,  34.00 ,  41.00 ,  510.00 ,,NO,SI
,387,  429 ,  69 ,  0.0012 ,  0.0058 ,  0.0116 ,  5 ,  10 ,  1.42 ,  37.57 ,  60.07 ,  455.00 ,,NO,SI
,388,  97 ,  14 ,  0.0005 ,  0.0014 ,  0.0138 ,  3 ,  30 ,  0.54 ,  40.00 ,  40.00 ,  115.00 ,,NO,SI
,389,"  2,269 ",  478 ,  0.0000 ,  0.0008 ,  0.0084 ,  30 ,  300 ,  0.02 ,  12.01 ,  12.01 ,  25.05 ,,NO,SI
,390,"  5,086 ",  864 ,  0.0000 ,  0.0008 ,  0.0084 ,  30 ,  300 ,  0.02 ,  16.90 ,  16.90 ,  25.25 ,,NO,SI
,391,"  4,593 ",  618 ,  0.0000 ,  0.0010 ,  0.0103 ,  25 ,  250 ,  0.05 ,  17.75 ,  17.75 ,  36.70 ,,NO,SI
,392,"  5,483 ",  984 ,  0.0000 ,  0.0010 ,  0.0101 ,  24 ,  240 ,  0.05 ,  22.05 ,  22.05 ,  35.60 ,,NO,SI
,393,"  4,013 ",  674 ,  0.0001 ,  0.0012 ,  0.0120 ,  10 ,  100 ,  0.15 ,  26.30 ,  26.30 ,  51.57 ,,NO,SI
,394,"  3,706 ",  735 ,  0.0002 ,  0.0007 ,  0.0072 ,  4 ,  40 ,  0.21 ,  36.00 ,  36.00 ,  55.00 ,,NO,SI
,395,  367 ,  55 ,  0.0006 ,  0.0013 ,  0.0125 ,  2 ,  20 ,  0.85 ,  38.25 ,  38.25 ,  200.00 ,,NO,SI
,396,  220 ,  38 ,  0.0011 ,  0.0053 ,  0.0105 ,  5 ,  10 ,  1.39 ,  36.00 ,  36.00 ,  405.00 ,,NO,SI
,397,  371 ,  61 ,  0.0002 ,  0.0012 ,  0.0147 ,  8 ,  96 ,  0.21 ,  36.00 ,  36.00 ,  49.50 ,,NO,SI
,398,  263 ,  44 ,  0.0002 ,  0.0012 ,  0.0148 ,  8 ,  96 ,  0.18 ,  33.00 ,  33.00 ,  50.50 ,,NO,SI
,399,  221 ,  37 ,  0.0002 ,  0.0012 ,  0.0145 ,  8 ,  96 ,  0.22 ,  36.50 ,  36.50 ,  51.00 ,,NO,SI
,400,  91 ,  19 ,  0.0002 ,  0.0013 ,  0.0156 ,  8 ,  96 ,  0.22 ,  36.03 ,  36.03 ,  36.02 ,,NO,SI
,401,  470 ,  85 ,  0.0002 ,  0.0013 ,  0.0156 ,  8 ,  96 ,  0.23 ,  36.50 ,  36.50 ,  51.50 ,,NO,SI
,402,  101 ,  19 ,  0.0002 ,  0.0012 ,  0.0145 ,  8 ,  96 ,  0.26 ,  37.77 ,  37.77 ,  36.18 ,,NO,SI
,403,  123 ,  23 ,  0.0002 ,  0.0012 ,  0.0145 ,  8 ,  96 ,  0.23 ,  37.37 ,  37.37 ,  37.47 ,,NO,SI
,404,  554 ,  98 ,  0.0002 ,  0.0012 ,  0.0147 ,  8 ,  96 ,  0.24 ,  38.15 ,  38.15 ,  52.10 ,,NO,SI
,405,  343 ,  51 ,  0.0002 ,  0.0013 ,  0.0156 ,  8 ,  96 ,  0.24 ,  38.00 ,  38.00 ,  52.40 ,,NO,SI
,406,  220 ,  40 ,  0.0002 ,  0.0012 ,  0.0145 ,  8 ,  96 ,  0.30 ,  42.00 ,  42.00 ,  52.00 ,,NO,SI
,407,  578 ,  105 ,  0.0002 ,  0.0012 ,  0.0146 ,  8 ,  96 ,  0.27 ,  42.20 ,  42.20 ,  55.10 ,,NO,SI
,408,  689 ,  124 ,  0.0002 ,  0.0015 ,  0.0179 ,  6 ,  72 ,  0.30 ,  44.44 ,  44.44 ,  56.67 ,,NO,SI
,409,  494 ,  78 ,  0.0003 ,  0.0017 ,  0.0203 ,  6 ,  72 ,  0.35 ,  46.35 ,  46.35 ,  56.06 ,,NO,SI
,410,  845 ,  135 ,  0.0002 ,  0.0015 ,  0.0179 ,  6 ,  72 ,  0.41 ,  48.40 ,  48.40 ,  57.66 ,,NO,SI
,411,"  1,240 ",  228 ,  0.0002 ,  0.0015 ,  0.0179 ,  6 ,  72 ,  0.70 ,  50.07 ,  50.07 ,  57.84 ,,NO,SI
,412,  840 ,  133 ,  0.0003 ,  0.0016 ,  0.0126 ,  6 ,  48 ,  0.50 ,  52.50 ,  52.50 ,  58.91 ,,NO,SI
,413,  705 ,  100 ,  0.0004 ,  0.0024 ,  0.0195 ,  6 ,  48 ,  0.58 ,  56.20 ,  56.20 ,  63.75 ,,NO,SI
,414,  395 ,  63 ,  0.0004 ,  0.0024 ,  0.0195 ,  6 ,  48 ,  0.68 ,  62.00 ,  62.00 ,  68.50 ,,NO,SI
,415,  229 ,  33 ,  0.0008 ,  0.0030 ,  0.0180 ,  4 ,  24 ,  0.78 ,  68.50 ,  68.50 ,  73.50 ,,NO,SI
,416,  243 ,  41 ,  0.0008 ,  0.0030 ,  0.0180 ,  4 ,  24 ,  0.94 ,  74.50 ,  74.50 ,  75.50 ,,NO,SI
,417,  142 ,  22 ,  0.0008 ,  0.0030 ,  0.0180 ,  4 ,  24 ,  1.09 ,  80.30 ,  80.30 ,  81.30 ,,NO,SI
,418,  107 ,  17 ,  0.0002 ,  0.0012 ,  0.0147 ,  8 ,  96 ,  -   ,  -   ,  -   ,  -   ,,NO,SI
,419,  41 ,  9 ,  0.0002 ,  0.0013 ,  0.0156 ,  8 ,  96 ,  0.18 ,  32.98 ,  32.98 ,  51.15 ,,NO,SI
,420,  49 ,  7 ,  0.0002 ,  0.0013 ,  0.0156 ,  8 ,  96 ,  0.22 ,  35.89 ,  35.89 ,  50.20 ,,NO,SI
,421,  73 ,  11 ,  0.0002 ,  0.0012 ,  0.0145 ,  8 ,  96 ,  0.22 ,  35.80 ,  35.80 ,  51.06 ,,NO,SI
,422,  58 ,  11 ,  0.0002 ,  0.0012 ,  0.0150 ,  8 ,  96 ,  0.25 ,  37.60 ,  37.60 ,  53.01 ,,NO,SI
,423,  75 ,  14 ,  0.0002 ,  0.0013 ,  0.0156 ,  8 ,  96 ,  0.23 ,  38.22 ,  38.22 ,  52.62 ,,NO,SI
,424,  86 ,  14 ,  0.0002 ,  0.0012 ,  0.0145 ,  8 ,  96 ,  0.24 ,  40.50 ,  40.50 ,  53.00 ,,NO,SI
,425,  67 ,  11 ,  0.0002 ,  0.0013 ,  0.0156 ,  8 ,  96 ,  0.27 ,  42.20 ,  42.20 ,  54.61 ,,NO,SI
,426,  85 ,  13 ,  0.0002 ,  0.0015 ,  0.0176 ,  6 ,  72 ,  0.31 ,  43.95 ,  43.95 ,  54.66 ,,NO,SI
,427,  110 ,  13 ,  0.0003 ,  0.0020 ,  0.0237 ,  6 ,  72 ,  1.98 ,  61.10 ,  61.10 ,  55.18 ,,NO,SI
,428,  135 ,  17 ,  0.0003 ,  0.0017 ,  0.0203 ,  6 ,  72 ,  0.40 ,  48.50 ,  48.50 ,  57.50 ,,NO,SI
,429,  99 ,  17 ,  0.0003 ,  0.0017 ,  0.0203 ,  6 ,  72 ,  0.40 ,  50.15 ,  50.15 ,  57.59 ,,NO,SI
,430,  238 ,  25 ,  0.0003 ,  0.0016 ,  0.0125 ,  6 ,  48 ,  0.46 ,  52.00 ,  52.00 ,  58.50 ,,NO,SI
,431,  61 ,  12 ,  0.0004 ,  0.0025 ,  0.0203 ,  6 ,  48 ,  3.53 ,  70.51 ,  70.51 ,  63.47 ,,NO,SI
,432,  104 ,  18 ,  0.0004 ,  0.0022 ,  0.0178 ,  6 ,  48 ,  0.49 ,  56.37 ,  56.37 ,  64.84 ,,NO,SI
,433,  54 ,  10 ,  0.0004 ,  0.0024 ,  0.0196 ,  6 ,  48 ,  0.54 ,  58.34 ,  58.34 ,  65.80 ,,NO,SI
,434,  86 ,  14 ,  0.0006 ,  0.0034 ,  0.0270 ,  6 ,  48 ,  0.64 ,  61.85 ,  61.85 ,  66.55 ,,NO,SI
,435,  47 ,  7 ,  0.0006 ,  0.0034 ,  0.0270 ,  6 ,  48 ,  0.64 ,  62.15 ,  62.15 ,  68.84 ,,NO,SI
,436,  85 ,  11 ,  0.0006 ,  0.0023 ,  0.0135 ,  4 ,  24 ,  0.63 ,  64.65 ,  64.65 ,  70.40 ,,NO,SI
,437,  51 ,  8 ,  0.0006 ,  0.0023 ,  0.0135 ,  4 ,  24 ,  -   ,  -   ,  -   ,  -   ,,NO,SI
,438,  37 ,  7 ,  0.0008 ,  0.0034 ,  0.0203 ,  4 ,  24 ,  0.81 ,  72.23 ,  72.23 ,  74.38 ,,NO,SI
,439,  88 ,  15 ,  0.0008 ,  0.0034 ,  0.0203 ,  4 ,  24 ,  0.94 ,  76.23 ,  76.23 ,  78.15 ,,NO,SI
,440,  80 ,  5 ,  0.0008 ,  0.0034 ,  0.0203 ,  4 ,  24 ,  1.03 ,  80.25 ,  80.25 ,  77.95 ,,NO,SI
,441,"  3,402 ",  619 ,  0.0000 ,  0.0008 ,  0.0084 ,  20 ,  200 ,  0.05 ,  21.90 ,  21.90 ,  38.05 ,,NO,SI
,442,"  1,440 ",  255 ,  0.0000 ,  0.0008 ,  0.0084 ,  20 ,  200 ,  0.05 ,  21.95 ,  21.95 ,  38.42 ,,NO,SI
,443,"  5,652 ",  976 ,  0.0000 ,  0.0008 ,  0.0084 ,  20 ,  200 ,  0.05 ,  21.90 ,  21.90 ,  38.20 ,,NO,SI
,444,"  3,080 ",  582 ,  0.0000 ,  0.0008 ,  0.0084 ,  20 ,  200 ,  0.05 ,  21.87 ,  21.87 ,  38.48 ,,NO,SI
,445,"  4,119 ",  646 ,  0.0000 ,  0.0008 ,  0.0084 ,  20 ,  200 ,  0.06 ,  22.13 ,  22.13 ,  38.08 ,,NO,SI
,446,"  7,657 ","  1,306 ",  0.0000 ,  0.0008 ,  0.0084 ,  20 ,  200 ,  0.05 ,  21.91 ,  21.91 ,  37.97 ,,NO,SI
,447,"  5,778 ",  851 ,  0.0000 ,  0.0008 ,  0.0084 ,  20 ,  200 ,  0.06 ,  22.03 ,  22.03 ,  38.26 ,,NO,SI
,448,"  4,570 ",  739 ,  0.0000 ,  0.0008 ,  0.0084 ,  20 ,  200 ,  0.06 ,  22.01 ,  22.01 ,  38.08 ,,NO,SI
,449,"  4,146 ",  726 ,  0.0000 ,  0.0008 ,  0.0084 ,  20 ,  200 ,  0.05 ,  21.73 ,  21.73 ,  38.30 ,,NO,SI
,450,"  6,694 ","  1,173 ",  0.0001 ,  0.0010 ,  0.0102 ,  20 ,  200 ,  0.06 ,  23.83 ,  23.83 ,  37.91 ,,NO,SI
,451,"  5,443 ",  824 ,  0.0000 ,  0.0009 ,  0.0092 ,  20 ,  200 ,  0.07 ,  25.93 ,  25.93 ,  38.09 ,,NO,SI
,452,"  6,196 ","  1,024 ",  0.0001 ,  0.0010 ,  0.0102 ,  20 ,  200 ,  0.06 ,  26.01 ,  26.01 ,  38.06 ,,NO,SI
,453,"  1,346 ",  259 ,  0.0001 ,  0.0010 ,  0.0102 ,  10 ,  100 ,  0.08 ,  27.95 ,  27.95 ,  38.36 ,,NO,SI
,454,"  2,354 ",  438 ,  0.0001 ,  0.0009 ,  0.0092 ,  10 ,  100 ,  0.07 ,  27.90 ,  27.90 ,  38.47 ,,NO,SI
,455,"  2,262 ",  442 ,  0.0001 ,  0.0009 ,  0.0091 ,  10 ,  100 ,  0.09 ,  29.84 ,  29.84 ,  38.24 ,,NO,SI
,456,"  1,054 ",  203 ,  0.0001 ,  0.0009 ,  0.0091 ,  10 ,  100 ,  0.12 ,  31.81 ,  31.81 ,  38.27 ,,NO,SI
,457,"  3,318 ",  587 ,  0.0001 ,  0.0009 ,  0.0090 ,  10 ,  100 ,  0.11 ,  31.83 ,  31.83 ,  38.25 ,,NO,SI
,458,  885 ,  157 ,  0.0001 ,  0.0013 ,  0.0126 ,  10 ,  100 ,  0.14 ,  34.01 ,  34.01 ,  42.65 ,,NO,SI
,459,"  1,028 ",  126 ,  0.0001 ,  0.0013 ,  0.0126 ,  10 ,  100 ,  0.14 ,  34.03 ,  34.03 ,  42.21 ,,NO,SI
,460,"  2,811 ",  437 ,  0.0001 ,  0.0013 ,  0.0126 ,  10 ,  100 ,  0.16 ,  35.90 ,  35.90 ,  42.42 ,,NO,SI
,461,"  1,478 ",  241 ,  0.0001 ,  0.0013 ,  0.0126 ,  10 ,  100 ,  0.17 ,  38.35 ,  38.35 ,  41.80 ,,NO,SI
,462,"  1,081 ",  173 ,  0.0001 ,  0.0013 ,  0.0126 ,  10 ,  100 ,  0.18 ,  37.90 ,  37.90 ,  42.10 ,,NO,SI
,463,"  3,113 ",  522 ,  0.0001 ,  0.0013 ,  0.0126 ,  10 ,  100 ,  0.20 ,  40.00 ,  40.00 ,  44.81 ,,NO,SI
,464,"  2,678 ",  471 ,  0.0001 ,  0.0014 ,  0.0143 ,  10 ,  100 ,  0.22 ,  41.84 ,  41.84 ,  44.15 ,,NO,SI
,465,  673 ,  137 ,  0.0000 ,  0.0008 ,  0.0084 ,  20 ,  200 ,  0.05 ,  21.85 ,  21.85 ,  38.25 ,,NO,SI
,466,"  1,722 ",  314 ,  0.0000 ,  0.0008 ,  0.0084 ,  20 ,  200 ,  -   ,  -   ,  -   ,  -   ,,NO,SI
,467,  868 ,  180 ,  0.0000 ,  0.0008 ,  0.0084 ,  20 ,  200 ,  0.05 ,  21.70 ,  21.70 ,  38.15 ,,NO,SI
,468,"  1,895 ",  346 ,  0.0000 ,  0.0008 ,  0.0084 ,  20 ,  200 ,  0.05 ,  21.90 ,  21.90 ,  38.29 ,,NO,SI
,469,"  1,374 ",  245 ,  0.0000 ,  0.0008 ,  0.0084 ,  20 ,  200 ,  0.05 ,  22.00 ,  22.00 ,  38.18 ,,NO,SI
,470,  832 ,  146 ,  0.0000 ,  0.0008 ,  0.0084 ,  20 ,  200 ,  0.05 ,  21.99 ,  21.99 ,  38.22 ,,NO,SI
,471,  719 ,  127 ,  0.0001 ,  0.0014 ,  0.0138 ,  20 ,  200 ,  0.06 ,  23.88 ,  23.88 ,  38.29 ,,NO,SI
,472,"  1,223 ",  223 ,  0.0001 ,  0.0010 ,  0.0102 ,  20 ,  200 ,  0.06 ,  26.96 ,  25.96 ,  38.27 ,,NO,SI
,473,  445 ,  98 ,  0.0001 ,  0.0009 ,  0.0091 ,  10 ,  100 ,  0.08 ,  27.80 ,  27.80 ,  38.20 ,,NO,SI
,474,  507 ,  90 ,  0.0001 ,  0.0011 ,  0.0105 ,  10 ,  100 ,  0.09 ,  29.91 ,  29.91 ,  38.39 ,,NO,SI
,475,  523 ,  97 ,  0.0001 ,  0.0009 ,  0.0090 ,  10 ,  100 ,  0.10 ,  32.10 ,  32.10 ,  38.33 ,,NO,SI
,476,  339 ,  73 ,  0.0001 ,  0.0013 ,  0.0126 ,  10 ,  100 ,  0.14 ,  34.05 ,  34.05 ,  42.40 ,,NO,SI
,477,  129 ,  21 ,  0.0023 ,  0.0114 ,  0.0227 ,  5 ,  10 ,  2.67 ,  60.00 ,  63.75 ,  500.00 ,,NO,SI
,478,  712 ,  120 ,  0.0001 ,  0.0010 ,  0.0104 ,  20 ,  200 ,  0.08 ,  23.82 ,  23.82 ,  55.85 ,,NO,SI
,479,"  2,353 ",  430 ,  0.0001 ,  0.0010 ,  0.0104 ,  20 ,  200 ,  -   ,  -   ,  -   ,  -   ,,NO,SI
,480,"  2,480 ",  466 ,  0.0001 ,  0.0010 ,  0.0104 ,  20 ,  200 ,  -   ,  -   ,  -   ,  -   ,,NO,SI
,481,"  3,675 ",  526 ,  0.0001 ,  0.0010 ,  0.0104 ,  20 ,  200 ,  -   ,  -   ,  -   ,  -   ,,NO,SI
,482,  503 ,  77 ,  0.0001 ,  0.0010 ,  0.0103 ,  10 ,  100 ,  0.10 ,  24.00 ,  24.00 ,  100.00 ,,NO,SI
,483,"  1,696 ",  238 ,  0.0001 ,  0.0010 ,  0.0103 ,  10 ,  100 ,  -   ,  -   ,  -   ,  -   ,,NO,SI
,484,"  1,333 ",  229 ,  0.0001 ,  0.0010 ,  0.0104 ,  10 ,  100 ,  -   ,  -   ,  -   ,  -   ,,NO,SI
,485,"  3,065 ",  316 ,  0.0001 ,  0.0010 ,  0.0104 ,  10 ,  100 ,  0.14 ,  23.86 ,  23.86 ,  100.31 ,,NO,SI
,486,  142 ,  24 ,  0.0019 ,  0.0093 ,  0.0185 ,  5 ,  10 ,  1.16 ,  11.50 ,  310.00 ,  310.00 ,,NO,SI
,487,  104 ,  19 ,  0.0019 ,  0.0093 ,  0.0185 ,  5 ,  10 ,  1.15 ,  11.50 ,  310.00 ,  310.00 ,,NO,SI
,488,  54 ,  10 ,  0.0024 ,  0.0122 ,  0.0243 ,  5 ,  10 ,  1.62 ,  9.00 ,  360.00 ,  360.00 ,,NO,SI
,489,  62 ,  9 ,  0.0016 ,  0.0082 ,  0.0163 ,  5 ,  10 ,  1.58 ,  10.30 ,  360.00 ,  360.00 ,,NO,SI
,490,"  2,053 ",  315 ,  0.0007 ,  0.0069 ,  0.0690 ,  10 ,  100 ,  0.08 ,  49.00 ,  85.00 ,  155.00 ,,NO,SI
,491,"  1,972 ",  288 ,  0.0005 ,  0.0045 ,  0.0451 ,  10 ,  100 ,  0.11 ,  45.00 ,  85.00 ,  155.00 ,,NO,SI
,492,  615 ,  108 ,  0.0013 ,  0.0131 ,  0.0653 ,  10 ,  50 ,  0.14 ,  66.50 ,  120.00 ,  175.00 ,,NO,SI
,493,  391 ,  77 ,  0.0015 ,  0.0146 ,  0.0729 ,  10 ,  50 ,  0.17 ,  77.44 ,  117.00 ,  172.00 ,,NO,SI
,494,  159 ,  32 ,  0.0015 ,  0.0146 ,  0.0729 ,  10 ,  50 ,  0.17 ,  67.00 ,  125.00 ,  170.00 ,,NO,SI
,495,  186 ,  33 ,  0.0011 ,  0.0115 ,  0.0573 ,  10 ,  50 ,  -   ,  -   ,  -   ,  -   ,,NO,SI
,496,  234 ,  30 ,  0.0020 ,  0.0102 ,  0.0409 ,  5 ,  20 ,  0.22 ,  84.50 ,  130.00 ,  175.00 ,,NO,SI
,497,"  2,547 ",  381 ,  0.0009 ,  0.0089 ,  0.0444 ,  10 ,  50 ,  0.14 ,  43.00 ,  130.00 ,  175.00 ,,NO,SI
,498,"  2,486 ",  412 ,  0.0003 ,  0.0055 ,  0.0276 ,  20 ,  100 ,  0.08 ,  16.00 ,  65.00 ,  225.00 ,,NO,SI
,499,  194 ,  68 ,  0.0030 ,  -   ,  0.0708 ,  -   ,  24 ,  0.84 ,  40.57 ,  215.00 ,  440.00 ,,NO,SI
,5166,  98 ,  -   ,  0.0038 , #VALUE!,  0.0919 , -,  24 ,  0.84 ,  40.60 ,  215.00 ,  440.00 ,,NO,SI
,500,  814 ,  148 ,  0.0023 ,  -   ,  0.0691 ,  -   ,  30 ,  0.50 ,  80.40 ,  80.40 ,  335.00 ,,NO,SI
,501,  715 ,  140 ,  0.0045 ,  -   ,  0.0903 ,  -   ,  20 ,  -   ,  -   ,  -   ,  -   ,,NO,SI
,502,  863 ,  137 ,  0.0021 ,  -   ,  0.0420 ,  -   ,  20 ,  1.08 ,  58.52 ,  74.57 ,  390.00 ,,NO,SI
,503,  238 ,  45 ,  0.0084 ,  -   ,  0.0336 ,  -   ,  4 ,  -   ,  -   ,  -   ,  -   ,,NO,SI
,504,  86 ,  19 ,  0.0180 ,  -   ,  0.0360 ,  -   ,  2 ,  4.75 ,  80.00 ,  120.00 ,  240.00 ,,NO,SI
,505,  732 ,  130 ,  0.0001 ,  0.0014 ,  0.0109 ,  13 ,  104 ,  0.05 ,  8.70 ,  60.00 ,  120.36 ,,NO,SI
,506,"  1,624 ",  254 ,  0.0002 ,  0.0034 ,  0.0410 ,  20 ,  240 ,  0.05 ,  8.00 ,  60.00 ,  280.00 ,,NO,SI
,507,"  3,009 ",  545 ,  0.0002 ,  0.0011 ,  0.0220 ,  6 ,  120 ,  0.06 ,  11.15 ,  50.18 ,  193.00 ,,NO,SI
,508,"  2,640 ",  416 ,  0.0003 ,  0.0064 ,  0.0256 ,  25 ,  100 ,  -   ,  -   ,  -   ,  -   ,,NO,SI
,509,  381 ,  60 ,  0.0003 ,  0.0064 ,  0.0256 ,  25 ,  100 ,  0.04 ,  14.50 ,  75.00 ,  230.00 ,,NO,SI
,510,"  1,125 ",  90 ,  0.0003 ,  0.0064 ,  0.0256 ,  25 ,  100 ,  0.06 ,  14.50 ,  75.00 ,  230.00 ,,NO,SI
,511,  939 ,  150 ,  0.0002 ,  0.0062 ,  0.0248 ,  25 ,  100 ,  0.07 ,  13.90 ,  75.00 ,  228.00 ,,NO,SI
,512,"  1,125 ",  178 ,  0.0002 ,  0.0062 ,  0.0248 ,  25 ,  100 ,  0.08 ,  14.00 ,  75.00 ,  228.00 ,,NO,SI
,513,  852 ,  145 ,  0.0002 ,  0.0062 ,  0.0248 ,  25 ,  100 ,  0.11 ,  14.00 ,  75.00 ,  228.00 ,,NO,SI
,514,"  23,707 ","  3,711 ",  0.0000 ,  -   ,  0.0240 ,  -   ,"  3,000 ",  0.01 ,  11.30 ,  19.00 ,  21.00 ,,NO,SI
,515,"  17,521 ","  3,002 ",  0.0000 ,  -   ,  0.0160 ,  -   ,"  2,000 ",  0.01 ,  13.60 ,  21.20 ,  24.80 ,,NO,SI
,516,"  1,457 ",  279 ,  0.0009 ,  0.0054 ,  0.0544 ,  6 ,  60 ,#N/A,#N/A,#N/A,#N/A,,NO,SI
,517,  534 ,  106 ,  0.0012 ,  0.0070 ,  0.0695 ,  6 ,  60 ,  0.30 ,  31.00 ,  90.00 ,  275.00 ,,NO,SI
,518,  487 ,  41 ,  0.0012 ,  0.0070 ,  0.0695 ,  6 ,  60 ,  -   ,  -   ,  -   ,  -   ,,NO,SI
,519,  353 ,  87 ,  0.0008 ,  0.0047 ,  0.0472 ,  6 ,  60 ,  0.21 ,  27.20 ,  87.00 ,  235.00 ,,NO,SI
,520,  298 ,  73 ,  0.0011 ,  0.0064 ,  0.0641 ,  6 ,  60 ,  0.27 ,  25.00 ,  85.00 ,  277.00 ,,NO,SI
,521,"  4,431 ",  772 ,  0.0007 ,  0.0044 ,  0.0436 ,  6 ,  60 ,  0.34 ,  15.50 ,  100.00 ,  315.00 ,,NO,SI
,522,  554 ,  109 ,  0.0010 ,  0.0061 ,  0.0608 ,  6 ,  60 ,  0.30 ,  26.70 ,  90.00 ,  275.00 ,,NO,SI
,523,  499 ,  90 ,  0.0010 ,  0.0061 ,  0.0608 ,  6 ,  60 ,  0.39 ,  27.05 ,  90.00 ,  275.00 ,,NO,SI
,524,"  1,706 ",  261 ,  0.0012 ,  -   ,  0.0464 ,  -   ,  40 ,  0.47 ,  110.00 ,  105.00 ,  110.00 ,,NO,SI
,525,  311 ,  57 ,  0.0002 ,  0.0016 ,  0.0155 ,  10 ,  100 ,  0.16 ,  36.00 ,  36.00 ,  42.50 ,,NO,SI
,526,  292 ,  58 ,  0.0002 ,  0.0021 ,  0.0213 ,  10 ,  100 ,  0.18 ,  38.00 ,  38.00 ,  42.00 ,,NO,SI
,527,  298 ,  52 ,  0.0002 ,  0.0021 ,  0.0213 ,  10 ,  100 ,  0.20 ,  40.00 ,  40.00 ,  44.00 ,,NO,SI
,528,  352 ,  58 ,  0.0002 ,  0.0021 ,  0.0213 ,  10 ,  100 ,  0.22 ,  42.00 ,  42.00 ,  44.00 ,,NO,SI
,529,"  9,073 ","  1,307 ",  0.0003 ,  0.0041 ,  0.0328 ,  12 ,  96 ,  0.15 ,  20.00 ,  79.00 ,  218.00 ,,NO,SI
,530,"  3,495 ",  635 ,  0.0011 ,  0.0066 ,  0.0525 ,  6 ,  48 ,  0.47 ,  28.50 ,  105.00 ,  310.00 ,,NO,SI
,531,"  1,820 ",  336 ,  0.0011 ,  0.0066 ,  0.0525 ,  6 ,  48 ,  0.46 ,  28.50 ,  115.00 ,  315.00 ,,NO,SI
,532,"  3,196 ",  570 ,  0.0015 ,  0.0087 ,  0.0349 ,  6 ,  24 ,  0.57 ,  28.00 ,  120.00 ,  355.00 ,,NO,SI
,533,"  2,465 ",  429 ,  0.0011 ,  0.0063 ,  0.0381 ,  6 ,  36 ,  -   ,  -   ,  -   ,  -   ,,NO,SI
,534,  101 ,  16 ,  0.0019 ,  0.0093 ,  0.0185 ,  5 ,  10 ,  1.17 ,  11.50 ,  310.00 ,  310.00 ,,NO,SI
,535,  267 ,  27 ,  0.0001 ,  0.0011 ,  0.0106 ,  20 ,  200 ,  -   ,  -   ,  -   ,  -   ,,NO,SI
,536,  791 ,  93 ,  0.0000 ,  0.0008 ,  0.0084 ,  20 ,  200 ,  0.03 ,  17.00 ,  17.00 ,  28.00 ,,NO,SI
,537,  260 ,  29 ,  0.0001 ,  0.0011 ,  0.0106 ,  20 ,  200 ,  0.02 ,  16.96 ,  16.96 ,  28.24 ,,NO,SI
,538,"  1,086 ",  128 ,  0.0001 ,  0.0011 ,  0.0106 ,  20 ,  200 ,  0.03 ,  16.92 ,  16.92 ,  28.00 ,,NO,SI
,539,  488 ,  57 ,  0.0001 ,  0.0011 ,  0.0106 ,  20 ,  200 ,  0.03 ,  17.00 ,  17.00 ,  28.50 ,,NO,SI
,540,  493 ,  63 ,  0.0000 ,  0.0008 ,  0.0084 ,  20 ,  200 ,  0.20 ,  18.00 ,  18.00 ,  28.00 ,,NO,SI
,541,  953 ,  136 ,  0.0001 ,  0.0011 ,  0.0106 ,  20 ,  200 ,  0.03 ,  17.91 ,  17.91 ,  28.30 ,,NO,SI
,542,  462 ,  64 ,  0.0001 ,  0.0011 ,  0.0106 ,  20 ,  200 ,  0.06 ,  20.00 ,  20.00 ,  28.00 ,,NO,SI
,543,  354 ,  47 ,  0.0001 ,  0.0010 ,  0.0102 ,  20 ,  200 ,  0.04 ,  21.93 ,  21.93 ,  28.06 ,,NO,SI
,544,  282 ,  34 ,  0.0001 ,  0.0011 ,  0.0106 ,  20 ,  200 ,  0.04 ,  21.85 ,  21.85 ,  28.22 ,,NO,SI
,545,  382 ,  44 ,  0.0001 ,  0.0011 ,  0.0106 ,  20 ,  200 ,  0.05 ,  23.93 ,  23.93 ,  29.88 ,,NO,SI
,546,  235 ,  25 ,  0.0001 ,  0.0010 ,  0.0102 ,  20 ,  200 ,  0.07 ,  26.09 ,  26.09 ,  30.14 ,,NO,SI
,547,  285 ,  33 ,  0.0001 ,  0.0011 ,  0.0106 ,  20 ,  200 ,  0.06 ,  25.88 ,  25.88 ,  30.04 ,,NO,SI
,548,  133 ,  17 ,  0.0001 ,  0.0013 ,  0.0261 ,  15 ,  300 ,  0.07 ,  22.70 ,  22.70 ,  30.20 ,,NO,SI
,549,  125 ,  17 ,  0.0001 ,  0.0013 ,  0.0261 ,  15 ,  300 ,  0.07 ,  22.66 ,  22.66 ,  30.33 ,,NO,SI
,550,  103 ,  13 ,  0.0001 ,  0.0013 ,  0.0261 ,  15 ,  300 ,  0.08 ,  29.95 ,  29.95 ,  30.39 ,,NO,SI
,551,  172 ,  35 ,  0.0000 ,  0.0008 ,  0.0084 ,  20 ,  200 ,  0.02 ,  17.04 ,  17.04 ,  28.10 ,,NO,SI
,552,  70 ,  13 ,  0.0000 ,  0.0008 ,  0.0084 ,  20 ,  200 ,  0.03 ,  16.85 ,  16.85 ,  28.09 ,,NO,SI
,553,  276 ,  36 ,  0.0001 ,  0.0011 ,  0.0106 ,  20 ,  200 ,  0.03 ,  16.83 ,  16.83 ,  28.03 ,,NO,SI
,554,  104 ,  17 ,  0.0001 ,  0.0011 ,  0.0106 ,  20 ,  200 ,  0.03 ,  16.80 ,  16.80 ,  29.97 ,,NO,SI
,555,  135 ,  24 ,  0.0001 ,  0.0011 ,  0.0106 ,  20 ,  200 ,  0.03 ,  18.64 ,  18.64 ,  28.05 ,,NO,SI
,556,  85 ,  17 ,  0.0001 ,  0.0011 ,  0.0106 ,  20 ,  200 ,  0.03 ,  19.91 ,  19.91 ,  28.05 ,,NO,SI
,557,  39 ,  7 ,  0.0001 ,  0.0011 ,  0.0106 ,  20 ,  200 ,  0.03 ,  21.82 ,  21.82 ,  28.26 ,,NO,SI
,558,  36 ,  5 ,  0.0001 ,  0.0011 ,  0.0106 ,  20 ,  200 ,  0.05 ,  23.87 ,  23.87 ,  30.60 ,,NO,SI
,559,  36 ,  7 ,  0.0001 ,  0.0011 ,  0.0106 ,  20 ,  200 ,  0.05 ,  25.86 ,  25.86 ,  30.46 ,,NO,SI
,560,  21 ,  5 ,  0.0001 ,  0.0013 ,  0.0261 ,  15 ,  300 ,  0.07 ,  27.82 ,  27.82 ,  30.68 ,,NO,SI
,561,  21 ,  5 ,  0.0001 ,  0.0013 ,  0.0261 ,  15 ,  300 ,  0.08 ,  29.70 ,  29.70 ,  30.62 ,,NO,SI
,562,"  1,005 ",  175 ,  0.0001 ,  0.0010 ,  0.0102 ,  20 ,  200 ,  0.07 ,  17.10 ,  17.10 ,  76.20 ,,NO,SI
,563,"  1,432 ",  202 ,  0.0001 ,  0.0010 ,  0.0102 ,  15 ,  150 ,  0.14 ,  17.25 ,  17.25 ,  150.00 ,,NO,SI
,564,  385 ,  4 ,  0.0003 ,  0.0057 ,  0.0341 ,  20 ,  120 ,  -   ,  -   ,  -   ,  -   ,,NO,SI
,565,  151 ,  101 ,  0.0001 ,  0.0017 ,  0.0100 ,  12 ,  72 ,  -   ,  -   ,  -   ,  -   ,,NO,SI
,5167,  15 ,  -   ,#N/A,#N/A,#N/A,  12 ,  72 ,#N/A,#N/A,#N/A,#N/A,,NO,SI
,566,  326 ,  66 ,  0.0000 ,  0.0006 ,  0.0126 ,  15 ,  300 ,  0.08 ,  18.83 ,  18.83 ,  58.88 ,,NO,SI
,567,"  2,096 ",  265 ,  0.0004 ,  -   ,  0.0401 ,  -   ,  100 ,  -   ,  -   ,  -   ,  -   ,,NO,SI
,568,  637 ,  121 ,  0.0006 ,  0.0060 ,  0.0301 ,  10 ,  50 ,  0.34 ,  37.50 ,  50.00 ,  220.00 ,,NO,SI
,569,  31 ,  5 ,  0.0127 ,  -   ,  0.0253 ,  -   ,  2 ,  -   ,  -   ,  -   ,  -   ,,NO,SI
,570,"  1,566 ",  248 ,  0.0001 ,  0.0014 ,  0.0138 ,  20 ,  200 ,  0.06 ,  21.90 ,  21.90 ,  38.44 ,,NO,SI
,571,"  2,193 ",  371 ,  0.0000 ,  0.0008 ,  0.0084 ,  20 ,  200 ,  0.05 ,  22.00 ,  22.00 ,  38.20 ,,NO,SI
,572,"  3,890 ",  685 ,  0.0000 ,  0.0008 ,  0.0084 ,  20 ,  200 ,  0.05 ,  22.00 ,  22.00 ,  38.14 ,,NO,SI
,573,"  1,261 ",  161 ,  0.0003 ,  0.0032 ,  0.0317 ,  12 ,  120 ,  0.07 ,  30.00 ,  80.00 ,  130.00 ,,NO,SI
,574,  646 ,  76 ,  0.0050 ,  -   ,  0.0500 ,  -   ,  10 ,  2.09 ,  49.60 ,  340.00 ,  230.00 ,,NO,SI
,575,  215 ,  38 ,  0.0004 ,  -   ,  0.0133 ,  -   ,  30 ,  0.70 ,  55.00 ,  90.00 ,  65.00 ,,NO,SI
,576,  101 ,  18 ,  0.0032 ,  -   ,  0.0317 ,  -   ,  10 ,  2.18 ,  31.00 ,  175.00 ,"  1,110.00 ",,NO,SI
,577,  977 ,  172 ,  0.0012 ,  0.0116 ,  0.1162 ,  10 ,  100 ,  0.25 ,  36.30 ,  105.00 ,  385.00 ,,NO,SI
,578,"  2,584 ",  304 ,  0.0006 ,  0.0073 ,  0.0438 ,  12 ,  72 ,  0.10 ,  17.00 ,  130.00 ,  250.00 ,,NO,SI
,579,"  1,243 ",  228 ,  0.0018 ,  0.0110 ,  0.0550 ,  6 ,  30 ,  0.39 ,  45.00 ,  130.00 ,  267.00 ,,NO,SI
,5168,  26 ,  -   ,  0.0016 ,  0.0094 ,  0.0468 ,  6 ,  30 ,  0.39 ,  45.00 ,  130.00 ,  267.00 ,,NO,SI
,580,"  1,858 ",  299 ,  0.0001 ,  0.0010 ,  0.0104 ,  20 ,  200 ,  0.11 ,  23.90 ,  23.90 ,  55.65 ,,NO,SI
,581,  959 ,  173 ,  0.0001 ,  0.0010 ,  0.0104 ,  10 ,  100 ,  -   ,  -   ,  -   ,  -   ,,NO,SI
,582,"  1,424 ",  217 ,  0.0003 ,  0.0019 ,  0.0150 ,  6 ,  48 ,  0.35 ,  24.00 ,  85.00 ,  270.00 ,,NO,SI
,583,"  1,624 ",  258 ,  0.0007 ,  0.0040 ,  0.0320 ,  6 ,  48 ,  -   ,  -   ,  -   ,  -   ,,NO,SI
,584,  479 ,  71 ,  0.0009 ,  0.0056 ,  0.0224 ,  6 ,  24 ,  0.54 ,  43.50 ,  80.00 ,  310.00 ,,NO,SI
,585,"  3,710 ",  655 ,  0.0000 ,  0.0008 ,  0.0084 ,  20 ,  200 ,  0.05 ,  21.85 ,  21.85 ,  38.39 ,,NO,SI
,586,"  1,758 ",  308 ,  0.0000 ,  0.0008 ,  0.0084 ,  20 ,  200 ,  0.06 ,  22.00 ,  22.00 ,  38.29 ,,NO,SI
,587,"  2,411 ",  429 ,  0.0000 ,  0.0008 ,  0.0084 ,  20 ,  200 ,  0.07 ,  23.90 ,  23.90 ,  38.31 ,,NO,SI
,588,  761 ,  149 ,  0.0001 ,  0.0011 ,  0.0105 ,  10 ,  100 ,  0.07 ,  23.87 ,  23.87 ,  38.17 ,,NO,SI
,589,  497 ,  98 ,  0.0001 ,  0.0009 ,  0.0091 ,  10 ,  100 ,  0.20 ,  29.00 ,  29.00 ,  38.00 ,,NO,SI
,590,  385 ,  83 ,  0.0001 ,  0.0009 ,  0.0090 ,  10 ,  100 ,  0.07 ,  28.00 ,  28.00 ,  38.00 ,,NO,SI
,591,"  1,347 ",  223 ,  0.0004 ,  0.0086 ,  0.0431 ,  20 ,  100 ,  0.11 ,  39.95 ,  70.00 ,  140.00 ,,NO,SI
,592,  988 ,  172 ,  0.0004 ,  0.0052 ,  0.0208 ,  12 ,  48 ,  0.31 ,  43.50 ,  80.00 ,  195.00 ,,NO,SI
,593,  624 ,  74 ,  0.0001 ,  0.0010 ,  0.0104 ,  20 ,  200 ,  0.07 ,  18.50 ,  18.50 ,  92.00 ,,NO,SI
,594,"  1,868 ",  296 ,  0.0001 ,  0.0010 ,  0.0104 ,  10 ,  100 ,  -   ,  -   ,  -   ,  -   ,,NO,SI
,595,"  1,014 ",  134 ,  0.0001 ,  0.0010 ,  0.0104 ,  10 ,  100 ,  -   ,  -   ,  -   ,  -   ,,NO,SI
,596,"  1,372 ",  180 ,  0.0001 ,  0.0010 ,  0.0104 ,  10 ,  100 ,  0.17 ,  24.50 ,  24.50 ,  100.00 ,,NO,SI
,597,  253 ,  32 ,  0.0006 ,  0.0029 ,  0.0175 ,  5 ,  30 ,  0.48 ,  24.00 ,  95.00 ,  170.00 ,,NO,SI
,598,"  1,993 ",  365 ,  0.0011 ,  0.0066 ,  0.0525 ,  6 ,  48 ,  0.50 ,  28.40 ,  100.00 ,  310.00 ,,NO,SI
,599,"  1,924 ",  327 ,  0.0003 ,  0.0018 ,  0.0352 ,  6 ,  120 ,  0.16 ,  15.50 ,  75.00 ,  225.00 ,,NO,SI
,600,"  2,676 ",  433 ,  0.0005 ,  0.0032 ,  0.0324 ,  6 ,  60 ,  0.28 ,  16.00 ,  95.00 ,  275.00 ,,NO,SI
,601,"  2,129 ",  406 ,  0.0007 ,  0.0044 ,  0.0439 ,  6 ,  60 ,  0.46 ,  17.00 ,  100.00 ,  325.00 ,,NO,SI
,602,"  1,089 ",  225 ,  0.0012 ,  0.0069 ,  0.0277 ,  6 ,  24 ,  0.73 ,  20.00 ,  120.00 ,  390.00 ,,NO,SI
,603,  473 ,  68 ,  0.0012 ,  0.0048 ,  0.0190 ,  4 ,  16 ,  1.33 ,  18.50 ,  110.00 ,  455.00 ,,NO,SI
,604,  271 ,  53 ,  0.0021 ,  0.0042 ,  0.0252 ,  2 ,  12 ,  1.83 ,  21.50 ,  120.00 ,  530.00 ,,NO,SI
,605,  374 ,  78 ,  0.0007 ,  0.0074 ,  0.0446 ,  10 ,  60 ,  0.16 ,  37.00 ,  65.00 ,  340.00 ,,NO,SI
,606,  835 ,  148 ,  0.0008 ,  0.0078 ,  0.0470 ,  10 ,  60 ,  0.23 ,  38.00 ,  69.00 ,  339.00 ,,NO,SI
,607,"  1,235 ",  190 ,  0.0008 ,  0.0078 ,  0.0470 ,  10 ,  60 ,  0.23 ,  38.00 ,  69.00 ,  339.00 ,,NO,SI
,608,"  1,444 ",  220 ,  0.0007 ,  0.0074 ,  0.0446 ,  10 ,  60 ,  0.23 ,  38.00 ,  69.00 ,  339.00 ,,NO,SI
,609,"  1,505 ",  259 ,  0.0007 ,  0.0074 ,  0.0446 ,  10 ,  60 ,  0.23 ,  38.00 ,  69.00 ,  339.00 ,,NO,SI
,610,"  1,099 ",  178 ,  0.0008 ,  0.0078 ,  0.0470 ,  10 ,  60 ,  0.23 ,  42.20 ,  67.00 ,  340.00 ,,NO,SI
,611,"  1,179 ",  218 ,  0.0008 ,  0.0078 ,  0.0470 ,  10 ,  60 ,  0.23 ,  38.00 ,  69.00 ,  339.00 ,,NO,SI
,612,  724 ,  118 ,  0.0007 ,  0.0074 ,  0.0446 ,  10 ,  60 ,  0.26 ,  43.00 ,  67.00 ,  340.00 ,,NO,SI
,613,  230 ,  42 ,  0.0013 ,  0.0078 ,  0.0626 ,  6 ,  48 ,  0.42 ,  39.50 ,  105.00 ,  245.00 ,,NO,SI
,614,  414 ,  90 ,  0.0005 ,  0.0014 ,  0.0272 ,  3 ,  60 ,  0.25 ,  25.00 ,  65.00 ,  280.00 ,,NO,SI
,615,  913 ,  164 ,  0.0004 ,  0.0025 ,  0.0199 ,  6 ,  48 ,  0.33 ,  24.80 ,  67.40 ,  280.00 ,,NO,SI
,616,"  2,354 ",  443 ,  0.0006 ,  0.0033 ,  0.0200 ,  6 ,  36 ,  0.46 ,  30.37 ,  103.75 ,  307.00 ,,NO,SI
,617,"  1,244 ",  224 ,  0.0007 ,  0.0039 ,  0.0235 ,  6 ,  36 ,  0.57 ,  30.30 ,  103.40 ,  305.00 ,,NO,SI
,618,  572 ,  98 ,  0.0009 ,  0.0054 ,  0.0215 ,  6 ,  24 ,  0.83 ,  31.60 ,  115.00 ,  335.00 ,,NO,SI
,619,  966 ,  172 ,  0.0004 ,  0.0023 ,  0.0235 ,  6 ,  60 ,  0.25 ,  25.00 ,  90.00 ,  275.00 ,,NO,SI
,620,"  2,706 ",  430 ,  0.0004 ,  0.0025 ,  0.0250 ,  6 ,  60 ,  0.29 ,  20.00 ,  93.00 ,  280.00 ,,NO,SI
,621,"  1,088 ",  199 ,  0.0004 ,  0.0026 ,  0.0263 ,  6 ,  60 ,  0.33 ,  22.00 ,  95.00 ,  280.00 ,,NO,SI
,622,  895 ,  196 ,  0.0006 ,  0.0037 ,  0.0297 ,  6 ,  48 ,  0.46 ,  25.00 ,  105.00 ,  300.00 ,,NO,SI
,623,"  1,314 ",  234 ,  0.0001 ,  0.0008 ,  0.0500 ,  6 ,  360 ,  0.04 ,  26.93 ,  26.93 ,  165.00 ,,NO,SI
,624,"  2,276 ",  404 ,  0.0001 ,  0.0009 ,  0.0526 ,  6 ,  360 ,  0.05 ,  27.50 ,  27.50 ,  190.00 ,,NO,SI
,625,"  2,291 ",  389 ,  0.0002 ,  0.0014 ,  0.0547 ,  6 ,  240 ,  0.08 ,  30.00 ,  30.00 ,  230.00 ,,NO,SI
,626,"  1,972 ",  278 ,  0.0003 ,  0.0017 ,  0.0348 ,  6 ,  120 ,  0.10 ,  33.50 ,  33.50 ,  265.00 ,,NO,SI
,627,"  1,882 ",  323 ,  0.0001 ,  0.0008 ,  0.0500 ,  6 ,  360 ,  0.04 ,  27.47 ,  27.47 ,  145.00 ,,NO,SI
,628,"  3,490 ",  667 ,  0.0002 ,  0.0013 ,  0.0504 ,  6 ,  240 ,  0.06 ,  30.50 ,  30.50 ,  180.00 ,,NO,SI
,629,"  4,143 ",  660 ,  0.0003 ,  0.0015 ,  0.0306 ,  6 ,  120 ,  0.09 ,  330.00 ,  330.00 ,  215.00 ,,NO,SI
,630,  216 ,  41 ,  0.0007 ,  0.0044 ,  0.0435 ,  6 ,  60 ,#N/A,#N/A,#N/A,#N/A,,NO,SI
,631,  343 ,  46 ,  0.0010 ,  0.0058 ,  0.0580 ,  6 ,  60 ,  0.26 ,  31.80 ,  88.00 ,  275.00 ,,NO,SI
,632,  122 ,  28 ,  0.0012 ,  0.0073 ,  0.0725 ,  6 ,  60 ,  0.27 ,  41.50 ,  86.00 ,  275.00 ,,NO,SI
,633,"  1,977 ",  346 ,  0.0001 ,  0.0010 ,  0.0104 ,  20 ,  200 ,  0.08 ,  23.90 ,  23.90 ,  55.20 ,,NO,SI
,634,"  4,099 ",  664 ,  0.0001 ,  0.0010 ,  0.0104 ,  20 ,  200 ,  -   ,  -   ,  -   ,  -   ,,NO,SI
,635,"  2,817 ",  423 ,  0.0001 ,  0.0010 ,  0.0104 ,  20 ,  200 ,  0.09 ,  23.86 ,  23.86 ,  55.21 ,,NO,SI
,636,"  1,827 ",  322 ,  0.0001 ,  0.0010 ,  0.0104 ,  20 ,  200 ,  0.09 ,  23.79 ,  23.79 ,  55.20 ,,NO,SI
,637,"  2,862 ",  501 ,  0.0001 ,  0.0010 ,  0.0104 ,  20 ,  200 ,  0.10 ,  23.90 ,  23.90 ,  54.94 ,,NO,SI
,638,"  2,629 ",  446 ,  0.0001 ,  0.0010 ,  0.0104 ,  20 ,  200 ,  0.12 ,  24.03 ,  24.03 ,  55.64 ,,NO,SI
,639,"  2,895 ",  405 ,  0.0001 ,  0.0010 ,  0.0104 ,  10 ,  100 ,  0.10 ,  23.91 ,  23.91 ,  99.80 ,,NO,SI
,640,"  1,468 ",  245 ,  0.0001 ,  0.0010 ,  0.0104 ,  10 ,  100 ,  0.16 ,  23.81 ,  23.81 ,  100.43 ,,NO,SI
,641,"  1,138 ",  199 ,  0.0001 ,  0.0010 ,  0.0104 ,  10 ,  100 ,  0.15 ,  23.91 ,  23.91 ,  100.61 ,,NO,SI
,642,  801 ,  146 ,  0.0001 ,  0.0010 ,  0.0104 ,  10 ,  100 ,  0.13 ,  23.83 ,  23.83 ,  100.14 ,,NO,SI
,643,"  1,098 ",  192 ,  0.0001 ,  0.0010 ,  0.0104 ,  10 ,  100 ,  0.14 ,  23.90 ,  23.90 ,  99.70 ,,NO,SI
,644,"  1,769 ",  118 ,  0.0003 ,  -   ,  0.0263 ,  -   ,  100 ,  0.16 ,  22.00 ,  35.00 ,  260.00 ,,NO,SI
,5169,  46 ,  -   ,  0.0002 , #VALUE!,  0.0200 , -,  100 ,  0.16 ,  22.00 ,  35.00 ,  260.00 ,,NO,SI
,645,"  1,897 ",  278 ,  0.0001 ,  0.0010 ,  0.0104 ,  20 ,  200 ,  0.16 ,  24.13 ,  24.13 ,  55.01 ,,NO,SI
,646,"  1,151 ",  116 ,  0.0012 ,  0.0145 ,  0.0581 ,  12 ,  48 ,  0.22 ,  23.00 ,  145.00 ,  270.00 ,,NO,SI
,647,  145 ,  35 ,  0.0041 ,  -   ,  0.0414 ,  -   ,  10 ,"  2,215.00 ",  108.00 ,  135.00 ,  240.00 ,,NO,SI
,648,"  1,379 ",  229 ,  0.0007 ,  -   ,  0.0148 ,  -   ,  20 ,  0.96 ,  46.70 ,  70.00 ,  200.00 ,,NO,SI
,649,  143 ,  25 ,  0.0012 ,  -   ,  0.0243 ,  -   ,  20 ,  -   ,  -   ,  -   ,  -   ,,NO,SI
,650,"  1,345 ",  207 ,  0.0002 ,  -   ,  0.0176 ,  -   ,  100 ,  0.22 ,  40.00 ,  40.00 ,  100.00 ,,NO,SI
,651,"  1,467 ",  250 ,  0.0002 ,  -   ,  0.0219 ,  -   ,  100 ,  0.28 ,  45.00 ,  45.00 ,  80.00 ,,NO,SI
,652,  597 ,  93 ,  0.0003 ,  -   ,  0.0136 ,  -   ,  50 ,  0.33 ,  50.00 ,  50.00 ,  100.00 ,,NO,SI
,653,"  1,023 ",  153 ,  0.0004 ,  -   ,  0.0195 ,  -   ,  50 ,  0.37 ,  55.00 ,  55.00 ,  85.00 ,,NO,SI
,654,  676 ,  107 ,  0.0004 ,  -   ,  0.0195 ,  -   ,  50 ,  0.41 ,  58.00 ,  58.00 ,  75.00 ,,NO,SI
,655,  751 ,  131 ,  0.0004 ,  -   ,  0.0220 ,  -   ,  50 ,  0.47 ,  65.00 ,  65.00 ,  82.50 ,,NO,SI
,656,"  1,364 ",  238 ,  0.0005 ,  -   ,  0.0260 ,  -   ,  50 ,  0.50 ,  68.87 ,  68.87 ,  82.00 ,,NO,SI
,657,  343 ,  50 ,  0.0006 ,  -   ,  0.0243 ,  -   ,  40 ,  0.57 ,  75.60 ,  75.60 ,  81.00 ,,NO,SI
,658,  326 ,  32 ,  0.0007 ,  -   ,  0.0176 ,  -   ,  25 ,  0.65 ,  85.00 ,  85.00 ,  89.00 ,,NO,SI
,659,  192 ,  28 ,  0.0008 ,  -   ,  0.0190 ,  -   ,  25 ,  0.70 ,  84.25 ,  84.25 ,  80.00 ,,NO,SI
,660,  81 ,  14 ,  0.0009 ,  -   ,  0.0175 ,  -   ,  20 ,  0.80 ,  95.77 ,  95.77 ,  82.06 ,,NO,SI
,661,  111 ,  19 ,  0.0010 ,  -   ,  0.0255 ,  -   ,  25 ,  0.82 ,  96.00 ,  96.00 ,  81.50 ,,NO,SI
,662,  74 ,  9 ,  0.0011 ,  -   ,  0.0287 ,  -   ,  25 ,  0.90 ,  103.55 ,  103.55 ,  85.75 ,,NO,SI
,663,  247 ,  33 ,  0.0011 ,  -   ,  0.0283 ,  -   ,  25 ,  0.96 ,  104.00 ,  104.00 ,  78.75 ,,NO,SI
,664,  634 ,  71 ,  0.0012 ,  -   ,  0.0242 ,  -   ,  20 ,  1.10 ,  113.70 ,  113.70 ,  79.00 ,,NO,SI
,665,  165 ,  24 ,  0.0014 ,  -   ,  0.0230 ,  -   ,  16 ,  -   ,  -   ,  -   ,  -   ,,NO,SI
,666,  168 ,  23 ,  0.0017 ,  -   ,  0.0204 ,  -   ,  12 ,  1.36 ,  130.25 ,  130.25 ,  76.90 ,,NO,SI
,667,  568 ,  120 ,  0.0002 ,  -   ,  0.0248 ,  -   ,  100 ,  0.22 ,  37.00 ,  37.00 ,  135.00 ,,NO,SI
,668,"  2,674 ",  442 ,  0.0003 ,  -   ,  0.0102 ,  -   ,  40 ,  0.43 ,  34.30 ,  34.30 ,  245.00 ,,NO,SI
,669,"  3,012 ",  450 ,  0.0005 ,  -   ,  0.0118 ,  -   ,  25 ,  -   ,  -   ,  -   ,  -   ,,NO,SI
,670,  115 ,  26 ,  0.0002 ,  -   ,  0.0184 ,  -   ,  100 ,  0.24 ,  37.00 ,  37.00 ,  135.00 ,,NO,SI
,671,  148 ,  37 ,  0.0002 ,  -   ,  0.0082 ,  -   ,  40 ,  -   ,  -   ,  -   ,  -   ,,NO,SI
,672,  80 ,  17 ,  0.0005 ,  -   ,  0.0096 ,  -   ,  20 ,  1.08 ,  31.00 ,  36.00 ,  445.00 ,,NO,SI
,673,  135 ,  33 ,  0.0003 ,  -   ,  0.0150 ,  -   ,  50 ,  0.48 ,  30.00 ,  35.00 ,  245.00 ,,NO,SI
,674,  203 ,  43 ,  0.0005 ,  -   ,  0.0096 ,  -   ,  20 ,  0.91 ,  31.50 ,  34.00 ,  450.00 ,,NO,SI
,675,  494 ,  70 ,  0.0000 ,  -   ,  0.0255 ,  -   ,"  1,500 ",  0.03 ,  7.00 ,  40.00 ,  180.00 ,,NO,SI
,676,  397 ,  69 ,  0.0019 ,  -   ,  0.0473 ,  -   ,  25 ,  0.57 ,  90.00 ,  90.00 ,  235.00 ,,NO,SI
,677,  405 ,  63 ,  0.0035 ,  -   ,  0.0706 ,  -   ,  20 ,  1.02 ,  80.00 ,  165.00 ,  235.00 ,,NO,SI
,678,  755 ,  130 ,  0.0046 ,  -   ,  0.0930 ,  -   ,  20 ,  0.90 ,  110.00 ,  400.00 ,  200.00 ,,NO,SI
,679,  336 ,  42 ,  0.0001 ,  0.0011 ,  0.0114 ,  10 ,  100 ,  0.15 ,  24.00 ,  24.00 ,  140.00 ,,NO,SI
,680,"  11,118 ","  1,747 ",  0.0003 ,  0.0268 ,  0.0536 ,  100 ,  200 ,  0.14 ,  8.00 ,  130.00 ,  160.00 ,,NO,SI
,681,"  20,540 ","  3,173 ",  0.0003 ,  0.0268 ,  0.0536 ,  100 ,  200 ,  0.13 ,  8.50 ,  125.00 ,  160.00 ,,NO,SI
,682,"  9,202 ","  1,415 ",  0.0003 ,  0.0268 ,  0.0536 ,  100 ,  200 ,  1.42 ,  95.00 ,  130.00 ,  165.00 ,,NO,SI
,683,"  1,239 ",  194 ,  0.0005 ,  0.0127 ,  0.0254 ,  25 ,  50 ,  0.39 ,  6.70 ,  190.00 ,  230.00 ,,NO,SI
,684,"  8,235 ","  1,320 ",  0.0005 ,  0.0127 ,  0.0254 ,  25 ,  50 ,  0.37 ,  9.00 ,  190.00 ,  225.00 ,,NO,SI
,685,"  2,131 ",  374 ,  0.0005 ,  0.0127 ,  0.0254 ,  25 ,  50 ,  0.40 ,  8.30 ,  195.00 ,  225.00 ,,NO,SI
,686,"  7,359 ","  1,239 ",  0.0007 ,  -   ,  0.0174 ,  -   ,  25 ,  0.69 ,  9.00 ,  245.00 ,  275.00 ,,NO,SI
,687,  170 ,  23 ,  0.0002 ,  0.0015 ,  0.0176 ,  6 ,  72 ,  0.30 ,  43.98 ,  43.98 ,  53.04 ,,NO,SI
,688,  424 ,  53 ,  0.0002 ,  0.0015 ,  0.0176 ,  6 ,  72 ,  0.32 ,  46.00 ,  46.00 ,  58.00 ,,NO,SI
,689,  574 ,  67 ,  0.0004 ,  0.0024 ,  0.0195 ,  6 ,  48 ,  -   ,  -   ,  -   ,  -   ,,NO,SI
,690,"  1,586 ",  254 ,  0.0029 ,  0.0173 ,  0.0692 ,  6 ,  24 ,  -   ,  -   ,  -   ,  -   ,,NO,SI
,691,  120 ,  17 ,  0.0006 ,  0.0034 ,  0.0270 ,  6 ,  48 ,  0.70 ,  62.12 ,  62.12 ,  69.69 ,,NO,SI
,692,  60 ,  11 ,  0.0008 ,  0.0030 ,  0.0180 ,  4 ,  24 ,  0.81 ,  72.38 ,  72.38 ,  73.50 ,,NO,SI
,693,  73 ,  10 ,  0.0104 ,  -   ,  0.0313 ,  -   ,  3 ,  -   ,  -   ,  -   ,  -   ,,NO,SI
,694,  953 ,  146 ,  0.0024 ,  -   ,  0.0242 ,  -   ,  10 ,  1.51 ,  60.00 ,  148.00 ,  250.00 ,,NO,SI
,695,  588 ,  93 ,  0.0006 ,  0.0062 ,  0.0749 ,  10 ,  120 ,  0.15 ,  33.00 ,  65.00 ,  330.00 ,,NO,SI
,696,  652 ,  115 ,  0.0008 ,  0.0075 ,  0.0601 ,  10 ,  80 ,  0.22 ,  34.00 ,  65.00 ,  385.00 ,,NO,SI
,697,  452 ,  77 ,  0.0008 ,  0.0076 ,  0.0453 ,  10 ,  60 ,  -   ,  -   ,  -   ,  -   ,,NO,SI
,698,  134 ,  24 ,  0.0008 ,  0.0083 ,  0.0495 ,  10 ,  60 ,  0.45 ,  29.50 ,  65.00 ,  480.00 ,,NO,SI
,699,  518 ,  75 ,  0.0006 ,  0.0058 ,  0.0700 ,  10 ,  120 ,  0.12 ,  33.50 ,  70.00 ,  330.00 ,,NO,SI
,700,  472 ,  88 ,  0.0007 ,  0.0073 ,  0.0582 ,  10 ,  80 ,  0.21 ,  33.50 ,  65.00 ,  380.00 ,,NO,SI
,701,  311 ,  52 ,  0.0008 ,  0.0076 ,  0.0454 ,  10 ,  60 ,  0.34 ,  33.50 ,  65.00 ,  435.00 ,,NO,SI
,702,  274 ,  29 ,  0.0008 ,  0.0083 ,  0.0497 ,  10 ,  60 ,  -   ,  -   ,  -   ,  -   ,,NO,SI
,703,"  1,442 ",  241 ,  0.0006 ,  0.0061 ,  0.0730 ,  10 ,  120 ,  0.14 ,  33.50 ,  70.00 ,  335.00 ,,NO,SI
,704,"  1,456 ",  263 ,  0.0008 ,  0.0075 ,  0.0601 ,  10 ,  80 ,  0.20 ,  34.50 ,  65.00 ,  385.00 ,,NO,SI
,705,  960 ,  150 ,  0.0008 ,  0.0075 ,  0.0452 ,  10 ,  60 ,  0.34 ,  32.00 ,  65.00 ,  430.00 ,,NO,SI
,706,  329 ,  61 ,  0.0009 ,  0.0093 ,  0.0560 ,  10 ,  60 ,  0.50 ,  32.50 ,  70.00 ,  490.00 ,,NO,SI
,707,  995 ,  164 ,  0.0006 ,  0.0061 ,  0.0730 ,  10 ,  120 ,  0.15 ,  33.00 ,  65.00 ,  335.00 ,,NO,SI
,708,  939 ,  163 ,  0.0008 ,  0.0075 ,  0.0602 ,  10 ,  80 ,  0.21 ,  32.50 ,  65.00 ,  380.00 ,,NO,SI
,709,  687 ,  87 ,  0.0008 ,  0.0075 ,  0.0452 ,  10 ,  60 ,  0.34 ,  32.00 ,  65.00 ,  430.00 ,,NO,SI
,710,  206 ,  32 ,  0.0009 ,  0.0093 ,  0.0560 ,  10 ,  60 ,  0.48 ,  32.50 ,  70.00 ,  485.00 ,,NO,SI
,711,"  1,058 ",  153 ,  0.0006 ,  0.0062 ,  0.0749 ,  10 ,  120 ,  0.11 ,  33.00 ,  65.00 ,  335.00 ,,NO,SI
,712,"  1,202 ",  182 ,  0.0008 ,  0.0075 ,  0.0601 ,  10 ,  80 ,  0.16 ,  34.00 ,  65.00 ,  380.00 ,,NO,SI
,713,  745 ,  87 ,  0.0008 ,  0.0075 ,  0.0452 ,  10 ,  60 ,  0.11 ,  34.00 ,  65.00 ,  330.00 ,,NO,SI
,714,  219 ,  25 ,  0.0009 ,  0.0093 ,  0.0560 ,  10 ,  60 ,  0.32 ,  32.50 ,  70.00 ,  485.00 ,,NO,SI
,715,  783 ,  101 ,  0.0006 ,  0.0062 ,  0.0749 ,  10 ,  120 ,  0.25 ,  33.50 ,  65.00 ,  435.00 ,,NO,SI
,716,  761 ,  131 ,  0.0008 ,  0.0075 ,  0.0600 ,  10 ,  80 ,  0.15 ,  33.00 ,  70.00 ,  385.00 ,,NO,SI
,717,  512 ,  60 ,  0.0009 ,  0.0086 ,  0.0516 ,  10 ,  60 ,  0.20 ,  33.00 ,  65.00 ,  430.00 ,,NO,SI
,718,  91 ,  16 ,  0.0008 ,  0.0083 ,  0.0495 ,  10 ,  60 ,  0.32 ,  32.50 ,  70.00 ,  485.00 ,,NO,SI
,719,  778 ,  119 ,  0.0006 ,  0.0062 ,  0.0749 ,  10 ,  120 ,  0.16 ,  31.50 ,  65.00 ,  330.00 ,,NO,SI
,720,  699 ,  100 ,  0.0007 ,  0.0073 ,  0.0583 ,  10 ,  80 ,  0.21 ,  31.50 ,  65.00 ,  385.00 ,,NO,SI
,721,  204 ,  30 ,  0.0009 ,  0.0093 ,  0.0560 ,  10 ,  60 ,  0.30 ,  35.00 ,  65.00 ,  435.00 ,,NO,SI
,722,  61 ,  14 ,  0.0008 ,  0.0083 ,  0.0495 ,  10 ,  60 ,  0.43 ,  34.50 ,  70.00 ,  485.00 ,,NO,SI
,723,  402 ,  64 ,  0.0006 ,  0.0061 ,  0.0730 ,  10 ,  120 ,  0.02 ,  31.00 ,  65.00 ,  330.00 ,,NO,SI
,724,  359 ,  75 ,  0.0007 ,  0.0069 ,  0.0551 ,  10 ,  80 ,  0.21 ,  33.00 ,  65.00 ,  385.00 ,,NO,SI
,725,  106 ,  20 ,  0.0008 ,  0.0085 ,  0.0508 ,  10 ,  60 ,  0.30 ,  34.00 ,  65.00 ,  435.00 ,,NO,SI
,726,  105 ,  11 ,  0.0009 ,  0.0093 ,  0.0560 ,  10 ,  60 ,  0.44 ,  32.50 ,  70.00 ,  485.00 ,,NO,SI
,727,"  3,741 ",  658 ,  0.0001 ,  0.0010 ,  0.0104 ,  20 ,  200 ,  0.08 ,  23.85 ,  23.85 ,  55.55 ,,NO,SI
,728,"  5,150 ",  915 ,  0.0001 ,  0.0010 ,  0.0104 ,  20 ,  200 ,  0.08 ,  23.80 ,  23.80 ,  55.20 ,,NO,SI
,729,"  2,598 ",  428 ,  0.0001 ,  0.0010 ,  0.0104 ,  20 ,  200 ,  0.08 ,  24.10 ,  24.10 ,  55.83 ,,NO,SI
,730,"  3,287 ",  547 ,  0.0001 ,  0.0010 ,  0.0104 ,  20 ,  200 ,  0.08 ,  23.93 ,  23.93 ,  55.16 ,,NO,SI
,731,"  3,151 ",  535 ,  0.0001 ,  0.0010 ,  0.0104 ,  20 ,  200 ,  0.09 ,  23.91 ,  23.91 ,  55.46 ,,NO,SI
,732,"  1,146 ",  209 ,  0.0001 ,  0.0010 ,  0.0104 ,  20 ,  200 ,  0.10 ,  23.85 ,  23.85 ,  55.49 ,,NO,SI
,733,  849 ,  146 ,  0.0001 ,  0.0010 ,  0.0100 ,  20 ,  200 ,  0.11 ,  24.18 ,  24.18 ,  55.00 ,,NO,SI
,734,"  1,577 ",  284 ,  0.0001 ,  0.0010 ,  0.0104 ,  10 ,  100 ,  -   ,  -   ,  -   ,  -   ,,NO,SI
,735,"  2,189 ",  341 ,  0.0001 ,  0.0010 ,  0.0104 ,  10 ,  100 ,  -   ,  -   ,  -   ,  -   ,,NO,SI
,736,"  1,025 ",  148 ,  0.0001 ,  0.0010 ,  0.0103 ,  10 ,  100 ,  -   ,  -   ,  -   ,  -   ,,NO,SI
,737,"  1,636 ",  197 ,  0.0001 ,  0.0010 ,  0.0104 ,  10 ,  100 ,  -   ,  -   ,  -   ,  -   ,,NO,SI
,738,"  1,448 ",  245 ,  0.0001 ,  0.0010 ,  0.0104 ,  10 ,  100 ,  0.12 ,  23.84 ,  23.84 ,  100.20 ,,NO,SI
,739,  492 ,  84 ,  0.0001 ,  0.0010 ,  0.0104 ,  10 ,  100 ,  0.14 ,  24.00 ,  24.00 ,  100.00 ,,NO,SI
,740,  434 ,  61 ,  0.0001 ,  0.0010 ,  0.0104 ,  10 ,  100 ,  0.17 ,  24.50 ,  24.50 ,  101.00 ,,NO,SI
,741,  404 ,  67 ,  0.0002 ,  0.0025 ,  0.0200 ,  13 ,  104 ,  0.07 ,  14.25 ,  70.00 ,  120.00 ,,NO,SI
,742,  279 ,  59 ,  0.0003 ,  0.0031 ,  0.0374 ,  12 ,  144 ,  0.11 ,  12.85 ,  98.00 ,  126.00 ,,NO,SI
,743,  395 ,  83 ,  0.0003 ,  0.0031 ,  0.0374 ,  12 ,  144 ,  0.15 ,  12.30 ,  93.00 ,  127.00 ,,NO,SI
,744,"  1,591 ",  272 ,  0.0003 ,  0.0031 ,  0.0374 ,  12 ,  144 ,  0.18 ,  14.66 ,  95.00 ,  125.00 ,,NO,SI
,745,  825 ,  121 ,  0.0003 ,  0.0031 ,  0.0374 ,  12 ,  144 ,  0.12 ,  14.15 ,  95.00 ,  125.00 ,,NO,SI
,746,  461 ,  91 ,  0.0003 ,  0.0031 ,  0.0374 ,  12 ,  144 ,  0.19 ,  16.95 ,  90.00 ,  125.00 ,,NO,SI
,747,  840 ,  120 ,  0.0003 ,  0.0031 ,  0.0374 ,  12 ,  144 ,  0.15 ,  20.40 ,  90.00 ,  125.00 ,,NO,SI
,748,"  1,393 ",  220 ,  0.0004 ,  0.0043 ,  0.0261 ,  12 ,  72 ,  0.26 ,  19.91 ,  92.75 ,  126.26 ,,NO,SI
,749,"  1,202 ",  178 ,  0.0004 ,  0.0043 ,  0.0261 ,  12 ,  72 ,  0.26 ,  20.05 ,  93.20 ,  130.02 ,,NO,SI
,750,  671 ,  107 ,  0.0003 ,  0.0031 ,  0.0374 ,  12 ,  144 ,  0.17 ,  20.85 ,  92.55 ,  126.19 ,,NO,SI
,751,"  2,786 ",  438 ,  0.0003 ,  0.0031 ,  0.0374 ,  12 ,  144 ,  0.14 ,  17.00 ,  90.00 ,  125.00 ,,NO,SI
,752,"  1,713 ",  282 ,  0.0003 ,  0.0031 ,  0.0374 ,  12 ,  144 ,  0.13 ,  16.54 ,  92.96 ,  126.55 ,,NO,SI
,753,"  5,232 ",  800 ,  0.0003 ,  0.0031 ,  0.0374 ,  12 ,  144 ,  0.19 ,  17.70 ,  92.00 ,  126.00 ,,NO,SI
,754,"  2,927 ",  421 ,  0.0002 ,  0.0021 ,  0.0251 ,  12 ,  144 ,  0.19 ,  17.24 ,  90.00 ,  125.00 ,,NO,SI
,755,"  1,047 ",  115 ,  0.0002 ,  0.0044 ,  0.0175 ,  20 ,  80 ,  0.10 ,  18.75 ,  80.00 ,  120.00 ,,NO,SI
,756,  768 ,  167 ,  0.0002 ,  0.0044 ,  0.0175 ,  20 ,  80 ,  0.11 ,  15.90 ,  79.78 ,  120.00 ,,NO,SI
,757,  232 ,  12 ,  0.0003 ,  0.0031 ,  0.0374 ,  12 ,  144 ,  0.10 ,  12.94 ,  92.00 ,  126.00 ,,NO,SI
,758,  249 ,  37 ,  0.0003 ,  0.0031 ,  0.0374 ,  12 ,  144 ,  0.15 ,  52.63 ,  134.00 ,  167.03 ,,NO,SI
,759,  195 ,  27 ,  0.0086 ,  -   ,  0.0517 ,  -   ,  6 ,  1.22 ,  88.00 ,  325.00 ,  375.00 ,,NO,SI
,760,  418 ,  48 ,  0.0001 ,  0.0010 ,  0.0104 ,  20 ,  200 ,  0.07 ,  18.50 ,  18.50 ,  91.50 ,,NO,SI
,761,  187 ,  19 ,  0.0045 ,  -   ,  0.0450 ,  -   ,  10 ,  1.39 ,  75.00 ,  305.00 ,  215.00 ,,NO,SI
,762,  584 ,  83 ,  0.0003 ,  0.0031 ,  0.0374 ,  12 ,  144 ,  -   ,  -   ,  -   ,  -   ,,NO,SI
,763,  628 ,  95 ,  0.0002 ,  0.0024 ,  0.0288 ,  12 ,  144 ,  0.18 ,  16.00 ,  95.00 ,  125.00 ,,NO,SI
,764,  558 ,  67 ,  0.0003 ,  0.0031 ,  0.0374 ,  12 ,  144 ,  0.14 ,  20.25 ,  95.00 ,  125.00 ,,NO,SI
,765,  697 ,  95 ,  0.0004 ,  0.0044 ,  0.0261 ,  12 ,  72 ,  0.26 ,  20.50 ,  92.50 ,  126.30 ,,NO,SI
,766,  918 ,  145 ,  0.0000 ,  0.0095 ,  0.0380 ,  250 ,"  1,000 ",  0.01 ,  6.00 ,  60.00 ,  105.00 ,,NO,SI
,767,"  4,638 ",  810 ,  0.0000 ,  0.0083 ,  0.0495 ,  250 ,"  1,500 ",  0.01 ,  7.50 ,  60.00 ,  105.00 ,,NO,SI
,768,"  3,722 ",  661 ,  0.0001 ,  0.0100 ,  0.0400 ,  200 ,  800 ,  0.02 ,  9.50 ,  60.00 ,  105.00 ,,NO,SI
,769,"  1,561 ",  274 ,  0.0001 ,  0.0092 ,  0.0366 ,  150 ,  600 ,  0.02 ,  11.50 ,  60.00 ,  105.00 ,,NO,SI
,770,  944 ,  153 ,  0.0001 ,  0.0095 ,  0.0380 ,  125 ,  500 ,  0.03 ,  13.00 ,  60.00 ,  110.00 ,,NO,SI
,771,  158 ,  38 ,  0.0047 ,  -   ,  0.0474 ,  -   ,  10 ,  -   ,  -   ,  -   ,  -   ,,NO,SI
,772,"  1,097 ",  154 ,  0.0045 ,  -   ,  0.0455 ,  -   ,  10 ,  1.35 ,  90.00 ,  140.00 ,  270.00 ,,NO,SI
,791,"  1,005 ",  166 ,  0.0002 ,  0.0035 ,  0.0212 ,  20 ,  120 ,  0.34 ,  177.00 ,  52.00 ,  17.00 ,,NO,SI
,792,  730 ,  114 ,  0.0003 ,  0.0040 ,  0.0240 ,  12 ,  72 ,  0.06 ,  14.50 ,  14.50 ,  150.00 ,,NO,SI
,793,  85 ,  14 ,  0.0108 ,  -   ,  0.0646 ,  -   ,  6 ,  -   ,  90.00 ,  420.00 ,  280.00 ,,NO,SI
,794,"  2,452 ",  467 ,  0.0010 ,  0.0059 ,  0.0351 ,  6 ,  36 ,  0.73 ,  30.00 ,  130.00 ,  335.00 ,,NO,SI
,795,"  4,915 ",  710 ,  0.0003 ,  0.0084 ,  0.0168 ,  25 ,  50 ,  0.32 ,  5.50 ,  200.00 ,  245.00 ,,NO,SI
,796,"  1,496 ",  189 ,  0.0000 ,  0.0004 ,  0.0117 ,  10 ,  300 ,  0.04 ,  7.10 ,  18.00 ,  135.00 ,,NO,SI
,797,  608 ,  72 ,  0.0001 ,  0.0005 ,  0.0162 ,  10 ,  300 ,  0.05 ,  8.00 ,  21.50 ,  155.00 ,,NO,SI
,798,"  2,955 ",  488 ,  0.0001 ,  0.0006 ,  0.0177 ,  10 ,  300 ,  0.05 ,  8.00 ,  21.50 ,  150.00 ,,NO,SI
,799,"  1,811 ",  288 ,  0.0001 ,  0.0007 ,  0.0140 ,  10 ,  200 ,  0.07 ,  8.50 ,  23.50 ,  165.00 ,,NO,SI
,800,  891 ,  162 ,  0.0001 ,  0.0008 ,  0.0123 ,  10 ,  150 ,  0.10 ,  10.00 ,  27.00 ,  180.00 ,,NO,SI
,801,"  3,223 ",  528 ,  0.0001 ,  0.0008 ,  0.0126 ,  10 ,  150 ,  0.09 ,  9.75 ,  27.00 ,  175.00 ,,NO,SI
,802,"  1,239 ",  193 ,  0.0001 ,  0.0010 ,  0.0121 ,  10 ,  120 ,  0.11 ,  10.00 ,  30.00 ,  190.00 ,,NO,SI
,803,  784 ,  104 ,  0.0001 ,  0.0012 ,  0.0146 ,  10 ,  120 ,  0.14 ,  11.00 ,  35.00 ,  205.00 ,,NO,SI
,804,  706 ,  106 ,  0.0001 ,  0.0012 ,  0.0146 ,  10 ,  120 ,  0.14 ,  11.00 ,  34.50 ,  205.00 ,,NO,SI
,805,"  1,012 ",  153 ,  0.0002 ,  0.0016 ,  0.0126 ,  10 ,  80 ,  0.18 ,  11.00 ,  37.50 ,  220.00 ,,NO,SI
,806,  444 ,  62 ,  0.0002 ,  0.0016 ,  0.0131 ,  10 ,  80 ,  0.17 ,  11.00 ,  38.00 ,  220.00 ,,NO,SI
,807,  842 ,  154 ,  0.0002 ,  0.0019 ,  0.0115 ,  10 ,  60 ,  0.22 ,  12.00 ,  41.00 ,  240.00 ,,NO,SI
,808,  518 ,  58 ,  0.0000 ,  0.0021 ,  0.0084 ,  100 ,  400 ,  0.01 ,  2.00 ,  15.00 ,  90.50 ,,NO,SI
,809,  692 ,  86 ,  0.0000 ,  0.0021 ,  0.0084 ,  100 ,  400 ,  0.01 ,  2.50 ,  2.50 ,  103.00 ,,NO,SI
,810,"  1,218 ",  134 ,  0.0000 ,  0.0021 ,  0.0084 ,  100 ,  400 ,  0.01 ,  3.00 ,  3.00 ,  115.50 ,,NO,SI
,811,"  2,022 ",  311 ,  0.0000 ,  0.0021 ,  0.0084 ,  100 ,  400 ,  0.01 ,  3.40 ,  22.35 ,  130.00 ,,NO,SI
,812,"  3,136 ",  456 ,  0.0000 ,  0.0036 ,  0.0144 ,  100 ,  400 ,  0.02 ,  4.65 ,  27.37 ,  145.00 ,,NO,SI
,813,"  2,676 ",  468 ,  0.0000 ,  0.0036 ,  0.0144 ,  100 ,  400 ,  0.03 ,  5.80 ,  32.13 ,  165.00 ,,NO,SI
,814,"  2,386 ",  415 ,  0.0001 ,  0.0054 ,  0.0108 ,  100 ,  200 ,  0.06 ,  7.00 ,  36.76 ,  185.00 ,,NO,SI
,815,  932 ,  156 ,  0.0001 ,  0.0054 ,  0.0107 ,  50 ,  100 ,  0.10 ,  9.50 ,  9.50 ,  215.00 ,,NO,SI
,816,  381 ,  68 ,  0.0001 ,  0.0054 ,  0.0107 ,  50 ,  100 ,  0.18 ,  11.50 ,  50.00 ,  240.00 ,,NO,SI
,817,  113 ,  19 ,  0.0000 ,  0.0021 ,  0.0084 ,  100 ,  400 ,  0.01 ,  2.00 ,  2.00 ,  91.50 ,,NO,SI
,818,  141 ,  15 ,  0.0000 ,  0.0021 ,  0.0084 ,  100 ,  400 ,  0.01 ,  2.50 ,  2.50 ,  102.50 ,,NO,SI
,819,  162 ,  23 ,  0.0000 ,  0.0021 ,  0.0084 ,  100 ,  400 ,  0.01 ,  2.50 ,  18.00 ,  102.00 ,,NO,SI
,820,  475 ,  50 ,  0.0000 ,  0.0021 ,  0.0084 ,  100 ,  400 ,  0.01 ,  4.00 ,  23.50 ,  130.00 ,,NO,SI
,821,  422 ,  59 ,  0.0000 ,  0.0036 ,  0.0144 ,  100 ,  400 ,  0.02 ,  4.50 ,  28.00 ,  150.00 ,,NO,SI
,822,"  1,111 ",  147 ,  0.0000 ,  0.0036 ,  0.0144 ,  100 ,  400 ,  0.03 ,  5.50 ,  5.50 ,  165.00 ,,NO,SI
,823,  336 ,  40 ,  0.0001 ,  0.0054 ,  0.0108 ,  100 ,  200 ,  0.06 ,  7.50 ,  37.50 ,  190.00 ,,NO,SI
,824,  162 ,  23 ,  0.0001 ,  0.0054 ,  0.0107 ,  50 ,  100 ,  0.10 ,  9.00 ,  42.50 ,  210.00 ,,NO,SI
,825,  272 ,  43 ,  0.0001 ,  0.0054 ,  0.0107 ,  50 ,  100 ,  0.16 ,  11.00 ,  50.00 ,  240.00 ,,NO,SI
,827,  326 ,  47 ,  0.0002 ,  0.0015 ,  0.0178 ,  6 ,  72 ,  0.31 ,  45.00 ,  45.00 ,  54.00 ,,NO,SI
,828,  215 ,  36 ,  0.0001 ,  0.0010 ,  0.0104 ,  20 ,  200 ,  0.10 ,  24.00 ,  24.00 ,  55.50 ,,NO,SI
,829,  207 ,  32 ,  0.0001 ,  0.0010 ,  0.0103 ,  10 ,  100 ,  -   ,  -   ,  -   ,  -   ,,NO,SI
,831,  118 ,  19 ,  0.0008 ,  0.0034 ,  0.0203 ,  4 ,  24 ,  0.89 ,  72.35 ,  72.35 ,  75.01 ,,NO,SI
,836,"  1,077 ",  170 ,  0.0000 ,  0.0014 ,  0.0140 ,  50 ,  500 ,  0.01 ,  11.85 ,  11.85 ,  25.00 ,,NO,SI
,841,  113 ,  18 ,  0.0002 ,  -   ,  0.0230 ,  -   ,  100 ,  0.06 ,  13.50 ,  100.00 ,  150.00 ,,NO,SI
,842,"  1,634 ",  357 ,  0.0006 ,  0.0070 ,  0.0700 ,  12 ,  120 ,  0.13 ,  73.80 ,  90.00 ,  160.00 ,,NO,SI
,843,  944 ,  154 ,  0.0001 ,  0.0186 ,  0.0372 ,  200 ,  400 ,  0.02 ,  15.00 ,  72.50 ,  125.00 ,,NO,SI
,844,"  1,289 ",  228 ,  0.0001 ,  0.0186 ,  0.0372 ,  200 ,  400 ,  0.03 ,  15.50 ,  70.00 ,  135.00 ,,NO,SI
,845,"  2,054 ",  341 ,  0.0002 ,  -   ,  0.0525 ,  -   ,  300 ,  0.05 ,  18.60 ,  95.00 ,  55.00 ,,NO,SI
,846,"  1,731 ",  297 ,  0.0002 ,  0.0198 ,  0.0396 ,  100 ,  200 ,  0.07 ,  19.00 ,  95.00 ,  175.00 ,,NO,SI
,847,"  1,305 ",  145 ,  0.0003 ,  0.0133 ,  0.0265 ,  50 ,  100 ,  0.09 ,  19.60 ,  95.00 ,  195.00 ,,NO,SI
,848,  626 ,  100 ,  0.0004 ,  0.0098 ,  0.0197 ,  25 ,  50 ,#N/A,#N/A,#N/A,#N/A,,NO,SI
,849,  469 ,  78 ,  0.0005 ,  0.0092 ,  0.0185 ,  20 ,  40 ,  0.25 ,  22.50 ,  118.50 ,  240.00 ,,NO,SI
,850,  365 ,  49 ,  0.0054 ,  -   ,  0.0643 ,  -   ,  12 ,  1.14 ,  45.00 ,  310.00 ,  330.00 ,,NO,SI
,851,  340 ,  46 ,  0.0001 ,  0.0011 ,  0.0106 ,  20 ,  200 ,  0.03 ,  17.00 ,  17.00 ,  28.50 ,,NO,SI
,852,  333 ,  48 ,  0.0001 ,  0.0011 ,  0.0106 ,  20 ,  200 ,  0.03 ,  17.00 ,  17.00 ,  28.50 ,,NO,SI
,853,  517 ,  71 ,  0.0000 ,  0.0008 ,  0.0084 ,  20 ,  200 ,  0.03 ,  17.00 ,  17.00 ,  28.50 ,,NO,SI
,854,  213 ,  40 ,  0.0000 ,  0.0009 ,  0.0086 ,  20 ,  200 ,  0.03 ,  17.80 ,  17.80 ,  28.28 ,,NO,SI
,856,"  1,544 ",  204 ,  0.0001 ,  0.0017 ,  0.0067 ,  25 ,  100 ,  0.01 ,  54.85 ,  54.85 ,  18.90 ,,NO,SI
,857,  743 ,  146 ,  0.0007 ,  0.0168 ,  0.0673 ,  25 ,  100 ,  0.01 ,  55.14 ,  55.14 ,  18.73 ,,NO,SI
,858,  963 ,  160 ,  0.0001 ,  0.0024 ,  0.0096 ,  25 ,  100 ,  -   ,  -   ,  -   ,  -   ,,NO,SI
,859,"  1,768 ",  200 ,  0.0001 ,  0.0028 ,  0.0111 ,  25 ,  100 ,  -   ,  -   ,  -   ,  -   ,,NO,SI
,860,  633 ,  103 ,  0.0004 ,  0.0037 ,  0.0744 ,  10 ,  200 ,  0.08 ,  14.00 ,  80.00 ,  210.00 ,,NO,SI
,861,  392 ,  65 ,  0.0004 ,  0.0037 ,  0.0744 ,  10 ,  200 ,  0.08 ,  14.50 ,  80.00 ,  210.00 ,,NO,SI
,862,  465 ,  75 ,  0.0004 ,  0.0037 ,  0.0744 ,  10 ,  200 ,  0.08 ,  15.00 ,  75.00 ,  210.00 ,,NO,SI
,863,  297 ,  51 ,  0.0003 ,  0.0031 ,  0.0305 ,  10 ,  100 ,  0.08 ,  14.70 ,  75.00 ,  210.00 ,,NO,SI
,864,  648 ,  117 ,  0.0008 ,  0.0078 ,  0.0468 ,  10 ,  60 ,  0.29 ,  23.50 ,  90.00 ,  295.00 ,,NO,SI
,865,  382 ,  63 ,  0.0008 ,  0.0078 ,  0.0468 ,  10 ,  60 ,  0.30 ,  23.50 ,  95.00 ,  300.00 ,,NO,SI
,866,  733 ,  128 ,  0.0007 ,  0.0072 ,  0.0430 ,  10 ,  60 ,  0.28 ,  23.00 ,  95.00 ,  300.00 ,,NO,SI
,867,  407 ,  64 ,  0.0008 ,  0.0078 ,  0.0468 ,  10 ,  60 ,  0.28 ,  22.90 ,  90.00 ,  295.00 ,,NO,SI
,868,  315 ,  53 ,  0.0010 ,  0.0101 ,  0.0608 ,  10 ,  60 ,  0.51 ,  33.30 ,  115.00 ,  375.00 ,,NO,SI
,869,  152 ,  30 ,  0.0011 ,  0.0112 ,  0.0671 ,  10 ,  60 ,  0.51 ,  30.64 ,  115.00 ,  375.00 ,,NO,SI
,870,  387 ,  70 ,  0.0010 ,  0.0101 ,  0.0608 ,  10 ,  60 ,#N/A,#N/A,#N/A,#N/A,,NO,SI
,871,  167 ,  38 ,  0.0011 ,  0.0112 ,  0.0671 ,  10 ,  60 ,  0.47 ,  32.50 ,  115.00 ,  375.00 ,,NO,SI
,872,"  1,272 ",  209 ,  0.0007 ,  0.0173 ,  0.0346 ,  25 ,  50 ,  0.16 ,  55.00 ,  55.00 ,  180.00 ,,NO,SI
,873,"  1,117 ",  200 ,  0.0001 ,  0.0017 ,  0.0034 ,  25 ,  50 ,  0.23 ,  55.00 ,  55.00 ,  180.00 ,,NO,SI
,874,"  1,950 ",  310 ,  0.0001 ,  0.0014 ,  0.0136 ,  20 ,  200 ,  0.08 ,  21.96 ,  21.96 ,  76.91 ,,NO,SI
,875,  858 ,  126 ,  0.0001 ,  0.0014 ,  0.0136 ,  20 ,  200 ,  0.09 ,  22.00 ,  22.00 ,  77.00 ,,NO,SI
,876,"  3,379 ",  431 ,  0.0001 ,  0.0014 ,  0.0136 ,  20 ,  200 ,  0.09 ,  22.08 ,  22.08 ,  77.15 ,,NO,SI
,877,"  1,476 ",  227 ,  0.0001 ,  0.0014 ,  0.0138 ,  20 ,  200 ,  0.10 ,  21.90 ,  21.90 ,  77.00 ,,NO,SI
,878,"  1,660 ",  266 ,  0.0001 ,  0.0014 ,  0.0138 ,  20 ,  200 ,  0.11 ,  21.90 ,  21.90 ,  76.90 ,,NO,SI
,879,"  5,276 ",  765 ,  0.0001 ,  0.0014 ,  0.0136 ,  20 ,  200 ,  0.11 ,  22.00 ,  22.00 ,  76.92 ,,NO,SI
,880,"  2,732 ",  419 ,  0.0001 ,  0.0014 ,  0.0136 ,  20 ,  200 ,  0.10 ,  21.90 ,  21.90 ,  77.40 ,,NO,SI
,881,"  1,946 ",  288 ,  0.0001 ,  0.0014 ,  0.0138 ,  20 ,  200 ,  0.10 ,  21.85 ,  21.85 ,  77.05 ,,NO,SI
,882,"  3,544 ",  661 ,  0.0001 ,  0.0014 ,  0.0136 ,  20 ,  200 ,  0.10 ,  21.91 ,  21.91 ,  76.85 ,,NO,SI
,883,"  3,686 ",  498 ,  0.0001 ,  0.0018 ,  0.0182 ,  20 ,  200 ,  0.12 ,  23.92 ,  23.92 ,  77.24 ,,NO,SI
,884,"  2,648 ",  454 ,  0.0001 ,  0.0018 ,  0.0182 ,  20 ,  200 ,  0.14 ,  25.90 ,  25.90 ,  77.62 ,,NO,SI
,885,"  3,623 ",  588 ,  0.0001 ,  0.0018 ,  0.0182 ,  20 ,  200 ,  0.13 ,  25.75 ,  25.75 ,  77.20 ,,NO,SI
,886,  585 ,  115 ,  0.0002 ,  0.0032 ,  0.0159 ,  20 ,  100 ,  0.16 ,  28.00 ,  28.00 ,  77.50 ,,NO,SI
,887,"  1,766 ",  353 ,  0.0001 ,  0.0030 ,  0.0149 ,  20 ,  100 ,  0.15 ,  27.80 ,  27.80 ,  77.00 ,,NO,SI
,888,"  1,728 ",  310 ,  0.0001 ,  0.0030 ,  0.0149 ,  20 ,  100 ,  0.18 ,  29.83 ,  29.83 ,  77.40 ,,NO,SI
,889,"  2,327 ",  378 ,  0.0003 ,  0.0060 ,  0.0298 ,  20 ,  100 ,  0.21 ,  31.75 ,  31.75 ,  77.13 ,,NO,SI
,890,"  1,662 ",  314 ,  0.0002 ,  0.0032 ,  0.0159 ,  16 ,  80 ,  0.27 ,  35.83 ,  35.83 ,  77.50 ,,NO,SI
,891,  928 ,  172 ,  0.0003 ,  0.0028 ,  0.0140 ,  10 ,  50 ,  0.34 ,  40.00 ,  40.00 ,  76.50 ,,NO,SI
,892,  772 ,  105 ,  0.0003 ,  0.0028 ,  0.0140 ,  10 ,  50 ,  0.08 ,  42.00 ,  42.00 ,  77.50 ,,NO,SI
,893,  997 ,  166 ,  0.0004 ,  0.0023 ,  0.0275 ,  6 ,  72 ,  0.82 ,  14.00 ,  80.00 ,  199.00 ,,NO,SI
,894,"  2,628 ",  454 ,  0.0007 ,  0.0039 ,  0.0394 ,  6 ,  60 ,  0.25 ,  17.00 ,  88.00 ,  275.00 ,,NO,SI
,895,"  1,249 ",  209 ,  0.0001 ,  0.0060 ,  0.0238 ,  50 ,  200 ,  -   ,  -   ,  -   ,  -   ,,NO,SI
,896,  553 ,  141 ,  0.0002 ,  0.0107 ,  0.0426 ,  50 ,  200 ,  0.08 ,  25.00 ,  25.00 ,  610.00 ,,NO,SI
,5170,  369 ,  -   ,  0.0004 ,  0.0191 ,  0.0763 ,  50 ,  200 ,  0.08 ,  25.00 ,  25.00 ,  610.00 ,,NO,SI
,897,"  2,097 ",  335 ,  0.0002 ,  0.0022 ,  0.0109 ,  10 ,  50 ,  -   ,  -   ,  -   ,  -   ,,NO,SI
,898,"  1,387 ",  140 ,  0.0002 ,  0.0022 ,  0.0109 ,  10 ,  50 ,  0.04 ,  35.00 ,  35.00 ,  100.00 ,,NO,SI
,899,  326 ,  34 ,  0.0002 ,  0.0018 ,  0.0090 ,  10 ,  50 ,  0.05 ,  35.00 ,  40.00 ,  105.00 ,,NO,SI
,900,  106 ,  13 ,  0.0002 ,  0.0021 ,  0.0105 ,  10 ,  50 ,  0.13 ,  50.00 ,  50.00 ,  100.00 ,,NO,SI
,901,  201 ,  38 ,  0.0002 ,  0.0022 ,  0.0109 ,  10 ,  50 ,  0.07 ,  35.00 ,  35.00 ,  100.00 ,,NO,SI
,902,  203 ,  18 ,  0.0002 ,  0.0022 ,  0.0109 ,  10 ,  50 ,  0.09 ,  35.00 ,  40.00 ,  100.00 ,,NO,SI
,903,  181 ,  34 ,  0.0002 ,  0.0022 ,  0.0109 ,  10 ,  50 ,  0.06 ,  35.00 ,  40.00 ,  105.00 ,,NO,SI
,904,"  1,224 ",  187 ,  0.0002 ,  0.0022 ,  0.0109 ,  10 ,  50 ,  0.06 ,  35.00 ,  35.00 ,  100.00 ,,NO,SI
,905,"  1,250 ",  195 ,  0.0002 ,  0.0022 ,  0.0109 ,  10 ,  50 ,  0.05 ,  35.00 ,  35.00 ,  100.00 ,,NO,SI
,906,  347 ,  52 ,  0.0004 ,  0.0035 ,  0.0177 ,  10 ,  50 ,  0.10 ,  45.00 ,  45.00 ,  100.00 ,,NO,SI
,907,  128 ,  26 ,  0.0002 ,  0.0022 ,  0.0109 ,  10 ,  50 ,  0.06 ,  35.00 ,  35.00 ,  100.00 ,,NO,SI
,908,  208 ,  25 ,  0.0004 ,  0.0035 ,  0.0177 ,  10 ,  50 ,  0.12 ,  50.00 ,  50.00 ,  100.00 ,,NO,SI
,909,  150 ,  20 ,  0.0002 ,  0.0022 ,  0.0109 ,  10 ,  50 ,  0.13 ,  45.00 ,  50.00 ,  105.00 ,,NO,SI
,910,  161 ,  25 ,  0.0002 ,  0.0018 ,  0.0091 ,  10 ,  50 ,  0.13 ,  45.00 ,  50.00 ,  105.00 ,,NO,SI
,911,  179 ,  20 ,  0.0002 ,  0.0018 ,  0.0090 ,  10 ,  50 ,  0.06 ,  35.00 ,  35.00 ,  100.00 ,,NO,SI
,912,"  1,317 ",  157 ,  0.0001 ,  0.0024 ,  0.0240 ,  20 ,  200 ,#N/A,#N/A,#N/A,#N/A,,NO,SI
,913,"  3,540 ",  585 ,  0.0010 ,  0.0058 ,  0.0232 ,  6 ,  24 ,  0.52 ,  95.00 ,  310.00 ,  40.00 ,,NO,SI
,914,"  1,100 ",  174 ,  0.0002 ,  -   ,  0.0312 ,  -   ,  200 ,  0.04 ,  38.38 ,  38.38 ,  32.69 ,,NO,SI
,5171,  82 ,  -   ,  0.0000 , #VALUE!,  0.0096 , -,  200 ,  0.04 ,  38.40 ,  38.40 ,  32.70 ,,NO,SI
,915,  413 ,  54 ,  0.0000 ,  0.0010 ,  0.0160 ,  50 ,  800 ,  0.01 ,  12.00 ,  12.00 ,  25.50 ,,NO,SI
,916,  578 ,  94 ,  0.0000 ,  0.0010 ,  0.0200 ,  50 ,"  1,000 ",  0.01 ,  12.00 ,  12.00 ,  25.50 ,,NO,SI
,917,  505 ,  74 ,  0.0000 ,  0.0010 ,  0.0200 ,  50 ,"  1,000 ",  0.01 ,  12.00 ,  12.00 ,  25.00 ,,NO,SI
,918,  506 ,  74 ,  0.0000 ,  0.0007 ,  0.0260 ,  25 ,"  1,000 ",  0.01 ,  12.00 ,  12.00 ,  25.00 ,,NO,SI
,919,  874 ,  147 ,  0.0000 ,  0.0010 ,  0.0198 ,  30 ,  600 ,  0.02 ,  12.83 ,  12.83 ,  24.75 ,,NO,SI
,920,  464 ,  71 ,  0.0000 ,  0.0003 ,  0.0180 ,  10 ,  600 ,  0.02 ,  15.00 ,  15.00 ,  25.00 ,,NO,SI
,921,  411 ,  68 ,  0.0007 ,  0.0067 ,  0.0266 ,  10 ,  40 ,  0.13 ,  27.22 ,  96.00 ,  203.00 ,,NO,SI
,922,"  3,234 ",  502 ,  0.0000 ,  0.0074 ,  0.0298 ,  240 ,  960 ,  0.01 ,  14.10 ,  60.00 ,  48.00 ,,NO,SI
,923,"  1,358 ",  199 ,  0.0002 ,  0.0022 ,  0.0109 ,  10 ,  50 ,  0.05 ,  35.00 ,  35.00 ,  100.00 ,,NO,SI
,924,  977 ,  143 ,  0.0002 ,  0.0022 ,  0.0109 ,  10 ,  50 ,  0.07 ,  35.00 ,  35.00 ,  100.00 ,,NO,SI
,925,"  1,078 ",  153 ,  0.0002 ,  0.0022 ,  0.0109 ,  10 ,  50 ,  0.08 ,  35.00 ,  35.00 ,  100.00 ,,NO,SI
,926,  247 ,  36 ,  0.0002 ,  0.0022 ,  0.0109 ,  10 ,  50 ,  0.04 ,  35.00 ,  35.00 ,  100.00 ,,NO,SI
,927,  165 ,  28 ,  0.0002 ,  0.0022 ,  0.0109 ,  10 ,  50 ,  0.04 ,  35.00 ,  35.00 ,  100.00 ,,NO,SI
,928,  220 ,  37 ,  0.0002 ,  0.0022 ,  0.0109 ,  10 ,  50 ,  -   ,  -   ,  -   ,  -   ,,NO,SI
,929,  193 ,  21 ,  0.0002 ,  0.0018 ,  0.0090 ,  10 ,  50 ,  0.04 ,  35.00 ,  35.00 ,  100.00 ,,NO,SI
,930,  158 ,  22 ,  0.0002 ,  0.0022 ,  0.0109 ,  10 ,  50 ,  0.04 ,  35.00 ,  35.00 ,  100.00 ,,NO,SI
,931,  181 ,  12 ,  0.0000 ,  0.0047 ,  0.0094 ,  100 ,  200 ,  0.08 ,  21.50 ,  75.00 ,  130.00 ,,NO,SI
,932,"  9,832 ","  1,593 ",  0.0001 ,  0.0074 ,  0.0298 ,  120 ,  480 ,  0.04 ,  10.75 ,  45.00 ,  140.00 ,,NO,SI
,933,"  1,610 ",  145 ,  0.0000 ,  -   ,  0.0072 ,  -   ,"  2,400 ",  0.03 ,  16.68 ,  16.68 ,  51.42 ,,NO,SI
,934,"  1,341 ",  320 ,  0.0010 ,  0.0115 ,  0.0690 ,  12 ,  72 ,  0.27 ,  28.50 ,  110.00 ,  485.00 ,,NO,SI
,935,"  1,162 ",  119 ,  0.0016 ,  -   ,  0.0649 ,  -   ,  40 ,  0.34 ,  48.00 ,  140.00 ,  210.00 ,,NO,SI
,936,  96 ,  8 ,  0.0013 ,  -   ,  0.0175 ,  -   ,  14 ,  0.65 ,  25.35 ,  140.00 ,  275.00 ,,NO,SI
,937,  88 ,  3 ,  0.0038 ,  -   ,  0.0532 ,  -   ,  14 ,  0.81 ,  25.70 ,  165.00 ,  305.00 ,,NO,SI
,938,  44 ,  18 ,  0.0035 ,  -   ,  0.0490 ,  -   ,  14 ,  0.97 ,  27.25 ,  190.00 ,  345.00 ,,NO,SI
,939,  9 ,  3 ,  0.0023 ,  -   ,  0.0161 ,  -   ,  7 ,  1.14 ,  25.35 ,  210.00 ,  370.00 ,,NO,SI
,940,  259 ,  13 ,  0.0048 ,  -   ,  0.0958 ,  -   ,  20 ,  -   ,  -   ,  -   ,  -   ,,NO,SI
,5172,  26 ,  -   ,  0.0016 , #VALUE!,  0.0316 , -,  20 ,  0.66 ,  45.00 ,  260.00 ,  135.00 ,,NO,SI
,941,  215 ,  35 ,  0.0045 ,  -   ,  0.0896 ,  -   ,  20 ,  1.02 ,  58.00 ,  370.00 ,  145.00 ,,NO,SI
,5173,  11 ,  -   ,  0.0031 , #VALUE!,  0.0620 , -,  20 ,  1.02 ,  58.00 ,  370.00 ,  145.00 ,,NO,SI
,942,  285 ,  22 ,  0.0044 ,  -   ,  0.0882 ,  -   ,  20 ,  1.15 ,  57.15 ,  140.00 ,  370.00 ,,NO,SI
,5174,  7 ,  -   ,  0.0030 , #VALUE!,  0.0592 , -,  20 ,  1.15 ,  57.20 ,  140.00 ,  370.00 ,,NO,SI
,943,"  1,458 ",  250 ,  0.0001 ,  0.0024 ,  0.0048 ,  25 ,  50 ,  0.37 ,  55.00 ,  55.00 ,  260.00 ,,NO,SI
,944,"  1,237 ",  187 ,  0.0009 ,  0.0053 ,  0.0528 ,  6 ,  60 ,  0.35 ,  17.00 ,  125.00 ,  275.00 ,,NO,SI
,945,"  1,036 ",  164 ,  0.0011 ,  0.0068 ,  0.0683 ,  6 ,  60 ,  0.40 ,  19.00 ,  130.00 ,  315.00 ,,NO,SI
,946,"  1,213 ",  152 ,  0.0002 ,  0.0018 ,  0.0092 ,  10 ,  50 ,  0.05 ,  35.00 ,  35.00 ,  100.00 ,,NO,SI
,947,  209 ,  30 ,  0.0004 ,  0.0035 ,  0.0177 ,  10 ,  50 ,  0.09 ,  50.00 ,  50.00 ,  100.00 ,,NO,SI
,948,  186 ,  24 ,  0.0003 ,  0.0034 ,  0.0172 ,  10 ,  50 ,  0.10 ,  50.00 ,  50.00 ,  100.00 ,,NO,SI
,949,  176 ,  26 ,  0.0004 ,  0.0035 ,  0.0177 ,  10 ,  50 ,  -   ,  -   ,  -   ,  -   ,,NO,SI
,950,  172 ,  19 ,  0.0003 ,  0.0030 ,  0.0150 ,  10 ,  50 ,  0.12 ,  50.00 ,  50.00 ,  100.00 ,,NO,SI
,951,"  7,543 ","  1,171 ",  0.0001 ,  0.0146 ,  0.0292 ,  100 ,  200 ,  -   ,  -   ,  -   ,  -   ,,NO,SI
,952,"  3,431 ",  538 ,  0.0001 ,  0.0146 ,  0.0292 ,  100 ,  200 ,  -   ,  -   ,  -   ,  -   ,,NO,SI
,953,"  3,812 ",  629 ,  0.0001 ,  0.0146 ,  0.0292 ,  100 ,  200 ,  0.13 ,  3.30 ,  145.00 ,  188.00 ,,NO,SI
,954,"  2,137 ",  301 ,  0.0002 ,  0.0061 ,  0.0121 ,  25 ,  50 ,  0.37 ,  4.10 ,  190.00 ,  235.00 ,,NO,SI
,955,  574 ,  108 ,  0.0002 ,  0.0061 ,  0.0121 ,  25 ,  50 ,  0.35 ,  360.00 ,  190.00 ,  235.00 ,,NO,SI
,956,  358 ,  75 ,  0.0002 ,  0.0061 ,  0.0121 ,  25 ,  50 ,  0.37 ,  3.75 ,  190.00 ,  235.00 ,,NO,SI
,957,"  2,944 ",  511 ,  0.0004 ,  0.0044 ,  0.0440 ,  12 ,  120 ,  0.10 ,  43.00 ,  50.00 ,  280.00 ,,NO,SI
,958,  774 ,  125 ,  0.0000 ,  0.0037 ,  0.0148 ,  100 ,  400 ,  0.04 ,  2.02 ,  80.00 ,  170.00 ,,NO,SI
,959,  704 ,  112 ,  0.0000 ,  0.0037 ,  0.0148 ,  100 ,  400 ,  0.04 ,  2.06 ,  80.00 ,  170.00 ,,NO,SI
,960,  650 ,  103 ,  0.0000 ,  0.0037 ,  0.0148 ,  100 ,  400 ,  0.04 ,  1.82 ,  80.00 ,  170.00 ,,NO,SI
,961,  405 ,  64 ,  0.0000 ,  0.0037 ,  0.0148 ,  100 ,  400 ,  0.03 ,  1.70 ,  80.00 ,  170.00 ,,NO,SI
,962,  401 ,  71 ,  0.0000 ,  0.0037 ,  0.0148 ,  100 ,  400 ,  0.03 ,  1.60 ,  80.00 ,  170.00 ,,NO,SI
,963,  225 ,  46 ,  0.0000 ,  0.0037 ,  0.0148 ,  100 ,  400 ,  0.03 ,  1.52 ,  80.00 ,  170.00 ,,NO,SI
,964,  220 ,  33 ,  0.0000 ,  0.0037 ,  0.0148 ,  100 ,  400 ,  0.04 ,  1.55 ,  80.00 ,  170.00 ,,NO,SI
,965,  358 ,  76 ,  0.0000 ,  0.0037 ,  0.0148 ,  100 ,  400 ,  0.04 ,  1.86 ,  80.00 ,  170.00 ,,NO,SI
,966,  451 ,  76 ,  0.0000 ,  0.0037 ,  0.0148 ,  100 ,  400 ,  0.04 ,  1.78 ,  80.00 ,  170.00 ,,NO,SI
,967,"  2,793 ",  397 ,  0.0000 ,  0.0037 ,  0.0148 ,  100 ,  400 ,  0.04 ,  2.03 ,  80.00 ,  170.00 ,,NO,SI
,968,"  2,021 ",  297 ,  0.0000 ,  0.0037 ,  0.0148 ,  100 ,  400 ,  0.04 ,  1.80 ,  80.00 ,  170.00 ,,NO,SI
,969,"  2,285 ",  308 ,  0.0000 ,  0.0037 ,  0.0148 ,  100 ,  400 ,  0.04 ,  1.81 ,  80.00 ,  170.00 ,,NO,SI
,970,"  1,245 ",  193 ,  0.0023 ,  0.0226 ,  0.1131 ,  10 ,  50 ,  0.70 ,  85.00 ,  85.00 ,  260.00 ,,NO,SI
,971,  689 ,  123 ,  0.0000 ,  0.0037 ,  0.0148 ,  100 ,  400 ,  0.03 ,  1.60 ,  80.00 ,  170.00 ,,NO,SI
,972,  522 ,  85 ,  0.0000 ,  0.0037 ,  0.0148 ,  100 ,  400 ,  0.03 ,  1.59 ,  80.00 ,  170.00 ,,NO,SI
,973,  451 ,  114 ,  0.0000 ,  0.0037 ,  0.0148 ,  100 ,  400 ,#N/A,#N/A,#N/A,#N/A,,NO,SI
,974,"  1,266 ",  208 ,  0.0000 ,  0.0037 ,  0.0148 ,  100 ,  400 ,  0.04 ,  1.90 ,  80.00 ,  170.00 ,,NO,SI
,975,"  1,178 ",  189 ,  0.0000 ,  0.0037 ,  0.0148 ,  100 ,  400 ,  0.03 ,  1.84 ,  80.00 ,  170.00 ,,NO,SI
,976,  567 ,  108 ,  0.0001 ,  0.0054 ,  0.0108 ,  100 ,  200 ,  0.08 ,  8.00 ,  8.00 ,  205.00 ,,NO,SI
,977,  224 ,  24 ,  0.0050 ,  -   ,  0.0505 ,  -   ,  10 ,  2.64 ,  60.93 ,  266.00 ,  266.00 ,,NO,SI
,978,"  1,002 ",  186 ,  0.0009 ,  0.0114 ,  0.0456 ,  12 ,  48 ,  0.35 ,  38.00 ,  130.00 ,  210.00 ,,NO,SI
,979,  500 ,  54 ,  0.0004 ,  -   ,  0.0087 ,  -   ,  20 ,  0.76 ,  55.00 ,  55.00 ,  95.00 ,,NO,SI
,980,  270 ,  42 ,  0.0005 ,  -   ,  0.0097 ,  -   ,  20 ,  0.96 ,  65.00 ,  65.00 ,  95.00 ,,NO,SI
,981,  720 ,  121 ,  0.0005 ,  -   ,  0.0096 ,  -   ,  20 ,  1.00 ,  65.00 ,  65.00 ,  95.00 ,,NO,SI
,982,  86 ,  13 ,  0.0004 ,  -   ,  0.0082 ,  -   ,  20 ,  1.00 ,  55.00 ,  55.00 ,  95.00 ,,NO,SI
,983,  198 ,  26 ,  0.0005 ,  -   ,  0.0096 ,  -   ,  20 ,  1.06 ,  65.00 ,  65.00 ,  95.00 ,,NO,SI
,984,  186 ,  25 ,  0.0005 ,  -   ,  0.0096 ,  -   ,  20 ,  1.08 ,  65.00 ,  65.00 ,  95.00 ,,NO,SI
,5175,  3 ,  -   ,  0.0004 , #VALUE!,  0.0080 , -,  20 ,  1.08 ,  65.00 ,  65.00 ,  95.00 ,,NO,SI
,985,  137 ,  21 ,  0.0018 ,  -   ,  0.0369 ,  -   ,  20 ,  1.09 ,  65.00 ,  65.00 ,  95.00 ,,NO,SI
,986,  134 ,  16 ,  0.0007 ,  -   ,  0.0073 ,  -   ,  10 ,  1.33 ,  50.00 ,  215.00 ,  55.00 ,,NO,SI
,987,"  1,292 ",  209 ,  0.0004 ,  -   ,  0.0081 ,  -   ,  20 ,  0.62 ,  65.00 ,  65.00 ,  95.00 ,,NO,SI
,988,  43 ,  9 ,  0.0007 ,  -   ,  0.0069 ,  -   ,  10 ,  1.30 ,  65.00 ,  65.00 ,  130.00 ,,NO,SI
,989,  640 ,  113 ,  0.0000 ,  0.0021 ,  0.0084 ,  100 ,  400 ,  0.01 ,  3.40 ,  21.67 ,  95.00 ,,NO,SI
,990,  630 ,  124 ,  0.0000 ,  0.0021 ,  0.0084 ,  100 ,  400 ,  0.01 ,  3.39 ,  24.45 ,  105.00 ,,NO,SI
,991,"  1,130 ",  228 ,  0.0000 ,  0.0036 ,  0.0144 ,  100 ,  400 ,  0.02 ,  4.85 ,  27.65 ,  120.00 ,,NO,SI
,992,  781 ,  162 ,  0.0000 ,  0.0036 ,  0.0144 ,  100 ,  400 ,  0.02 ,  4.55 ,  30.65 ,  130.00 ,,NO,SI
,993,  643 ,  124 ,  0.0000 ,  0.0036 ,  0.0144 ,  100 ,  400 ,  0.03 ,  5.88 ,  32.10 ,  150.00 ,,NO,SI
,994,"  1,014 ",  212 ,  0.0000 ,  0.0036 ,  0.0144 ,  100 ,  400 ,  0.04 ,  6.00 ,  34.40 ,  135.00 ,,NO,SI
,995,  809 ,  179 ,  0.0001 ,  0.0054 ,  0.0108 ,  100 ,  200 ,  0.06 ,  8.00 ,  37.33 ,  190.00 ,,NO,SI
,996,  259 ,  74 ,  0.0001 ,  0.0054 ,  0.0107 ,  50 ,  100 ,  -   ,  -   ,  -   ,  -   ,,NO,SI
,997,  226 ,  53 ,  0.0001 ,  0.0054 ,  0.0107 ,  50 ,  100 ,  0.17 ,  11.50 ,  11.50 ,  235.00 ,,NO,SI
,998,  390 ,  65 ,  0.0331 ,  -   ,  0.0331 ,  -   ,  1 ,  -   ,  -   ,  -   ,  -   ,,NO,SI
,999,  256 ,  43 ,  0.0000 ,  0.0021 ,  0.0084 ,  100 ,  400 ,  0.01 ,  3.50 ,  3.50 ,  96.00 ,,NO,SI
,1000,  207 ,  37 ,  0.0000 ,  0.0021 ,  0.0084 ,  100 ,  400 ,  0.01 ,  4.00 ,  4.00 ,  95.00 ,,NO,SI
,1001,  345 ,  67 ,  0.0000 ,  0.0021 ,  0.0084 ,  100 ,  400 ,  0.01 ,  3.41 ,  20.00 ,  95.00 ,,NO,SI
,1002,  249 ,  65 ,  0.0000 ,  0.0021 ,  0.0084 ,  100 ,  400 ,  0.01 ,  3.52 ,  20.00 ,  95.00 ,,NO,SI
,1003,  705 ,  108 ,  0.0018 ,  -   ,  0.0178 ,  -   ,  10 ,  1.78 ,  34.30 ,  180.00 ,  500.00 ,,NO,SI
,1004,  558 ,  94 ,  0.0021 ,  -   ,  0.0212 ,  -   ,  10 ,  -   ,  -   ,  -   ,  -   ,,NO,SI
,1005,  582 ,  88 ,  0.0025 ,  -   ,  0.0246 ,  -   ,  10 ,  2.12 ,  34.07 ,  180.00 ,  700.00 ,,NO,SI
,1006,  423 ,  61 ,  0.0032 ,  -   ,  0.0323 ,  -   ,  10 ,  2.43 ,  34.00 ,  180.00 ,  900.00 ,,NO,SI
,1007,  186 ,  18 ,  0.0036 ,  -   ,  0.0358 ,  -   ,  10 ,  2.56 ,  34.02 ,  180.00 ,"  1,000.00 ",,NO,SI
,1008,  33 ,  5 ,  0.0268 ,  -   ,  0.1609 ,  -   ,  6 ,  4.34 ,  14.00 ,  260.00 ,  630.00 ,,NO,SI
,1009,"  1,710 ",  268 ,  0.0009 ,  0.0113 ,  0.0452 ,  12 ,  48 ,  0.28 ,  26.45 ,  120.00 ,  255.00 ,,NO,SI
,1010,  629 ,  74 ,  0.0005 ,  -   ,  0.0106 ,  -   ,  20 ,  1.01 ,  65.00 ,  65.00 ,  95.00 ,,NO,SI
,1011,  612 ,  77 ,  0.0000 ,  0.0042 ,  0.0084 ,  120 ,  240 ,  0.01 ,  14.00 ,  60.00 ,  50.00 ,,NO,SI
,1012,"  1,322 ",  101 ,  0.0000 ,  0.0046 ,  0.0091 ,  120 ,  240 ,  0.02 ,  14.50 ,  60.00 ,  50.00 ,,NO,SI
,1013,"  2,272 ",  165 ,  0.0000 ,  0.0042 ,  0.0084 ,  120 ,  240 ,  0.05 ,  14.50 ,  60.00 ,  50.00 ,,NO,SI
,1014,  486 ,  95 ,  0.0000 ,  0.0046 ,  0.0091 ,  120 ,  240 ,  -   ,  -   ,  -   ,  -   ,,NO,SI
,1015,  865 ,  96 ,  0.0000 ,  0.0042 ,  0.0084 ,  120 ,  240 ,  0.02 ,  14.50 ,  60.00 ,  50.00 ,,NO,SI
,1016,  442 ,  42 ,  0.0000 ,  0.0042 ,  0.0084 ,  120 ,  240 ,  0.02 ,  14.50 ,  60.00 ,  50.00 ,,NO,SI
,1017,  403 ,  68 ,  0.0000 ,  0.0046 ,  0.0091 ,  120 ,  240 ,  0.03 ,  14.00 ,  60.00 ,  53.00 ,,NO,SI
,1018,  243 ,  23 ,  0.0000 ,  0.0042 ,  0.0084 ,  120 ,  240 ,  0.02 ,  14.50 ,  60.00 ,  50.00 ,,NO,SI
,1019,  282 ,  28 ,  0.0000 ,  0.0042 ,  0.0084 ,  120 ,  240 ,  0.02 ,  14.50 ,  60.00 ,  50.00 ,,NO,SI
,1020,  618 ,  61 ,  0.0000 ,  0.0042 ,  0.0084 ,  120 ,  240 ,  0.02 ,  14.25 ,  60.00 ,  50.00 ,,NO,SI
,1021,"  1,112 ",  79 ,  0.0000 ,  0.0042 ,  0.0084 ,  120 ,  240 ,  0.02 ,  14.25 ,  60.00 ,  50.00 ,,NO,SI
,1022,  917 ,  94 ,  0.0000 ,  0.0042 ,  0.0084 ,  120 ,  240 ,  0.02 ,  14.50 ,  60.00 ,  50.00 ,,NO,SI
,1023,  519 ,  73 ,  0.0000 ,  0.0046 ,  0.0091 ,  120 ,  240 ,  0.02 ,  14.50 ,  65.00 ,  60.00 ,,NO,SI
,1024,  658 ,  74 ,  0.0001 ,  0.0092 ,  0.0185 ,  120 ,  240 ,  -   ,  -   ,  -   ,  -   ,,NO,SI
,1025,"  1,440 ",  124 ,  0.0001 ,  0.0092 ,  0.0185 ,  120 ,  240 ,  0.18 ,  14.50 ,  105.00 ,  65.00 ,,NO,SI
,1026,"  2,956 ",  265 ,  0.0001 ,  0.0092 ,  0.0185 ,  120 ,  240 ,  0.05 ,  14.50 ,  50.00 ,  110.00 ,,NO,SI
,1027,"  1,023 ",  126 ,  0.0001 ,  0.0079 ,  0.0158 ,  120 ,  240 ,  0.05 ,  14.50 ,  105.00 ,  50.00 ,,NO,SI
,1028,  789 ,  56 ,  0.0001 ,  0.0079 ,  0.0158 ,  120 ,  240 ,  0.05 ,  14.50 ,  105.00 ,  50.00 ,,NO,SI
,1029,  342 ,  32 ,  0.0001 ,  0.0091 ,  0.0182 ,  120 ,  240 ,  0.05 ,  14.50 ,  105.00 ,  50.00 ,,NO,SI
,1030,  464 ,  58 ,  0.0001 ,  0.0091 ,  0.0182 ,  120 ,  240 ,  0.07 ,  14.50 ,  105.00 ,  50.00 ,,NO,SI
,1031,  166 ,  27 ,  0.0001 ,  0.0079 ,  0.0158 ,  120 ,  240 ,  0.05 ,  14.00 ,  105.00 ,  65.00 ,,NO,SI
,1032,  244 ,  26 ,  0.0001 ,  0.0092 ,  0.0185 ,  120 ,  240 ,  0.05 ,  14.00 ,  105.00 ,  50.00 ,,NO,SI
,1033,  440 ,  44 ,  0.0001 ,  0.0092 ,  0.0185 ,  120 ,  240 ,  0.05 ,  14.00 ,  105.00 ,  50.00 ,,NO,SI
,1034,  827 ,  136 ,  0.0001 ,  0.0092 ,  0.0185 ,  120 ,  240 ,  0.05 ,  14.00 ,  105.00 ,  50.00 ,,NO,SI
,1035,  904 ,  116 ,  0.0001 ,  0.0092 ,  0.0185 ,  120 ,  240 ,#N/A,#N/A,#N/A,#N/A,,NO,SI
,1036,  822 ,  130 ,  0.0001 ,  0.0092 ,  0.0185 ,  120 ,  240 ,  0.06 ,  14.00 ,  105.00 ,  50.00 ,,NO,SI
,1037,  158 ,  23 ,  0.0001 ,  0.0079 ,  0.0158 ,  120 ,  240 ,  0.05 ,  14.00 ,  105.00 ,  50.00 ,,NO,SI
,1038,  228 ,  39 ,  0.0001 ,  0.0092 ,  0.0185 ,  120 ,  240 ,  0.05 ,  14.50 ,  105.00 ,  50.00 ,,NO,SI
,1039,  278 ,  30 ,  0.0001 ,  0.0091 ,  0.0182 ,  120 ,  240 ,  0.05 ,  14.50 ,  105.00 ,  50.00 ,,NO,SI
,1040,  930 ,  96 ,  0.0001 ,  0.0079 ,  0.0158 ,  120 ,  240 ,#N/A,#N/A,#N/A,#N/A,,NO,SI
,1041,  998 ,  98 ,  0.0000 ,  0.0046 ,  0.0091 ,  120 ,  240 ,  0.02 ,  14.00 ,  60.00 ,  50.00 ,,NO,SI
,1042,"  3,345 ",  422 ,  0.0000 ,  0.0046 ,  0.0091 ,  120 ,  240 ,  -   ,  -   ,  -   ,  -   ,,NO,SI
,1043,"  4,812 ",  477 ,  0.0000 ,  0.0046 ,  0.0091 ,  120 ,  240 ,  0.02 ,  14.20 ,  60.00 ,  47.45 ,,NO,SI
,1044,"  2,130 ",  143 ,  0.0000 ,  0.0042 ,  0.0084 ,  120 ,  240 ,  0.02 ,  14.50 ,  60.00 ,  48.00 ,,NO,SI
,1045,"  2,114 ",  193 ,  0.0000 ,  0.0042 ,  0.0084 ,  120 ,  240 ,  0.02 ,  14.50 ,  60.00 ,  65.00 ,,NO,SI
,1046,"  1,279 ",  119 ,  0.0000 ,  0.0042 ,  0.0084 ,  120 ,  240 ,  0.02 ,  14.50 ,  60.00 ,  48.00 ,,NO,SI
,1047,  395 ,  44 ,  0.0000 ,  0.0042 ,  0.0084 ,  120 ,  240 ,  0.03 ,  14.50 ,  60.00 ,  48.00 ,,NO,SI
,1048,"  1,186 ",  120 ,  0.0001 ,  0.0079 ,  0.0158 ,  120 ,  240 ,  0.05 ,  14.00 ,  105.00 ,  50.00 ,,NO,SI
,1049,"  4,186 ",  416 ,  0.0001 ,  0.0092 ,  0.0185 ,  120 ,  240 ,  0.05 ,  13.40 ,  104.40 ,  47.54 ,,NO,SI
,1050,"  3,319 ",  450 ,  0.0001 ,  0.0092 ,  0.0185 ,  120 ,  240 ,  0.05 ,  14.00 ,  105.00 ,  47.68 ,,NO,SI
,1051,"  1,257 ",  174 ,  0.0001 ,  0.0092 ,  0.0185 ,  120 ,  240 ,  0.05 ,  14.00 ,  105.00 ,  50.00 ,,NO,SI
,1052,"  2,526 ",  213 ,  0.0001 ,  0.0092 ,  0.0185 ,  120 ,  240 ,  0.05 ,  14.00 ,  105.00 ,  50.00 ,,NO,SI
,1053,"  1,130 ",  113 ,  0.0001 ,  0.0079 ,  0.0158 ,  120 ,  240 ,  0.05 ,  14.00 ,  105.00 ,  50.00 ,,NO,SI
,1054,  750 ,  40 ,  0.0001 ,  0.0079 ,  0.0158 ,  120 ,  240 ,  0.07 ,  14.00 ,  105.00 ,  50.00 ,,NO,SI
,1055,  198 ,  46 ,  0.0000 ,  0.0014 ,  0.0136 ,  40 ,  400 ,  0.03 ,  17.00 ,  17.00 ,  30.00 ,,NO,SI
,1056,  436 ,  74 ,  0.0000 ,  0.0014 ,  0.0141 ,  30 ,  300 ,  -   ,  -   ,  -   ,  -   ,,NO,SI
,1057,  21 ,  4 ,  0.0001 ,  -   ,  0.0101 ,  -   ,  100 ,  0.15 ,  1.68 ,  55.00 ,  635.00 ,,NO,SI
,1058,  14 ,  5 ,  0.0001 ,  -   ,  0.0101 ,  -   ,  100 ,  0.15 ,  1.70 ,  55.00 ,  630.00 ,,NO,SI
,1059,  736 ,  91 ,  0.0006 ,  0.0056 ,  0.0112 ,  10 ,  20 ,  -   ,  -   ,  -   ,  -   ,,NO,SI
,1060,  18 ,  7 ,  0.0001 ,  -   ,  0.0200 ,  -   ,  200 ,  0.03 ,  26.52 ,  43.07 ,  41.80 ,,NO,SI
,5176,  18 ,  -   ,  0.0000 , #VALUE!,  0.0094 , -,  200 ,  0.03 ,  26.50 ,  43.10 ,  41.80 ,,NO,SI
,1061,"  3,015 ",  413 ,  0.0001 ,  0.0013 ,  0.0264 ,  12 ,  240 ,  0.06 ,  16.00 ,  55.00 ,  215.00 ,,NO,SI
,1062,"  5,275 ",  733 ,  0.0001 ,  0.0013 ,  0.0264 ,  12 ,  240 ,  0.07 ,  16.00 ,  55.00 ,  215.00 ,,NO,SI
,1063,"  8,705 ","  1,316 ",  0.0001 ,  0.0013 ,  0.0264 ,  12 ,  240 ,  0.08 ,  16.00 ,  55.00 ,  215.00 ,,NO,SI
,1064,"  7,316 ","  1,038 ",  0.0001 ,  0.0013 ,  0.0262 ,  12 ,  240 ,  0.08 ,  16.00 ,  65.00 ,  215.00 ,,NO,SI
,1065,"  8,122 ","  1,272 ",  0.0001 ,  0.0018 ,  0.0350 ,  12 ,  240 ,  0.09 ,  16.00 ,  75.00 ,  215.00 ,,NO,SI
,1066,"  3,854 ",  636 ,  0.0001 ,  0.0018 ,  0.0350 ,  12 ,  240 ,  0.09 ,  16.00 ,  90.00 ,  215.00 ,,NO,SI
,1067,"  6,259 ","  1,025 ",  0.0001 ,  0.0018 ,  0.0350 ,  12 ,  240 ,  0.10 ,  16.00 ,  100.00 ,  215.00 ,,NO,SI
,1068,"  4,876 ",  758 ,  0.0002 ,  0.0027 ,  0.0533 ,  12 ,  240 ,  0.10 ,  16.50 ,  125.00 ,  215.00 ,,NO,SI
,1069,"  4,878 ",  770 ,  0.0002 ,  0.0027 ,  0.0533 ,  12 ,  240 ,  -   ,  -   ,  -   ,  -   ,,NO,SI
,1070,  489 ,  86 ,  0.0001 ,  0.0024 ,  0.0244 ,  20 ,  200 ,  0.09 ,  22.00 ,  22.00 ,  77.00 ,,NO,SI
,1071,  669 ,  117 ,  0.0001 ,  0.0024 ,  0.0244 ,  20 ,  200 ,  0.09 ,  22.00 ,  22.00 ,  77.00 ,,NO,SI
,1072,"  1,112 ",  169 ,  0.0001 ,  0.0024 ,  0.0244 ,  20 ,  200 ,  0.09 ,  22.00 ,  22.00 ,  77.23 ,,NO,SI
,1073,  877 ,  166 ,  0.0001 ,  0.0014 ,  0.0138 ,  20 ,  200 ,  0.10 ,  22.00 ,  22.00 ,  77.50 ,,NO,SI
,1074,  415 ,  65 ,  0.0001 ,  0.0024 ,  0.0244 ,  20 ,  200 ,  0.12 ,  22.00 ,  22.00 ,  77.30 ,,NO,SI
,1075,  472 ,  79 ,  0.0001 ,  0.0024 ,  0.0244 ,  20 ,  200 ,  0.13 ,  24.00 ,  24.00 ,  77.25 ,,NO,SI
,1076,  294 ,  44 ,  0.0002 ,  0.0033 ,  0.0167 ,  20 ,  100 ,  0.15 ,  24.00 ,  24.00 ,  77.15 ,,NO,SI
,1077,  195 ,  34 ,  0.0002 ,  0.0033 ,  0.0167 ,  20 ,  100 ,  0.20 ,  28.00 ,  28.00 ,  77.50 ,,NO,SI
,1078,"  1,917 ",  291 ,  0.0054 ,  0.0323 ,  0.0646 ,  6 ,  12 ,  0.76 ,  82.00 ,  170.00 ,  470.00 ,,NO,SI
,1079,"  2,357 ",  699 ,  0.0006 ,  0.0069 ,  0.0346 ,  12 ,  60 ,  0.29 ,  23.81 ,  78.30 ,  260.00 ,,NO,SI
,5177,"  1,481 ",  -   ,  0.0005 ,  0.0058 ,  0.0290 ,  12 ,  60 ,  0.29 ,  23.80 ,  78.30 ,  260.00 ,,NO,SI
,1080,  260 ,  36 ,  0.0040 ,  -   ,  0.0403 ,  -   ,  10 ,  2.77 ,  34.68 ,  180.00 ,"  1,110.00 ",,NO,SI
,1081,  171 ,  28 ,  0.0042 ,  -   ,  0.0334 ,  -   ,  8 ,  -   ,  -   ,  -   ,  -   ,,NO,SI
,1082,  695 ,  126 ,  0.0650 ,  -   ,  0.0650 ,  -   ,  1 ,  -   ,  -   ,  -   ,  -   ,,NO,SI
,1083,"  1,994 ",  265 ,  0.0008 ,  -   ,  0.0400 ,  -   ,  50 ,  0.24 ,  45.00 ,  110.00 ,  135.00 ,,NO,SI
,1084,  303 ,  48 ,  0.0006 ,  -   ,  0.0332 ,  -   ,  60 ,  0.25 ,  33.90 ,  110.00 ,  130.00 ,,NO,SI
,1085,  459 ,  80 ,  0.0008 ,  -   ,  0.0497 ,  -   ,  60 ,  0.33 ,  35.00 ,  135.00 ,  160.00 ,,NO,SI
,1086,"  1,440 ",  249 ,  0.0015 ,  -   ,  0.0581 ,  -   ,  40 ,  0.60 ,  45.00 ,  160.00 ,  190.00 ,,NO,SI
,1087,  599 ,  128 ,  0.0021 ,  -   ,  0.0427 ,  -   ,  20 ,  0.83 ,  50.00 ,  190.00 ,  215.00 ,,NO,SI
,1088,  406 ,  72 ,  0.0024 ,  -   ,  0.0476 ,  -   ,  20 ,  1.03 ,  41.00 ,  205.00 ,  235.00 ,,NO,SI
,1089,"  1,503 ",  260 ,  0.0004 ,  -   ,  0.0346 ,  -   ,  80 ,  0.15 ,  70.00 ,  75.00 ,  90.00 ,,NO,SI
,1090,"  2,416 ",  386 ,  0.0011 ,  -   ,  0.0459 ,  -   ,  40 ,  0.37 ,  100.00 ,  100.00 ,  108.00 ,,NO,SI
,1091,"  2,692 ",  373 ,  0.0008 ,  -   ,  0.0399 ,  -   ,  50 ,  0.18 ,  45.00 ,  110.00 ,  135.00 ,,NO,SI
,1092,  108 ,  9 ,  0.0032 ,  -   ,  0.0322 ,  -   ,  10 ,  -   ,  -   ,  -   ,  -   ,,NO,SI
,1093,"  4,438 ",  587 ,  0.0022 ,  0.0261 ,  0.0522 ,  12 ,  24 ,  0.53 ,  57.62 ,  200.00 ,  330.00 ,,NO,SI
,1094,  283 ,  41 ,  0.0015 ,  0.0151 ,  0.0303 ,  10 ,  20 ,  0.91 ,  135.00 ,  167.00 ,  60.00 ,,NO,SI
,1095,"  1,861 ",  281 ,  0.0086 ,  -   ,  0.0517 ,  -   ,  6 ,  -   ,  -   ,  -   ,  -   ,,NO,SI
,1096,  406 ,  65 ,  0.0001 ,  0.0010 ,  0.0104 ,  10 ,  100 ,  0.10 ,  24.00 ,  24.00 ,  100.00 ,,NO,SI
,1097,  574 ,  83 ,  0.0001 ,  0.0010 ,  0.0104 ,  10 ,  100 ,  0.10 ,  24.00 ,  24.00 ,  101.00 ,,NO,SI
,1098,  415 ,  65 ,  0.0001 ,  0.0010 ,  0.0104 ,  10 ,  100 ,  0.10 ,  24.00 ,  24.00 ,  100.00 ,,NO,SI
,1099,  739 ,  127 ,  0.0001 ,  0.0010 ,  0.0102 ,  20 ,  200 ,  0.08 ,  23.72 ,  23.72 ,  55.20 ,,NO,SI
,1100,  825 ,  151 ,  0.0001 ,  0.0010 ,  0.0104 ,  20 ,  200 ,  0.08 ,  23.95 ,  23.95 ,  55.75 ,,NO,SI
,1101,  755 ,  144 ,  0.0001 ,  0.0010 ,  0.0104 ,  20 ,  200 ,  0.08 ,  23.85 ,  23.85 ,  55.12 ,,NO,SI
,1102,"  1,427 ",  217 ,  0.0000 ,  0.0007 ,  0.0068 ,  25 ,  250 ,  0.03 ,  12.45 ,  12.45 ,  76.26 ,,NO,SI
,1103,"  1,743 ",  284 ,  0.0000 ,  0.0009 ,  0.0085 ,  25 ,  250 ,  0.04 ,  12.65 ,  12.65 ,  100.00 ,,NO,SI
,1104,"  1,643 ",  279 ,  0.0000 ,  0.0019 ,  0.0111 ,  50 ,  300 ,  0.07 ,  12.70 ,  12.70 ,  150.00 ,,NO,SI
,1105,  776 ,  137 ,  0.0001 ,  0.0005 ,  0.0064 ,  8 ,  96 ,  0.13 ,  11.86 ,  17.45 ,  150.00 ,,NO,SI
,1106,  777 ,  122 ,  0.0001 ,  0.0011 ,  0.0105 ,  15 ,  150 ,  0.05 ,  13.77 ,  23.05 ,  115.00 ,,NO,SI
,1107,  770 ,  129 ,  0.0000 ,  0.0010 ,  0.0198 ,  30 ,  600 ,  0.16 ,  13.76 ,  13.76 ,  40.13 ,,NO,SI
,1108,"  1,244 ",  213 ,  0.0000 ,  0.0007 ,  0.0068 ,  25 ,  250 ,  0.30 ,  12.62 ,  12.62 ,  50.70 ,,NO,SI
,1109,  101 ,  17 ,  0.0001 ,  -   ,  0.0065 ,  -   ,  100 ,  0.15 ,  35.73 ,  35.80 ,  41.43 ,,NO,SI
,1110,  162 ,  28 ,  0.0002 ,  -   ,  0.0081 ,  -   ,  50 ,  0.32 ,  35.70 ,  35.25 ,  80.53 ,,NO,SI
,1111,"  1,663 ",  287 ,  0.0006 ,  0.0037 ,  0.0223 ,  6 ,  36 ,  0.52 ,  27.86 ,  70.00 ,  315.00 ,,NO,SI
,5178,  82 ,  -   ,  0.0006 ,  0.0037 ,  0.0221 ,  6 ,  36 ,  0.52 ,  27.90 ,  70.00 ,  315.00 ,,NO,SI
,1112,  57 ,  18 ,  0.0032 ,  -   ,  0.0322 ,  -   ,  10 ,  1.25 ,  36.50 ,  250.00 ,  125.00 ,,NO,SI
,1113,  939 ,  159 ,  0.0001 ,  0.0010 ,  0.0104 ,  20 ,  200 ,  0.12 ,  24.06 ,  24.06 ,  55.25 ,,NO,SI
,1114,  467 ,  86 ,  0.0001 ,  0.0010 ,  0.0104 ,  10 ,  100 ,  0.19 ,  24.00 ,  24.00 ,  100.00 ,,NO,SI
,1115,  534 ,  91 ,  0.0001 ,  0.0008 ,  0.0084 ,  10 ,  100 ,  0.16 ,  25.00 ,  25.00 ,  77.00 ,,NO,SI
,1116,  171 ,#N/A,  0.0023 ,#N/A,#N/A,#N/A,#N/A,  2.00 ,  25.00 ,  140.00 ,  670.00 ,,NO,SI
,1117,  285 ,  16 ,  0.0000 ,  0.0004 ,  0.0074 ,  10 ,  200 ,  0.03 ,  7.00 ,  18.00 ,  125.00 ,,NO,SI
,1118,  148 ,  28 ,  0.0000 ,  0.0004 ,  0.0080 ,  10 ,  200 ,  0.03 ,  7.00 ,  17.50 ,  135.00 ,,NO,SI
,1119,  182 ,  39 ,  0.0001 ,  0.0006 ,  0.0110 ,  10 ,  200 ,  0.05 ,  8.00 ,  21.50 ,  150.00 ,,NO,SI
,1120,  251 ,  42 ,  0.0001 ,  0.0007 ,  0.0130 ,  10 ,  200 ,  0.07 ,  8.50 ,  25.00 ,  165.00 ,,NO,SI
,1121,  713 ,  53 ,  0.0001 ,  0.0008 ,  0.0123 ,  10 ,  150 ,  0.09 ,  9.33 ,  27.38 ,  175.00 ,,NO,SI
,1122,  661 ,  51 ,  0.0001 ,  0.0009 ,  0.0110 ,  10 ,  120 ,  0.11 ,  10.00 ,  30.00 ,  190.00 ,,NO,SI
,1123,  146 ,  27 ,  0.0001 ,  0.0012 ,  0.0145 ,  10 ,  120 ,  0.15 ,  11.00 ,  34.00 ,  205.00 ,,NO,SI
,1124,  145 ,  25 ,  0.0002 ,  0.0015 ,  0.0120 ,  10 ,  80 ,  0.18 ,  11.00 ,  37.50 ,  220.00 ,,NO,SI
,1125,  345 ,  31 ,  0.0002 ,  0.0018 ,  0.0108 ,  10 ,  60 ,  0.21 ,  12.00 ,  41.00 ,  240.00 ,,NO,SI
,1126,"  5,588 ",  889 ,  0.0001 ,  0.0023 ,  0.0140 ,  25 ,  150 ,  0.02 ,  10.00 ,  50.00 ,  160.00 ,,NO,SI
,1127,  742 ,  138 ,  0.0018 ,  0.0183 ,  0.0366 ,  10 ,  20 ,  0.74 ,  29.55 ,  80.00 ,  595.00 ,,NO,SI
,1128,  500 ,  70 ,  0.0001 ,  0.0010 ,  0.0104 ,  10 ,  100 ,  -   ,  -   ,  -   ,  -   ,,NO,SI
,1129,  483 ,  78 ,  0.0001 ,  0.0010 ,  0.0103 ,  10 ,  100 ,  0.18 ,  24.00 ,  24.00 ,  100.00 ,,NO,SI
,1130,  83 ,  23 ,  0.0195 ,  -   ,  0.0585 ,  -   ,  3 ,  6.20 ,  17.50 ,  770.00 ,  965.00 ,,NO,SI
,1131,  330 ,  53 ,  0.0000 ,  -   ,  0.0047 ,  -   ,  100 ,  0.06 ,  29.00 ,  29.00 ,  48.80 ,,NO,SI
,1132,  598 ,  91 ,  0.0000 ,  -   ,  0.0046 ,  -   ,  100 ,  0.07 ,  29.50 ,  29.50 ,  40.60 ,,NO,SI
,1133,"  1,441 ",  206 ,  0.0002 ,  -   ,  0.0169 ,  -   ,  100 ,  0.18 ,  32.70 ,  34.00 ,  53.53 ,,NO,SI
,1134,"  2,594 ",  389 ,  0.0002 ,  -   ,  0.0097 ,  -   ,  60 ,  0.31 ,  45.00 ,  45.00 ,  60.00 ,,NO,SI
,1135,  205 ,  22 ,  0.0001 ,  -   ,  0.0090 ,  -   ,  100 ,  0.13 ,  35.00 ,  35.00 ,  80.00 ,,NO,SI
,1136,  287 ,  33 ,  0.0001 ,  -   ,  0.0080 ,  -   ,  100 ,  0.24 ,  30.00 ,  30.00 ,  155.00 ,,NO,SI
,1137,  174 ,  20 ,  0.0003 ,  -   ,  0.0130 ,  -   ,  50 ,  0.45 ,  30.00 ,  30.00 ,  255.00 ,,NO,SI
,1138,  72 ,  9 ,  0.0004 ,  -   ,  0.0089 ,  -   ,  20 ,  0.46 ,  60.00 ,  55.00 ,  115.00 ,,NO,SI
,1139,  62 ,  9 ,  0.0004 ,  -   ,  0.0044 ,  -   ,  10 ,  0.80 ,  50.00 ,  55.00 ,  215.00 ,,NO,SI
,1140,  97 ,  13 ,  0.0006 ,  -   ,  0.0061 ,  -   ,  10 ,  0.97 ,  50.00 ,  50.00 ,  320.00 ,,NO,SI
,1141,  107 ,  8 ,  0.0006 ,  -   ,  0.0061 ,  -   ,  10 ,  1.15 ,  50.00 ,  50.00 ,  315.00 ,,NO,SI
,1142,  146 ,  18 ,  0.0002 ,  -   ,  0.0062 ,  -   ,  40 ,  0.26 ,  55.00 ,  55.00 ,  65.00 ,,NO,SI
,1143,  101 ,  18 ,  0.0005 ,  -   ,  0.0200 ,  -   ,  40 ,  0.27 ,  55.00 ,  55.00 ,  65.00 ,,NO,SI
,1144,  210 ,  33 ,  0.0005 ,  -   ,  0.0200 ,  -   ,  40 ,  0.29 ,  55.00 ,  55.00 ,  65.00 ,,NO,SI
,1145,  49 ,  12 ,  0.0002 ,  -   ,  0.0060 ,  -   ,  40 ,  0.29 ,  55.00 ,  55.00 ,  65.00 ,,NO,SI
,1146,  222 ,  25 ,  0.0002 ,  -   ,  0.0062 ,  -   ,  40 ,  0.30 ,  55.00 ,  55.00 ,  65.00 ,,NO,SI
,1147,  178 ,  28 ,  0.0002 ,  -   ,  0.0095 ,  -   ,  40 ,  0.29 ,  55.00 ,  55.00 ,  65.00 ,,NO,SI
,1148,  59 ,  7 ,  0.0003 ,  -   ,  0.0100 ,  -   ,  40 ,  0.29 ,  55.00 ,  55.00 ,  65.00 ,,NO,SI
,1149,  472 ,  60 ,  0.0002 ,  -   ,  0.0062 ,  -   ,  40 ,  0.30 ,  55.00 ,  55.00 ,  65.00 ,,NO,SI
,1150,  84 ,  10 ,  0.0002 ,  -   ,  0.0062 ,  -   ,  40 ,  0.32 ,  55.00 ,  55.00 ,  65.00 ,,NO,SI
,1151,  117 ,  7 ,  0.0005 ,  -   ,  0.0200 ,  -   ,  40 ,  0.38 ,  55.00 ,  55.00 ,  65.00 ,,NO,SI
,1152,  386 ,  57 ,  0.0005 ,  -   ,  0.0200 ,  -   ,  40 ,  0.35 ,  42.00 ,  42.00 ,  56.50 ,,NO,SI
,1153,  233 ,  31 ,  0.0005 ,  -   ,  0.0200 ,  -   ,  40 ,  0.35 ,  55.00 ,  55.00 ,  65.00 ,,NO,SI
,1154,  134 ,  20 ,  0.0002 ,  -   ,  0.0062 ,  -   ,  40 ,  0.39 ,  55.00 ,  55.00 ,  65.00 ,,NO,SI
,1155,  283 ,  43 ,  0.0005 ,  -   ,  0.0200 ,  -   ,  40 ,  0.41 ,  55.00 ,  55.00 ,  65.00 ,,NO,SI
,1156,  87 ,  11 ,  0.0002 ,  -   ,  0.0096 ,  -   ,  40 ,  0.36 ,  55.00 ,  55.00 ,  65.00 ,,NO,SI
,1157,  440 ,  66 ,  0.0002 ,  -   ,  0.0097 ,  -   ,  40 ,  0.43 ,  55.00 ,  55.00 ,  65.00 ,,NO,SI
,1158,  353 ,  26 ,  0.0002 ,  -   ,  0.0092 ,  -   ,  40 ,  0.41 ,  55.00 ,  55.00 ,  65.00 ,,NO,SI
,1159,  167 ,  21 ,  0.0003 ,  -   ,  0.0115 ,  -   ,  40 ,  0.49 ,  55.00 ,  55.00 ,  65.00 ,,NO,SI
,1160,  126 ,  16 ,  0.0005 ,  -   ,  0.0212 ,  -   ,  40 ,  0.45 ,  55.00 ,  55.00 ,  65.00 ,,NO,SI
,1161,  378 ,  37 ,  0.0005 ,  -   ,  0.0212 ,  -   ,  40 ,  0.53 ,  65.00 ,  65.00 ,  65.00 ,,NO,SI
,1162,  52 ,  12 ,  0.0003 ,  -   ,  0.0126 ,  -   ,  40 ,  0.30 ,  55.00 ,  55.00 ,  65.00 ,,NO,SI
,1163,  187 ,  25 ,  0.0003 ,  -   ,  0.0124 ,  -   ,  40 ,  -   ,  -   ,  -   ,  -   ,,NO,SI
,1164,  78 ,  12 ,  0.0003 ,  -   ,  0.0126 ,  -   ,  40 ,  0.47 ,  55.00 ,  55.00 ,  65.00 ,,NO,SI
,1165,  214 ,  26 ,  0.0003 ,  -   ,  0.0126 ,  -   ,  40 ,  0.59 ,  65.00 ,  65.00 ,  65.00 ,,NO,SI
,1166,  133 ,  18 ,  0.0008 ,  -   ,  0.0127 ,  -   ,  16 ,  0.66 ,  75.00 ,  75.00 ,  80.00 ,,NO,SI
,1167,  123 ,  10 ,  0.0006 ,  -   ,  0.0089 ,  -   ,  16 ,  0.82 ,  70.00 ,  75.00 ,  80.00 ,,NO,SI
,1168,  51 ,  8 ,  0.0006 ,  -   ,  0.0089 ,  -   ,  16 ,  0.81 ,  75.00 ,  75.00 ,  80.00 ,,NO,SI
,1169,  234 ,  20 ,  0.0006 ,  -   ,  0.0089 ,  -   ,  16 ,  -   ,  -   ,  -   ,  -   ,,NO,SI
,1170,  96 ,  13 ,  0.0014 ,  -   ,  0.0217 ,  -   ,  16 ,  0.90 ,  70.00 ,  70.00 ,  75.00 ,,NO,SI
,1171,  65 ,  3 ,  0.0009 ,  -   ,  0.0080 ,  -   ,  9 ,  1.43 ,  85.00 ,  90.00 ,  95.00 ,,NO,SI
,1172,  78 ,  5 ,  0.0014 ,  -   ,  0.0125 ,  -   ,  9 ,  1.17 ,  85.00 ,  85.00 ,  95.00 ,,NO,SI
,1173,  67 ,  9 ,  0.0014 ,  -   ,  0.0125 ,  -   ,  9 ,  1.26 ,  85.00 ,  85.00 ,  95.00 ,,NO,SI
,1174,  980 ,  140 ,  0.0002 ,  -   ,  0.0081 ,  -   ,  50 ,  0.16 ,  35.00 ,  35.00 ,  80.00 ,,NO,SI
,1175,  123 ,  23 ,  0.0003 ,  -   ,  0.0069 ,  -   ,  20 ,  0.60 ,  55.00 ,  60.00 ,  95.00 ,,NO,SI
,1176,  347 ,  65 ,  0.0023 ,  -   ,  0.0230 ,  -   ,  10 ,  1.51 ,  57.00 ,  280.00 ,  178.00 ,,NO,SI
,1177,  122 ,  26 ,  0.0262 ,  -   ,  0.0262 ,  -   ,  1 ,  14.86 ,  105.00 ,  425.00 ,  530.00 ,,NO,SI
,1178,  77 ,  18 ,  0.0013 ,  -   ,  0.0269 ,  -   ,  20 ,  0.62 ,  50.50 ,  109.00 ,  168.00 ,,NO,SI
,1179,  705 ,  122 ,  0.0049 ,  -   ,  0.0494 ,  -   ,  10 ,  -   ,  -   ,  -   ,  -   ,,NO,SI
,1180,"  5,735 ",  863 ,  0.0004 ,  0.0044 ,  0.0443 ,  10 ,  100 ,  -   ,  -   ,  -   ,  -   ,,NO,SI
,1181,"  6,233 ",  940 ,  0.0006 ,  0.0055 ,  0.0553 ,  10 ,  100 ,  -   ,  -   ,  -   ,  -   ,,NO,SI
,1182,  14 ,  2 ,  0.0109 ,  -   ,  0.0435 ,  -   ,  4 ,  3.33 ,  105.88 ,  215.00 ,  420.00 ,,NO,SI
,1183,  98 ,  18 ,  0.0029 ,  0.0146 ,  0.0293 ,  5 ,  10 ,  -   ,  -   ,  -   ,  -   ,,NO,SI
,1184,"  3,367 ",  530 ,  0.0049 ,  -   ,  0.0495 ,  -   ,  10 ,  -   ,  -   ,  -   ,  -   ,,NO,SI
,1185,"  1,063 ",  212 ,  0.0009 ,  0.0093 ,  0.0466 ,  10 ,  50 ,  0.23 ,  26.40 ,  250.00 ,  98.00 ,,NO,SI
,1186,  429 ,  84 ,  0.0012 ,  0.0122 ,  0.0610 ,  10 ,  50 ,  0.40 ,  27.30 ,  309.00 ,  103.00 ,,NO,SI
,1187,  177 ,  82 ,  0.0022 ,  -   ,  0.0263 ,  -   ,  12 ,  -   ,  -   ,  -   ,  -   ,,NO,SI
,5179,  297 ,  -   ,  0.0035 , #VALUE!,  0.0422 , -,  12 ,  1.00 ,  26.00 ,  230.00 ,  590.00 ,,NO,SI
,1188,  306 ,  143 ,  0.0030 ,  -   ,  0.0364 ,  -   ,  12 ,  1.52 ,  30.86 ,  230.00 ,  120.00 ,,NO,SI
,5180,  317 ,  -   ,  0.0009 , #VALUE!,  0.0102 , -,  12 ,  1.52 ,  30.90 ,  230.00 ,  120.00 ,,NO,SI
,1189,  329 ,  164 ,  0.0033 ,  -   ,  0.0400 ,  -   ,  12 ,  -   ,  -   ,  -   ,  -   ,,NO,SI
,5181,  519 ,  -   ,  0.0068 , #VALUE!,  0.0816 , -,  12 ,  1.46 ,  40.00 ,  270.00 ,  630.00 ,,NO,SI
,1190,  285 ,  85 ,  0.0044 ,  -   ,  0.0531 ,  -   ,  12 ,  0.17 ,  5.40 ,  50.00 ,  175.00 ,,NO,SI
,5182,  87 ,  -   ,  0.0000 , #VALUE!,  0.0006 , -,  12 ,  0.17 ,  5.40 ,  50.00 ,  175.00 ,,NO,SI
,1191,  99 ,  24 ,  0.0004 ,  -   ,  0.0230 ,  -   ,  60 ,  0.10 ,  36.50 ,  55.50 ,  150.00 ,,NO,SI
,1193,  292 ,  55 ,  0.0001 ,  -   ,  0.0071 ,  -   ,  100 ,  -   ,  -   ,  -   ,  -   ,,NO,SI
,1194,  552 ,  91 ,  0.0001 ,  -   ,  0.0071 ,  -   ,  100 ,  0.04 ,  35.45 ,  36.02 ,  71.75 ,,NO,SI
,1195,  371 ,  57 ,  0.0001 ,  -   ,  0.0071 ,  -   ,  100 ,  0.04 ,  35.00 ,  35.00 ,  70.00 ,,NO,SI
,1196,  948 ,  163 ,  0.0001 ,  -   ,  0.0124 ,  -   ,  100 ,  0.03 ,  35.00 ,  35.00 ,  70.00 ,,NO,SI
,1197,"  1,033 ",  168 ,  0.0001 ,  -   ,  0.0124 ,  -   ,  100 ,  0.04 ,  35.05 ,  35.40 ,  70.30 ,,NO,SI
,1198,  520 ,  97 ,  0.0001 ,  -   ,  0.0124 ,  -   ,  100 ,  0.04 ,  35.00 ,  35.00 ,  70.00 ,,NO,SI
,1199,"  1,842 ",  303 ,  0.0001 ,  -   ,  0.0124 ,  -   ,  100 ,  0.06 ,  35.28 ,  35.45 ,  71.05 ,,NO,SI
,1200,  730 ,  120 ,  0.0001 ,  -   ,  0.0124 ,  -   ,  100 ,  0.05 ,  36.21 ,  34.77 ,  70.22 ,,NO,SI
,1201,"  2,327 ",  397 ,  0.0001 ,  -   ,  0.0124 ,  -   ,  100 ,  0.06 ,  35.27 ,  36.10 ,  70.15 ,,NO,SI
,1202,  925 ,  174 ,  0.0001 ,  -   ,  0.0124 ,  -   ,  100 ,  -   ,  -   ,  -   ,  -   ,,NO,SI
,1203,  512 ,  81 ,  0.0001 ,  -   ,  0.0124 ,  -   ,  100 ,  0.07 ,  34.72 ,  36.25 ,  70.60 ,,NO,SI
,1204,  478 ,  80 ,  0.0001 ,  -   ,  0.0124 ,  -   ,  100 ,  -   ,  -   ,  -   ,  -   ,,NO,SI
,1205,"  1,060 ",  170 ,  0.0001 ,  -   ,  0.0124 ,  -   ,  100 ,  0.08 ,  34.50 ,  36.20 ,  70.00 ,,NO,SI
,1206,"  1,383 ",  154 ,  0.0001 ,  -   ,  0.0124 ,  -   ,  100 ,  0.08 ,  35.00 ,  35.00 ,  70.00 ,,NO,SI
,1207,  658 ,  113 ,  0.0001 ,  -   ,  0.0124 ,  -   ,  100 ,  0.09 ,  35.00 ,  35.00 ,  70.00 ,,NO,SI
,1208,  983 ,  166 ,  0.0001 ,  -   ,  0.0124 ,  -   ,  100 ,  0.09 ,  35.00 ,  35.00 ,  70.00 ,,NO,SI
,1209,  347 ,  48 ,  0.0002 ,  -   ,  0.0243 ,  -   ,  100 ,  0.08 ,  55.00 ,  55.00 ,  70.00 ,,NO,SI
,1210,  743 ,  119 ,  0.0002 ,  -   ,  0.0243 ,  -   ,  100 ,  0.08 ,  55.00 ,  55.00 ,  70.00 ,,NO,SI
,1211,"  1,034 ",  166 ,  0.0002 ,  -   ,  0.0243 ,  -   ,  100 ,  0.09 ,  50.00 ,  50.00 ,  70.00 ,,NO,SI
,1212,  335 ,  61 ,  0.0002 ,  -   ,  0.0243 ,  -   ,  100 ,  0.09 ,  55.00 ,  55.00 ,  70.00 ,,NO,SI
,1213,  363 ,  69 ,  0.0002 ,  -   ,  0.0243 ,  -   ,  100 ,  0.09 ,  55.00 ,  55.00 ,  70.00 ,,NO,SI
,1214,  505 ,  76 ,  0.0002 ,  -   ,  0.0243 ,  -   ,  100 ,  -   ,  -   ,  -   ,  -   ,,NO,SI
,1215,  387 ,  69 ,  0.0002 ,  -   ,  0.0243 ,  -   ,  100 ,  0.10 ,  50.00 ,  55.00 ,  70.00 ,,NO,SI
,1216,  396 ,  59 ,  0.0002 ,  -   ,  0.0243 ,  -   ,  100 ,  0.11 ,  50.00 ,  55.00 ,  70.00 ,,NO,SI
,1217,"  1,202 ",  191 ,  0.0002 ,  -   ,  0.0243 ,  -   ,  100 ,  0.13 ,  50.00 ,  55.00 ,  70.00 ,,NO,SI
,1218,  498 ,  80 ,  0.0004 ,  -   ,  0.0219 ,  -   ,  50 ,  0.13 ,  50.00 ,  75.00 ,  95.00 ,,NO,SI
,1219,  424 ,  68 ,  0.0004 ,  -   ,  0.0218 ,  -   ,  50 ,  0.14 ,  50.00 ,  75.00 ,  95.00 ,,NO,SI
,1220,  308 ,  57 ,  0.0004 ,  -   ,  0.0219 ,  -   ,  50 ,  0.16 ,  50.00 ,  75.00 ,  100.00 ,,NO,SI
,1221,"  1,142 ",  186 ,  0.0004 ,  -   ,  0.0218 ,  -   ,  50 ,  0.17 ,  50.00 ,  75.00 ,  95.00 ,,NO,SI
,1222,  426 ,  78 ,  0.0004 ,  -   ,  0.0218 ,  -   ,  50 ,  -   ,  -   ,  -   ,  -   ,,NO,SI
,1223,  426 ,  68 ,  0.0004 ,  -   ,  0.0219 ,  -   ,  50 ,  0.20 ,  50.00 ,  100.00 ,  80.00 ,,NO,SI
,1224,  178 ,  30 ,  0.0004 ,  -   ,  0.0219 ,  -   ,  50 ,  0.20 ,  50.00 ,  75.00 ,  100.00 ,,NO,SI
,1225,  450 ,  61 ,  0.0004 ,  -   ,  0.0218 ,  -   ,  50 ,  0.22 ,  50.00 ,  100.00 ,  80.00 ,,NO,SI
,1226,  228 ,  41 ,  0.0004 ,  -   ,  0.0219 ,  -   ,  50 ,  0.23 ,  50.00 ,  75.00 ,  100.00 ,,NO,SI
,1227,  514 ,  84 ,  0.0007 ,  -   ,  0.0359 ,  -   ,  50 ,  -   ,  -   ,  -   ,  -   ,,NO,SI
,1228,  359 ,  49 ,  0.0007 ,  -   ,  0.0359 ,  -   ,  50 ,  -   ,  -   ,  -   ,  -   ,,NO,SI
,1229,  263 ,  48 ,  0.0007 ,  -   ,  0.0359 ,  -   ,  50 ,  -   ,  -   ,  -   ,  -   ,,NO,SI
,1230,  204 ,  37 ,  0.0007 ,  -   ,  0.0358 ,  -   ,  50 ,  0.32 ,  50.00 ,  100.00 ,  120.00 ,,NO,SI
,1231,  168 ,  32 ,  0.0007 ,  -   ,  0.0358 ,  -   ,  50 ,  0.33 ,  45.00 ,  100.00 ,  120.00 ,,NO,SI
,1232,  115 ,  20 ,  0.0007 ,  -   ,  0.0357 ,  -   ,  50 ,  0.36 ,  50.00 ,  100.00 ,  120.00 ,,NO,SI
,1233,  78 ,  14 ,  0.0009 ,  -   ,  0.0441 ,  -   ,  50 ,  0.37 ,  47.10 ,  100.00 ,  120.00 ,,NO,SI
,1234,  106 ,  19 ,  0.0007 ,  -   ,  0.0358 ,  -   ,  50 ,  0.40 ,  47.83 ,  100.00 ,  120.00 ,,NO,SI
,1235,  264 ,  46 ,  0.0011 ,  -   ,  0.0225 ,  -   ,  20 ,  0.43 ,  50.00 ,  125.00 ,  155.00 ,,NO,SI
,1236,  134 ,  26 ,  0.0011 ,  -   ,  0.0225 ,  -   ,  20 ,  0.48 ,  50.00 ,  150.00 ,  150.00 ,,NO,SI
,1237,  185 ,  33 ,  0.0011 ,  -   ,  0.0225 ,  -   ,  20 ,  0.53 ,  50.00 ,  130.00 ,  155.00 ,,NO,SI
,1238,  94 ,  19 ,  0.0011 ,  -   ,  0.0225 ,  -   ,  20 ,  0.60 ,  50.00 ,  130.00 ,  150.00 ,,NO,SI
,1239,  85 ,  19 ,  0.0016 ,  -   ,  0.0326 ,  -   ,  20 ,  0.64 ,  50.00 ,  160.00 ,  180.00 ,,NO,SI
,1240,  56 ,  9 ,  0.0016 ,  -   ,  0.0326 ,  -   ,  20 ,  0.70 ,  50.00 ,  160.00 ,  180.00 ,,NO,SI
,1241,  64 ,  10 ,  0.0016 ,  -   ,  0.0326 ,  -   ,  20 ,  -   ,  -   ,  -   ,  -   ,,NO,SI
,1242,  32 ,  6 ,  0.0017 ,  -   ,  0.0343 ,  -   ,  20 ,  0.83 ,  50.00 ,  160.00 ,  180.00 ,,NO,SI
,1243,  237 ,  62 ,  0.0045 ,  -   ,  0.0538 ,  -   ,  12 ,  1.34 ,  25.00 ,  400.00 ,  765.00 ,,NO,SI
,5183,  76 ,  -   ,  0.0077 , #VALUE!,  0.0918 , -,  12 ,  1.34 ,  25.00 ,  400.00 ,  765.00 ,,NO,SI
,1244,"  1,510 ",  268 ,  0.0002 ,  0.0154 ,  0.0308 ,  100 ,  200 ,#N/A,#N/A,#N/A,#N/A,,NO,SI
,1245,  366 ,  57 ,  0.0002 ,  0.0061 ,  0.0121 ,  25 ,  50 ,  -   ,  -   ,  -   ,  -   ,,NO,SI
,1246,"  4,151 ",  691 ,  0.0003 ,  0.0268 ,  0.0536 ,  100 ,  200 ,  0.13 ,  7.70 ,  130.00 ,  160.00 ,,NO,SI
,1247,"  1,151 ",  196 ,  0.0005 ,  0.0127 ,  0.0254 ,  25 ,  50 ,  0.40 ,  6.30 ,  190.00 ,  225.00 ,,NO,SI
,1248,  370 ,  78 ,  0.0094 ,  -   ,  0.0282 ,  -   ,  3 ,  -   ,  -   ,  -   ,  -   ,,NO,SI
,1249,"  6,849 ","  1,366 ",  0.0001 ,  0.0015 ,  0.0744 ,  12 ,  600 ,  0.04 ,  16.00 ,  65.00 ,  105.00 ,,NO,SI
,1250,"  10,172 ","  2,098 ",  0.0001 ,  0.0015 ,  0.0590 ,  12 ,  480 ,  0.05 ,  17.50 ,  65.00 ,  105.00 ,,NO,SI
,1251,"  17,080 ","  3,203 ",  0.0002 ,  0.0019 ,  0.0386 ,  12 ,  240 ,  0.10 ,  19.53 ,  80.00 ,  120.00 ,,NO,SI
,1252,"  21,909 ","  3,915 ",  0.0002 ,  0.0021 ,  0.0320 ,  12 ,  180 ,  0.15 ,  22.61 ,  80.00 ,  120.00 ,,NO,SI
,1253,"  13,512 ","  2,430 ",  0.0003 ,  0.0018 ,  0.0216 ,  6 ,  72 ,  0.31 ,  24.20 ,  90.00 ,  140.00 ,,NO,SI
,1254,"  4,841 ",  939 ,  0.0004 ,  0.0027 ,  0.0213 ,  6 ,  48 ,  0.45 ,  22.50 ,  105.00 ,  140.00 ,,NO,SI
,1255,  99 ,  18 ,  0.0000 ,  -   ,  0.0047 ,  -   ,  100 ,  -   ,  -   ,  -   ,  -   ,,NO,SI
,1256,  71 ,  13 ,  0.0000 ,  -   ,  0.0045 ,  -   ,  100 ,  -   ,  -   ,  -   ,  -   ,,NO,SI
,1257,  288 ,  46 ,  0.0000 ,  -   ,  0.0048 ,  -   ,  100 ,  0.07 ,  36.84 ,  35.44 ,  41.04 ,,NO,SI
,1258,  190 ,  27 ,  0.0001 ,  -   ,  0.0067 ,  -   ,  100 ,  0.08 ,  36.08 ,  35.66 ,  41.78 ,,NO,SI
,1259,  207 ,  29 ,  0.0000 ,  -   ,  0.0045 ,  -   ,  100 ,  0.07 ,  29.77 ,  30.09 ,  40.74 ,,NO,SI
,1260,  477 ,  64 ,  0.0001 ,  -   ,  0.0058 ,  -   ,  100 ,  0.12 ,  35.30 ,  35.42 ,  40.69 ,,NO,SI
,1261,  169 ,  21 ,  0.0001 ,  -   ,  0.0065 ,  -   ,  100 ,  0.13 ,  35.01 ,  35.50 ,  40.60 ,,NO,SI
,1262,  289 ,  28 ,  0.0001 ,  -   ,  0.0061 ,  -   ,  100 ,  0.19 ,  45.22 ,  46.10 ,  44.52 ,,NO,SI
,1263,  304 ,  32 ,  0.0001 ,  -   ,  0.0107 ,  -   ,  100 ,  0.20 ,  45.10 ,  45.86 ,  44.30 ,,NO,SI
,1264,  290 ,  29 ,  0.0002 ,  -   ,  0.0104 ,  -   ,  50 ,  0.24 ,  52.60 ,  53.76 ,  49.85 ,,NO,SI
,1265,  117 ,  27 ,  0.0001 ,  -   ,  0.0047 ,  -   ,  50 ,  0.11 ,  30.15 ,  30.30 ,  81.11 ,,NO,SI
,1266,  69 ,  10 ,  0.0014 ,  -   ,  0.0700 ,  -   ,  50 ,  0.16 ,  30.40 ,  30.72 ,  80.77 ,,NO,SI
,1267,  258 ,  43 ,  0.0001 ,  -   ,  0.0047 ,  -   ,  50 ,  0.12 ,  34.74 ,  34.85 ,  80.73 ,,NO,SI
,1268,  223 ,  21 ,  0.0001 ,  -   ,  0.0046 ,  -   ,  50 ,  0.13 ,  30.67 ,  30.33 ,  81.55 ,,NO,SI
,1269,  247 ,  19 ,  0.0001 ,  -   ,  0.0047 ,  -   ,  50 ,  0.12 ,  30.30 ,  29.58 ,  80.60 ,,NO,SI
,1270,  433 ,  60 ,  0.0001 ,  -   ,  0.0058 ,  -   ,  50 ,  0.13 ,  30.30 ,  30.45 ,  80.93 ,,NO,SI
,1271,  350 ,  43 ,  0.0001 ,  -   ,  0.0047 ,  -   ,  50 ,  0.14 ,  34.60 ,  34.15 ,  80.42 ,,NO,SI
,1272,  427 ,  51 ,  0.0001 ,  -   ,  0.0046 ,  -   ,  50 ,  0.15 ,  30.55 ,  31.15 ,  81.04 ,,NO,SI
,1273,  581 ,  71 ,  0.0002 ,  -   ,  0.0116 ,  -   ,  50 ,  0.15 ,  34.36 ,  34.79 ,  81.30 ,,NO,SI
,1274,"  1,202 ",  107 ,  0.0001 ,  -   ,  0.0067 ,  -   ,  50 ,  0.22 ,  34.94 ,  35.41 ,  80.33 ,,NO,SI
,1275,  184 ,  23 ,  0.0002 ,  -   ,  0.0097 ,  -   ,  50 ,  0.25 ,  34.66 ,  35.05 ,  80.86 ,,NO,SI
,1276,  644 ,  87 ,  0.0002 ,  -   ,  0.0097 ,  -   ,  50 ,  0.31 ,  35.00 ,  35.00 ,  80.00 ,,NO,SI
,1277,  296 ,  40 ,  0.0002 ,  -   ,  0.0108 ,  -   ,  50 ,  0.37 ,  45.00 ,  45.00 ,  80.00 ,,NO,SI
,1278,  247 ,  34 ,  0.0002 ,  -   ,  0.0107 ,  -   ,  50 ,  0.40 ,  45.00 ,  45.00 ,  80.00 ,,NO,SI
,1279,  369 ,  34 ,  0.0003 ,  -   ,  0.0081 ,  -   ,  25 ,  0.43 ,  53.62 ,  53.04 ,  81.88 ,,NO,SI
,1280,  80 ,  100 ,  0.0009 ,  0.0037 ,  0.0146 ,  4 ,  16 ,  -   ,  -   ,  -   ,  -   ,,NO,SI
,1281,  117 ,  17 ,  0.0006 ,  -   ,  0.0300 ,  -   ,  50 ,  0.14 ,  40.00 ,  80.00 ,  190.00 ,,NO,SI
,1282,  109 ,  15 ,  0.0006 ,  -   ,  0.0300 ,  -   ,  50 ,  0.14 ,  37.73 ,  77.00 ,  190.00 ,,NO,SI
,1283,  62 ,  8 ,  0.0006 ,  -   ,  0.0300 ,  -   ,  50 ,  0.24 ,  40.00 ,  190.00 ,  80.00 ,,NO,SI
,1284,  210 ,  436 ,  0.0019 ,  0.0095 ,  0.0190 ,  5 ,  10 ,  1.44 ,  33.13 ,  33.13 ,  670.00 ,,NO,SI
,5184,"  2,523 ",  -   ,  0.0007 ,  0.0037 ,  0.0074 ,  5 ,  10 ,  1.44 ,  33.10 ,  33.10 ,  670.00 ,,NO,SI
,1285,"  2,167 ",  351 ,  0.0001 ,  0.0015 ,  0.0148 ,  20 ,  200 ,  -   ,  -   ,  -   ,  -   ,,NO,SI
,1286,  90 ,  20 ,  0.0001 ,  0.0023 ,  0.0136 ,  20 ,  120 ,  0.60 ,  24.50 ,  31.50 ,  118.00 ,,NO,SI
,1287,"  1,086 ",  166 ,  0.0001 ,  0.0011 ,  0.0111 ,  14 ,  140 ,  0.36 ,  22.27 ,  22.27 ,  50.15 ,,NO,SI
,1288,  550 ,  96 ,  0.0001 ,  0.0008 ,  0.0084 ,  10 ,  100 ,  0.12 ,  22.50 ,  22.50 ,  76.00 ,,NO,SI
,1289,  656 ,  52 ,  0.0001 ,  0.0022 ,  0.0112 ,  20 ,  100 ,  0.47 ,  22.48 ,  22.48 ,  125.40 ,,NO,SI
,1290,  441 ,  58 ,  0.0002 ,  0.0011 ,  0.0107 ,  5 ,  50 ,  0.39 ,  22.50 ,  22.50 ,  250.00 ,,NO,SI
,1291,  145 ,#N/A,  0.0613 ,  -   ,  -   ,  -   ,  -   ,  -   ,  -   ,  -   ,  -   ,,NO,SI
,1292,  298 ,  53 ,  0.0001 ,  0.0010 ,  0.0103 ,  10 ,  100 ,  0.11 ,  23.80 ,  23.80 ,  100.10 ,,NO,SI
,1293,"  1,657 ",  276 ,  0.0001 ,  0.0010 ,  0.0104 ,  10 ,  100 ,  0.14 ,  24.00 ,  24.00 ,  99.81 ,,NO,SI
,1294,  624 ,  108 ,  0.0001 ,  0.0010 ,  0.0103 ,  10 ,  100 ,  0.17 ,  24.00 ,  24.00 ,  100.00 ,,NO,SI
,1295,  154 ,  24 ,  0.0007 ,  0.0036 ,  0.0215 ,  5 ,  30 ,  0.65 ,  24.00 ,  95.00 ,  170.00 ,,NO,SI
,1296,  758 ,  123 ,  0.0001 ,  0.0010 ,  0.0103 ,  10 ,  100 ,  -   ,  -   ,  -   ,  -   ,,NO,SI
,1297,  149 ,  22 ,  0.0000 ,  0.0042 ,  0.0084 ,  120 ,  240 ,  -   ,  -   ,  -   ,  -   ,,NO,SI
,1298,  250 ,  37 ,  0.0000 ,  0.0042 ,  0.0084 ,  120 ,  240 ,  0.02 ,  14.50 ,  60.00 ,  50.00 ,,NO,SI
,1299,  458 ,  38 ,  0.0000 ,  0.0044 ,  0.0089 ,  120 ,  240 ,  0.02 ,  14.50 ,  65.00 ,  60.00 ,,NO,SI
,1300,  135 ,  36 ,  0.0001 ,  0.0091 ,  0.0182 ,  120 ,  240 ,  0.05 ,  14.50 ,  105.00 ,  50.00 ,,NO,SI
,1301,  164 ,  24 ,  0.0001 ,  0.0091 ,  0.0182 ,  120 ,  240 ,  0.05 ,  14.00 ,  105.00 ,  65.00 ,,NO,SI
,1302,"  1,091 ",  123 ,  0.0000 ,  0.0044 ,  0.0089 ,  120 ,  240 ,  0.02 ,  14.50 ,  60.00 ,  48.00 ,,NO,SI
,1303,  232 ,  27 ,  0.0001 ,  0.0124 ,  0.0247 ,  120 ,  240 ,  0.04 ,  21.50 ,  75.00 ,  130.00 ,,NO,SI
,1304,"  1,941 ",  81 ,  0.0001 ,  0.0079 ,  0.0158 ,  120 ,  240 ,  0.05 ,  14.50 ,  105.00 ,  50.00 ,,NO,SI
,1305,  240 ,  38 ,  0.0001 ,  0.0144 ,  0.0288 ,  120 ,  240 ,  0.10 ,  21.00 ,  75.00 ,  130.00 ,,NO,SI
,1306,  162 ,  33 ,  0.0009 ,  0.0090 ,  0.0358 ,  10 ,  40 ,  0.35 ,  34.75 ,  105.70 ,  350.00 ,,NO,SI
,1307,  92 ,  18 ,  0.0009 ,  0.0090 ,  0.0358 ,  10 ,  40 ,  0.40 ,  35.00 ,  106.00 ,  355.00 ,,NO,SI
,1308,"  5,612 ",  899 ,  0.0000 ,  -   ,  0.0200 ,  -   ,  500 ,  0.03 ,  8.58 ,  18.93 ,  111.87 ,,NO,SI
,1309,"  1,524 ",  160 ,  0.0000 ,  -   ,  0.0200 ,  -   ,  500 ,  0.03 ,  9.00 ,  16.50 ,  107.00 ,,NO,SI
,1310,  223 ,  45 ,  0.0009 ,  -   ,  0.0087 ,  -   ,  10 ,  2.10 ,  41.30 ,  41.30 ,  500.00 ,,NO,SI
,1311,  197 ,  31 ,  0.0011 ,  -   ,  0.0107 ,  -   ,  10 ,  2.14 ,  44.03 ,  44.03 ,  500.00 ,,NO,SI
,1312,  166 ,  33 ,  0.0011 ,  -   ,  0.0107 ,  -   ,  10 ,  -   ,  -   ,  -   ,  -   ,,NO,SI
,1313,  294 ,  55 ,  0.0012 ,  -   ,  0.0122 ,  -   ,  10 ,  2.19 ,  46.48 ,  46.48 ,  500.00 ,,NO,SI
,1314,  515 ,  95 ,  0.0012 ,  -   ,  0.0122 ,  -   ,  10 ,  2.26 ,  46.52 ,  46.52 ,  500.00 ,,NO,SI
,1315,"  1,401 ",  264 ,  0.0003 ,  -   ,  0.0049 ,  -   ,  16 ,  1.44 ,  20.16 ,  20.16 ,  600.00 ,,NO,SI
,1316,"  1,498 ",  335 ,  0.0008 ,  0.0083 ,  0.0497 ,  10 ,  60 ,  0.38 ,  30.25 ,  90.00 ,  300.00 ,,NO,SI
,5185,  875 ,  -   ,  0.0008 ,  0.0082 ,  0.0490 ,  10 ,  60 ,  0.38 ,  30.30 ,  90.00 ,  300.00 ,,NO,SI
,1317,"  1,378 ",  273 ,  0.0001 ,  0.0010 ,  0.0102 ,  15 ,  150 ,  0.09 ,  21.81 ,  21.81 ,  63.45 ,,NO,SI
,1318,  730 ,  120 ,  0.0001 ,  0.0010 ,  0.0102 ,  10 ,  100 ,  0.14 ,  28.00 ,  28.00 ,  63.50 ,,NO,SI
,1319,  22 ,  14 ,  0.0063 ,  -   ,  0.0314 ,  -   ,  5 ,  1.83 ,  17.00 ,  480.00 ,  550.00 ,,NO,SI
,1320,"  2,611 ",  423 ,  0.0020 ,  -   ,  0.0980 ,  -   ,  50 ,#N/A,#N/A,#N/A,#N/A,,NO,SI
,1321,"  10,286 ","  1,634 ",  0.0001 ,  0.0008 ,  0.0475 ,  6 ,  360 ,  0.04 ,  27.50 ,  27.50 ,  170.00 ,,NO,SI
,1322,"  6,439 ",  604 ,  0.0002 ,  0.0013 ,  0.0521 ,  6 ,  240 ,  0.04 ,  27.50 ,  27.50 ,  295.00 ,,NO,SI
,1323,"  18,232 ","  3,218 ",  0.0001 ,  0.0009 ,  0.0526 ,  6 ,  360 ,  -   ,  -   ,  -   ,  -   ,,NO,SI
,1324,"  26,454 ","  4,192 ",  0.0002 ,  0.0013 ,  0.0504 ,  6 ,  240 ,  0.06 ,  29.18 ,  30.54 ,  200.00 ,,NO,SI
,1325,"  16,780 ","  2,455 ",  0.0003 ,  0.0017 ,  0.0662 ,  6 ,  240 ,  0.07 ,  30.50 ,  30.50 ,  250.00 ,,NO,SI
,1326,"  9,995 ","  1,761 ",  0.0001 ,  0.0007 ,  0.0293 ,  6 ,  240 ,  0.04 ,  30.50 ,  30.50 ,  105.00 ,,NO,SI
,1327,"  18,720 ","  3,181 ",  0.0003 ,  0.0016 ,  0.0318 ,  6 ,  120 ,  0.09 ,  30.00 ,  30.00 ,  235.00 ,,NO,SI
,1328,"  18,655 ","  3,136 ",  0.0003 ,  0.0017 ,  0.0348 ,  6 ,  120 ,  0.10 ,  30.00 ,  30.00 ,  260.00 ,,NO,SI
,1329,"  2,612 ",  435 ,  0.0005 ,  0.0027 ,  0.0437 ,  6 ,  96 ,  0.16 ,  37.00 ,  37.00 ,  320.00 ,,NO,SI
,1330,"  7,748 ","  1,333 ",  0.0001 ,  0.0009 ,  0.0526 ,  6 ,  360 ,  0.04 ,  27.50 ,  27.50 ,  195.00 ,,NO,SI
,1331,"  3,966 ",  679 ,  0.0002 ,  0.0011 ,  0.0652 ,  6 ,  360 ,  0.04 ,  27.00 ,  27.00 ,  240.00 ,,NO,SI
,1332,"  8,018 ","  1,419 ",  0.0001 ,  0.0009 ,  0.0526 ,  6 ,  360 ,  0.04 ,  27.50 ,  27.50 ,  195.00 ,,NO,SI
,1333,"  5,874 ","  1,061 ",  0.0002 ,  0.0010 ,  0.0601 ,  6 ,  360 ,  0.04 ,  27.00 ,  27.00 ,  215.00 ,,NO,SI
,1334,"  10,742 ","  1,911 ",  0.0002 ,  0.0013 ,  0.0504 ,  6 ,  240 ,  0.06 ,  31.00 ,  31.00 ,  205.00 ,,NO,SI
,1335,"  9,226 ","  1,801 ",  0.0002 ,  0.0014 ,  0.0547 ,  6 ,  240 ,  0.07 ,  31.00 ,  31.00 ,  230.00 ,,NO,SI
,1336,"  7,888 ","  1,180 ",  0.0003 ,  0.0017 ,  0.0662 ,  6 ,  240 ,  0.07 ,  31.00 ,  31.00 ,  250.00 ,,NO,SI
,1337,"  4,321 ",  723 ,  0.0001 ,  0.0007 ,  0.0293 ,  6 ,  240 ,  0.04 ,  30.00 ,  30.00 ,  110.00 ,,NO,SI
,1338,"  7,974 ","  1,309 ",  0.0002 ,  0.0015 ,  0.0294 ,  6 ,  120 ,  0.09 ,  33.50 ,  33.50 ,  210.00 ,,NO,SI
,1339,"  7,263 ","  1,292 ",  0.0003 ,  0.0016 ,  0.0318 ,  6 ,  120 ,  0.09 ,  33.50 ,  33.50 ,  235.00 ,,NO,SI
,1340,"  9,285 ","  1,520 ",  0.0003 ,  0.0017 ,  0.0348 ,  6 ,  120 ,  -   ,  -   ,  -   ,  -   ,,NO,SI
,1341,"  3,394 ",  567 ,  0.0005 ,  0.0027 ,  0.0437 ,  6 ,  96 ,  0.16 ,  37.00 ,  37.00 ,  325.00 ,,NO,SI
,1342,"  2,579 ",  369 ,  0.0005 ,  0.0031 ,  0.0500 ,  6 ,  96 ,  0.18 ,  36.50 ,  36.50 ,  370.00 ,,NO,SI
,1343,"  11,249 ","  2,143 ",  0.0029 ,  0.0173 ,  0.0692 ,  6 ,  24 ,  0.51 ,  40.00 ,  235.00 ,  295.00 ,,NO,SI
,1344,"  5,489 ",  331 ,  0.0002 ,  0.0017 ,  0.0167 ,  10 ,  100 ,  -   ,  -   ,  -   ,  -   ,,NO,SI
,1345,  116 ,#N/A,#N/A,#N/A,#N/A,#N/A,#N/A,#N/A,#N/A,#N/A,#N/A,,NO,SI
,1346,  2 ,  153 ,  0.0016 ,  -   ,  0.0328 ,  -   ,  20 ,  0.79 ,  60.60 ,  77.20 ,  310.00 ,,NO,SI
,5186,  824 ,  -   ,  0.0015 , #VALUE!,  0.0290 , -,  20 ,  0.79 ,  60.60 ,  77.20 ,  310.00 ,,NO,SI
,1347,  158 ,  19 ,  0.0006 ,  0.0060 ,  0.0359 ,  10 ,  60 ,  0.22 ,  35.00 ,  80.00 ,  205.00 ,,NO,SI
,1348,  515 ,  106 ,  0.0006 ,  0.0035 ,  0.0277 ,  6 ,  48 ,  -   ,  -   ,  -   ,  -   ,,NO,SI
,1349,"  1,481 ",  210 ,  0.0024 ,  0.0143 ,  0.0571 ,  6 ,  24 ,  -   ,  -   ,  -   ,  -   ,,NO,SI
,1350,"  1,300 ",  213 ,  0.0016 ,  -   ,  0.0310 ,  -   ,  20 ,  0.78 ,  48.06 ,  250.00 ,  110.00 ,,NO,SI
,1351,  127 ,  16 ,  0.0009 ,  -   ,  0.0087 ,  -   ,  10 ,  2.05 ,  35.32 ,  35.32 ,  500.00 ,,NO,SI
,1352,  91 ,  12 ,  0.0013 ,  -   ,  0.0134 ,  -   ,  10 ,  -   ,  -   ,  -   ,  -   ,,NO,SI
,1353,"  1,532 ",  221 ,  0.0000 ,  -   ,  0.0120 ,  -   ,  300 ,  0.05 ,  10.50 ,  19.00 ,  135.00 ,,NO,SI
,1354,  193 ,  39 ,  0.0006 ,  0.0063 ,  0.0376 ,  10 ,  60 ,  0.21 ,  34.50 ,  80.00 ,  170.00 ,,NO,SI
,1355,  260 ,  32 ,  0.0000 ,  0.0003 ,  0.0170 ,  10 ,  500 ,  0.05 ,  8.00 ,  20.00 ,  95.00 ,,NO,SI
,1356,  128 ,  18 ,  0.0000 ,  0.0003 ,  0.0170 ,  10 ,  500 ,  0.05 ,  8.00 ,  19.00 ,  96.00 ,,NO,SI
,1357,  487 ,  58 ,  0.0000 ,  0.0003 ,  0.0170 ,  10 ,  500 ,  -   ,  -   ,  -   ,  -   ,,NO,SI
,1358,  394 ,  82 ,  0.0000 ,  0.0003 ,  0.0170 ,  10 ,  500 ,  0.07 ,  9.00 ,  30.00 ,  105.00 ,,NO,SI
,1359,  165 ,  21 ,  0.0001 ,  0.0006 ,  0.0114 ,  10 ,  200 ,  0.10 ,  9.50 ,  30.00 ,  110.00 ,,NO,SI
,1360,  438 ,  53 ,  0.0001 ,  0.0006 ,  0.0114 ,  10 ,  200 ,  -   ,  -   ,  -   ,  -   ,,NO,SI
,1361,  153 ,  15 ,  0.0001 ,  0.0006 ,  0.0114 ,  10 ,  200 ,  0.12 ,  10.00 ,  30.00 ,  120.00 ,,NO,SI
,1362,  188 ,  22 ,  0.0001 ,  0.0004 ,  0.0088 ,  5 ,  100 ,#N/A,#N/A,#N/A,#N/A,,NO,SI
,1363,  184 ,  23 ,  0.0001 ,  0.0004 ,  0.0088 ,  5 ,  100 ,#N/A,#N/A,#N/A,#N/A,,NO,SI
,1364,  175 ,  28 ,  0.0001 ,  0.0005 ,  0.0106 ,  5 ,  100 ,  0.15 ,  10.00 ,  35.00 ,  130.00 ,,NO,SI
,1365,  104 ,  12 ,  0.0001 ,  0.0005 ,  0.0106 ,  5 ,  100 ,  -   ,  -   ,  -   ,  -   ,,NO,SI
,1366,  154 ,  26 ,  0.0001 ,  0.0005 ,  0.0106 ,  5 ,  100 ,#N/A,#N/A,#N/A,#N/A,,NO,SI
,1368,"  1,197 ",  195 ,  0.0007 ,  -   ,  0.0182 ,  -   ,  25 ,  0.02 ,  19.00 ,  19.00 ,  145.00 ,,NO,SI
,1369,  167 ,  18 ,  0.0004 ,  -   ,  0.0230 ,  -   ,  60 ,  0.10 ,  36.00 ,  55.00 ,  150.00 ,,NO,SI
,1370,  207 ,  27 ,  0.0004 ,  -   ,  0.0230 ,  -   ,  60 ,  0.10 ,  36.00 ,  55.00 ,  150.00 ,,NO,SI
,1371,  116 ,  22 ,  0.0004 ,  -   ,  0.0230 ,  -   ,  60 ,  0.10 ,  36.00 ,  55.00 ,  150.00 ,,NO,SI
,1372,  60 ,  12 ,  0.0004 ,  -   ,  0.0230 ,  -   ,  60 ,  0.10 ,  36.00 ,  55.00 ,  150.00 ,,NO,SI
,1373,  98 ,  18 ,  0.0004 ,  -   ,  0.0230 ,  -   ,  60 ,  0.10 ,  36.00 ,  55.00 ,  150.00 ,,NO,SI
,1374,  168 ,  26 ,  0.0004 ,  -   ,  0.0230 ,  -   ,  60 ,  0.10 ,  36.00 ,  55.00 ,  150.00 ,,NO,SI
,1375,"  3,282 ",  537 ,  0.0019 ,  -   ,  0.0742 ,  -   ,  40 ,  0.49 ,  120.29 ,  123.44 ,  109.22 ,,NO,SI
,1376,  297 ,  50 ,  0.0008 ,  -   ,  0.0161 ,  -   ,  20 ,  1.14 ,  101.50 ,  180.00 ,  190.00 ,,NO,SI
,1377,  728 ,  118 ,  0.0003 ,  0.0027 ,  0.0325 ,  10 ,  120 ,  0.25 ,  25.00 ,  85.00 ,  85.00 ,,NO,SI
,1386,  2 ,"  1,100 ",  0.0007 ,  0.0014 ,  0.0140 ,  2 ,  20 ,#N/A,#N/A,#N/A,#N/A,,NO,SI
,1387,  2 ,"  1,670 ",  0.0009 ,  0.0018 ,  0.0180 ,  2 ,  20 ,#N/A,#N/A,#N/A,#N/A,,NO,SI
,1388,  2 ,"  1,400 ",  0.0008 ,  0.0040 ,  0.0160 ,  5 ,  20 ,#N/A,#N/A,#N/A,#N/A,,NO,SI
,1389,  2 ,  840 ,  0.0018 ,  0.0090 ,  0.0180 ,  5 ,  10 ,#N/A,#N/A,#N/A,#N/A,,NO,SI
,1390,"  3,194 ",  478 ,  0.0001 ,  -   ,  0.0013 ,  -   ,  10 ,  1.19 ,  70.00 ,  120.00 ,  70.00 ,,NO,SI
,1391,"  1,095 ",  156 ,  0.0002 ,  -   ,  0.0017 ,  -   ,  10 ,  -   ,  -   ,  -   ,  -   ,,NO,SI
,1407,  1 ,  60 ,  0.0012 ,  0.0060 ,  0.0480 ,  5 ,  40 ,#N/A,#N/A,#N/A,#N/A,,NO,SI
,1409,  1 ,  100 ,  0.0007 ,  0.0035 ,  0.0280 ,  5 ,  40 ,#N/A,#N/A,#N/A,#N/A,,NO,SI
,1410,  1 ,  100 ,  0.0007 ,  0.0035 ,  0.0280 ,  5 ,  40 ,#N/A,#N/A,#N/A,#N/A,,NO,SI
,1411,  1 ,  100 ,  0.0031 ,  0.0062 ,  0.0496 ,  2 ,  16 ,#N/A,#N/A,#N/A,#N/A,,NO,SI
,1415,  1 ,  300 ,  0.0018 ,  0.0036 ,  0.0288 ,  2 ,  16 ,#N/A,#N/A,#N/A,#N/A,,NO,SI
,1417,  1 ,  150 ,  0.0016 ,  0.0032 ,  0.0256 ,  2 ,  16 ,#N/A,#N/A,#N/A,#N/A,,NO,SI
,1418,  1 ,  80 ,  0.0012 ,  0.0060 ,  0.0480 ,  5 ,  40 ,#N/A,#N/A,#N/A,#N/A,,NO,SI
,1420,  1 ,  100 ,  0.0007 ,  0.0035 ,  0.0280 ,  5 ,  40 ,#N/A,#N/A,#N/A,#N/A,,NO,SI
,1421,  1 ,  100 ,  0.0007 ,  0.0035 ,  0.0280 ,  5 ,  40 ,#N/A,#N/A,#N/A,#N/A,,NO,SI
,1432,  8 ,  7 ,  0.0001 ,  0.0058 ,  0.0115 ,  50 ,  100 ,  0.12 ,  4.70 ,  51.06 ,  136.00 ,,NO,SI
,5187,  21 ,  -   ,  0.0000 ,  0.0016 ,  0.0033 ,  50 ,  100 ,  0.12 ,  4.70 ,  51.10 ,  136.00 ,,NO,SI
,1433,  296 ,  40 ,  0.0001 ,  0.0008 ,  0.0084 ,  10 ,  100 ,  0.15 ,  25.00 ,  25.00 ,  77.50 ,,NO,SI
,1434,  267 ,  48 ,  0.0009 ,  0.0047 ,  0.0190 ,  5 ,  20 ,  0.17 ,  27.50 ,  120.00 ,  200.00 ,,NO,SI
,1435,  575 ,  89 ,  0.0006 ,  0.0032 ,  0.0127 ,  5 ,  20 ,  0.27 ,  31.11 ,  120.00 ,  205.00 ,,NO,SI
,1436,"  1,214 ",  143 ,  0.0008 ,  0.0040 ,  0.0160 ,  5 ,  20 ,  0.62 ,  15.00 ,  100.00 ,  260.00 ,,NO,SI
,1437,  256 ,  40 ,  0.0015 ,  0.0146 ,  0.0293 ,  10 ,  20 ,  0.70 ,  33.30 ,  105.00 ,  355.00 ,,NO,SI
,1438,"  9,808 ","  1,638 ",  0.0008 ,  0.0045 ,  0.0360 ,  6 ,  48 ,  0.25 ,  28.55 ,  86.00 ,  225.00 ,,NO,SI
,1439,"  2,995 ",  416 ,  0.0008 ,  0.0050 ,  0.0400 ,  6 ,  48 ,  0.33 ,  30.50 ,  85.00 ,  275.00 ,,NO,SI
,1440,"  1,243 ",  213 ,  0.0009 ,  0.0054 ,  0.0430 ,  6 ,  48 ,  0.40 ,  31.50 ,  85.00 ,  270.00 ,,NO,SI
,1441,"  4,433 ",  564 ,  0.0006 ,  0.0038 ,  0.0300 ,  6 ,  48 ,  -   ,  -   ,  -   ,  -   ,,NO,SI
,1442,"  3,011 ",  510 ,  0.0008 ,  0.0045 ,  0.0360 ,  6 ,  48 ,  0.26 ,  27.50 ,  85.00 ,  275.00 ,,NO,SI
,1443,  964 ,  169 ,  0.0009 ,  0.0053 ,  0.0421 ,  6 ,  48 ,  0.26 ,  28.50 ,  85.00 ,  270.00 ,,NO,SI
,1444,"  1,456 ",  270 ,  0.0006 ,  0.0038 ,  0.0300 ,  6 ,  48 ,  0.20 ,  24.90 ,  85.00 ,  225.00 ,,NO,SI
,1445,"  5,126 ",  814 ,  0.0008 ,  0.0050 ,  0.0400 ,  6 ,  48 ,  0.31 ,  30.00 ,  85.00 ,  270.00 ,,NO,SI
,1446,"  3,111 ",  529 ,  0.0008 ,  0.0050 ,  0.0400 ,  6 ,  48 ,  -   ,  -   ,  -   ,  -   ,,NO,SI
,1447,  38 ,  6 ,  0.0017 ,  -   ,  0.0203 ,  -   ,  12 ,  1.56 ,  86.86 ,  86.86 ,  88.23 ,,NO,SI
,1448,  317 ,  54 ,  0.0037 ,  -   ,  0.0373 ,  -   ,  10 ,  1.97 ,  50.00 ,  350.00 ,  200.00 ,,NO,SI
,1449,  160 ,  19 ,  0.0002 ,  0.0013 ,  0.0156 ,  8 ,  96 ,  0.16 ,  33.07 ,  33.07 ,  50.44 ,,NO,SI
,1450,  69 ,  11 ,  0.0002 ,  0.0013 ,  0.0156 ,  8 ,  96 ,  0.22 ,  36.04 ,  36.04 ,  50.46 ,,NO,SI
,1451,  255 ,  37 ,  0.0002 ,  0.0013 ,  0.0156 ,  8 ,  96 ,  0.22 ,  35.78 ,  35.78 ,  50.34 ,,NO,SI
,1452,  66 ,  13 ,  0.0002 ,  0.0013 ,  0.0156 ,  8 ,  96 ,  0.22 ,  35.83 ,  35.83 ,  51.05 ,,NO,SI
,1453,  85 ,  14 ,  0.0002 ,  0.0012 ,  0.0146 ,  8 ,  96 ,  0.18 ,  33.20 ,  33.20 ,  50.58 ,,NO,SI
,1454,  90 ,  20 ,  0.0002 ,  0.0013 ,  0.0156 ,  8 ,  96 ,  0.21 ,  36.20 ,  36.20 ,  50.53 ,,NO,SI
,1455,  47 ,  9 ,  0.0002 ,  0.0013 ,  0.0156 ,  8 ,  96 ,  0.22 ,  36.28 ,  36.28 ,  50.93 ,,NO,SI
,1456,  219 ,  33 ,  0.0002 ,  0.0013 ,  0.0156 ,  8 ,  96 ,  0.22 ,  35.86 ,  35.86 ,  50.78 ,,NO,SI
,1457,  46 ,  10 ,  0.0002 ,  0.0012 ,  0.0145 ,  8 ,  96 ,  -   ,  -   ,  -   ,  -   ,,NO,SI
,1458,  58 ,  12 ,  0.0002 ,  0.0013 ,  0.0156 ,  8 ,  96 ,  -   ,  -   ,  -   ,  -   ,,NO,SI
,1459,  176 ,  29 ,  0.0002 ,  0.0012 ,  0.0147 ,  8 ,  96 ,  0.24 ,  37.80 ,  37.80 ,  51.93 ,,NO,SI
,1460,  108 ,  18 ,  0.0002 ,  0.0012 ,  0.0145 ,  8 ,  96 ,  0.23 ,  39.70 ,  39.70 ,  52.59 ,,NO,SI
,1461,  92 ,  15 ,  0.0002 ,  0.0013 ,  0.0156 ,  8 ,  96 ,  0.27 ,  41.71 ,  41.71 ,  52.28 ,,NO,SI
,1462,  505 ,  61 ,  0.0002 ,  0.0013 ,  0.0156 ,  8 ,  96 ,  0.27 ,  42.00 ,  42.00 ,  53.00 ,,NO,SI
,1463,  217 ,  30 ,  0.0002 ,  0.0015 ,  0.0178 ,  6 ,  72 ,  0.31 ,  46.35 ,  46.35 ,  56.65 ,,NO,SI
,1464,  610 ,  63 ,  0.0002 ,  0.0015 ,  0.0179 ,  6 ,  72 ,  0.40 ,  48.50 ,  48.50 ,  59.00 ,,NO,SI
,1465,  736 ,  101 ,  0.0002 ,  0.0015 ,  0.0178 ,  6 ,  72 ,  0.42 ,  50.57 ,  50.57 ,  57.60 ,,NO,SI
,1466,  320 ,  43 ,  0.0003 ,  0.0016 ,  0.0126 ,  6 ,  48 ,  0.47 ,  52.13 ,  52.13 ,  58.25 ,,NO,SI
,1467,  341 ,  43 ,  0.0004 ,  0.0025 ,  0.0203 ,  6 ,  48 ,  0.50 ,  57.00 ,  57.00 ,  65.00 ,,NO,SI
,1468,  228 ,  34 ,  0.0004 ,  0.0025 ,  0.0203 ,  6 ,  48 ,  0.50 ,  57.46 ,  57.46 ,  64.85 ,,NO,SI
,1469,  202 ,  24 ,  0.0004 ,  0.0024 ,  0.0195 ,  6 ,  48 ,  0.62 ,  61.87 ,  61.87 ,  68.48 ,,NO,SI
,1470,  108 ,  17 ,  0.0006 ,  0.0023 ,  0.0135 ,  4 ,  24 ,  0.65 ,  65.20 ,  65.20 ,  68.89 ,,NO,SI
,1471,  151 ,  13 ,  0.0008 ,  0.0030 ,  0.0180 ,  4 ,  24 ,  0.72 ,  68.12 ,  68.12 ,  71.47 ,,NO,SI
,1472,  142 ,  16 ,  0.0008 ,  0.0034 ,  0.0203 ,  4 ,  24 ,  0.93 ,  74.91 ,  74.91 ,  74.59 ,,NO,SI
,1473,  64 ,  11 ,  0.0008 ,  0.0034 ,  0.0203 ,  4 ,  24 ,  0.98 ,  78.35 ,  78.35 ,  79.11 ,,NO,SI
,1474,  79 ,  11 ,  0.0008 ,  0.0034 ,  0.0203 ,  4 ,  24 ,  -   ,  -   ,  -   ,  -   ,,NO,SI
,1475,  435 ,  36 ,  0.0009 ,  -   ,  0.0105 ,  -   ,  12 ,  1.54 ,  90.87 ,  90.87 ,  85.85 ,,NO,SI
,1476,  161 ,  16 ,  0.0012 ,  -   ,  0.0099 ,  -   ,  8 ,  1.40 ,  93.10 ,  93.10 ,  84.08 ,,NO,SI
,1477,  979 ,  197 ,  0.0166 ,  -   ,  0.0665 ,  -   ,  4 ,  6.41 ,  100.00 ,  300.00 ,  400.00 ,,NO,SI
,5188,  271 ,  -   ,  0.0120 , #VALUE!,  0.0480 , -,  4 ,  6.41 ,  100.00 ,  300.00 ,  400.00 ,,NO,SI
,1478,"  1,151 ",  200 ,  0.0008 ,  0.0050 ,  0.0300 ,  6 ,  36 ,  0.57 ,  19.00 ,  97.00 ,  360.00 ,,NO,SI
,1479,  878 ,  223 ,  0.0006 ,  0.0115 ,  0.0346 ,  20 ,  60 ,  -   ,  -   ,  -   ,  -   ,,NO,SI
,5189,  764 ,  -   ,  0.0010 ,  0.0208 ,  0.0624 ,  20 ,  60 ,  0.20 ,  560.00 ,  60.00 ,  31.00 ,,NO,SI
,1480,"  1,287 ",  231 ,  0.0023 ,  -   ,  0.0279 ,  -   ,  12 ,  1.46 ,  31.40 ,  455.00 ,  455.00 ,,NO,SI
,1481,  403 ,  84 ,  0.0001 ,  0.0134 ,  0.0536 ,  100 ,  400 ,  0.02 ,  21.45 ,  72.00 ,  127.00 ,,NO,SI
,5190,  58 ,  -   ,  0.0002 ,  0.0196 ,  0.0784 ,  100 ,  400 ,  0.02 ,  21.50 ,  72.00 ,  127.00 ,,NO,SI
,1482,  85 ,  33 ,  0.0001 ,  0.0068 ,  0.0273 ,  75 ,  300 ,  0.05 ,  9.50 ,  100.00 ,  135.00 ,,NO,SI
,5191,  32 ,  -   ,  0.0001 ,  0.0096 ,  0.0384 ,  75 ,  300 ,  0.05 ,  9.50 ,  100.00 ,  135.00 ,,NO,SI
,1483,  254 ,  32 ,  0.0017 ,  0.0169 ,  0.0338 ,  10 ,  20 ,  0.99 ,  20.00 ,  130.00 ,  430.00 ,,NO,SI
,1484,  234 ,  143 ,  0.0016 ,  0.0098 ,  0.0588 ,  6 ,  36 ,  0.28 ,  40.00 ,  150.00 ,  290.00 ,,NO,SI
,5192,  536 ,  -   ,  0.0017 ,  0.0104 ,  0.0626 ,  6 ,  36 ,  0.28 ,  40.00 ,  150.00 ,  290.00 ,,NO,SI
,1485,  967 ,  166 ,  0.0016 ,  0.0098 ,  0.0588 ,  6 ,  36 ,  0.30 ,  33.00 ,  150.00 ,  290.00 ,,NO,SI
,1486,  653 ,  120 ,  0.0016 ,  0.0098 ,  0.0588 ,  6 ,  36 ,  -   ,  -   ,  -   ,  -   ,,NO,SI
,1487,  534 ,  75 ,  0.0009 ,  -   ,  0.0450 ,  -   ,  50 ,  0.21 ,  60.00 ,  75.00 ,  130.00 ,,NO,SI
,1488,  121 ,  791 ,  0.0008 ,  -   ,  0.0395 ,  -   ,  50 ,  0.25 ,  20.00 ,  245.00 ,  90.00 ,,NO,SI
,5193,"  6,301 ",  -   ,  0.0004 , #VALUE!,  0.0205 , -,  50 ,  0.25 ,  20.00 ,  245.00 ,  90.00 ,,NO,SI
,1489,"  2,632 ",  410 ,  0.0005 ,  0.0118 ,  0.0470 ,  25 ,  100 ,  0.22 ,  13.00 ,  190.00 ,  355.00 ,,NO,SI
,1490,  351 ,  48 ,  0.0005 ,  0.0118 ,  0.0470 ,  25 ,  100 ,  0.23 ,  14.00 ,  185.00 ,  350.00 ,,NO,SI
,1491,"  1,918 ",  309 ,  0.0005 ,  0.0118 ,  0.0471 ,  25 ,  100 ,  0.22 ,  15.00 ,  190.00 ,  355.00 ,,NO,SI
,1492,  554 ,  91 ,  0.0005 ,  0.0118 ,  0.0470 ,  25 ,  100 ,  0.24 ,  17.50 ,  190.00 ,  350.00 ,,NO,SI
,1493,  392 ,  67 ,  0.0005 ,  0.0118 ,  0.0470 ,  25 ,  100 ,#N/A,#N/A,#N/A,#N/A,,NO,SI
,1494,  787 ,  128 ,  0.0005 ,  0.0118 ,  0.0471 ,  25 ,  100 ,  0.24 ,  19.50 ,  185.00 ,  350.00 ,,NO,SI
,1495,  325 ,  45 ,  0.0005 ,  0.0118 ,  0.0470 ,  25 ,  100 ,  0.26 ,  20.15 ,  185.00 ,  345.00 ,,NO,SI
,1496,  144 ,  21 ,  0.0005 ,  0.0103 ,  0.0414 ,  20 ,  80 ,#N/A,#N/A,#N/A,#N/A,,NO,SI
,1497,  136 ,  21 ,  0.0005 ,  0.0103 ,  0.0414 ,  20 ,  80 ,  0.34 ,  24.05 ,  190.00 ,  350.00 ,,NO,SI
,1498,  93 ,  18 ,  0.0006 ,  0.0118 ,  0.0470 ,  20 ,  80 ,  0.36 ,  26.15 ,  190.00 ,  350.00 ,,NO,SI
,1499,"  1,012 ",  177 ,  0.0011 ,  0.0130 ,  0.0780 ,  12 ,  72 ,  0.32 ,  28.50 ,  118.00 ,  301.00 ,,NO,SI
,1500,  202 ,  41 ,  0.0018 ,  0.0219 ,  0.0438 ,  12 ,  24 ,  0.47 ,  29.50 ,  135.00 ,  285.00 ,,NO,SI
,1501,  981 ,  131 ,  0.0003 ,  0.0146 ,  0.0291 ,  50 ,  100 ,  0.14 ,  22.50 ,  22.50 ,  475.00 ,,NO,SI
,1502,"  1,105 ",  164 ,  0.0001 ,  0.0032 ,  0.0159 ,  25 ,  125 ,  0.13 ,  10.00 ,  40.00 ,  520.00 ,,NO,SI
,1503,  289 ,  50 ,  0.0061 ,  -   ,  0.0609 ,  -   ,  10 ,  2.43 ,  61.00 ,  280.00 ,  215.00 ,,NO,SI
,1504,  880 ,  131 ,  0.0007 ,  0.0040 ,  0.0395 ,  6 ,  60 ,  0.17 ,  18.00 ,  100.00 ,  220.00 ,,NO,SI
,1505,"  1,271 ",  194 ,  0.0007 ,  0.0040 ,  0.0395 ,  6 ,  60 ,  0.17 ,  10.50 ,  95.00 ,  230.00 ,,NO,SI
,1506,  720 ,  112 ,  0.0007 ,  0.0040 ,  0.0395 ,  6 ,  60 ,  0.18 ,  18.00 ,  100.00 ,  220.00 ,,NO,SI
,1507,"  1,169 ",  162 ,  0.0007 ,  0.0039 ,  0.0394 ,  6 ,  60 ,  0.16 ,  16.00 ,  110.00 ,  220.00 ,,NO,SI
,1508,  770 ,  110 ,  0.0002 ,  -   ,  0.0213 ,  -   ,  100 ,  0.16 ,  52.47 ,  59.44 ,  55.00 ,,NO,SI
,1509,"  4,202 ",  791 ,  0.0003 ,  0.0056 ,  0.0280 ,  20 ,  100 ,  0.10 ,  15.00 ,  73.00 ,  162.00 ,,NO,SI
,1510,"  1,282 ",  257 ,  0.0002 ,  0.0041 ,  0.0203 ,  20 ,  100 ,  0.10 ,  15.00 ,  73.00 ,  162.00 ,,NO,SI
,1511,"  5,468 ",  915 ,  0.0002 ,  0.0050 ,  0.0198 ,  30 ,  120 ,  0.10 ,  12.50 ,  95.00 ,  200.00 ,,NO,SI
,1512,  728 ,  147 ,  0.0002 ,  0.0050 ,  0.0199 ,  30 ,  120 ,  0.11 ,  13.08 ,  90.15 ,  200.00 ,,NO,SI
,1513,"  4,139 ",  705 ,  0.0002 ,  0.0050 ,  0.0198 ,  30 ,  120 ,  0.12 ,  15.50 ,  95.00 ,  205.00 ,,NO,SI
,1514,"  2,007 ",  224 ,  0.0002 ,  0.0050 ,  0.0198 ,  30 ,  120 ,  0.14 ,  17.50 ,  90.00 ,  205.00 ,,NO,SI
,1515,  786 ,  130 ,  0.0001 ,  0.0044 ,  0.0175 ,  30 ,  120 ,  0.14 ,  18.10 ,  90.24 ,  200.00 ,,NO,SI
,1516,"  1,867 ",  286 ,  0.0002 ,  0.0050 ,  0.0198 ,  30 ,  120 ,  0.15 ,  19.50 ,  90.00 ,  205.00 ,,NO,SI
,1517,  840 ,  107 ,  0.0002 ,  0.0050 ,  0.0198 ,  30 ,  120 ,  0.15 ,  20.25 ,  90.26 ,  200.00 ,,NO,SI
,1518,  312 ,  49 ,  0.0001 ,  0.0044 ,  0.0175 ,  30 ,  120 ,  0.15 ,  20.15 ,  90.00 ,  200.00 ,,NO,SI
,1519,  185 ,  31 ,  0.0002 ,  0.0050 ,  0.0199 ,  30 ,  120 ,  0.18 ,  24.10 ,  90.00 ,  195.00 ,,NO,SI
,1520,  158 ,  30 ,  0.0002 ,  0.0050 ,  0.0198 ,  30 ,  120 ,#N/A,#N/A,#N/A,#N/A,,NO,SI
,1521,  531 ,  334 ,  0.0166 ,  -   ,  0.0665 ,  -   ,  4 ,  -   ,  90.00 ,  430.00 ,  310.00 ,,NO,SI
,5194,"  1,098 ",  -   ,  0.0120 , #VALUE!,  0.0480 , -,  4 ,  7.75 ,  90.00 ,  430.00 ,  310.00 ,,NO,SI
,1522,  604 ,  268 ,  0.0020 ,  -   ,  0.0243 ,  -   ,  12 ,  0.78 ,  35.00 ,  210.00 ,  500.00 ,,NO,SI
,5195,  133 ,  -   ,  0.0037 , #VALUE!,  0.0441 , -,  12 ,  0.78 ,  35.00 ,  210.00 ,  500.00 ,,NO,SI
,1523,"  6,684 ","  1,477 ",  0.0005 ,  0.0063 ,  0.0376 ,  12 ,  72 ,  0.19 ,  18.93 ,  415.00 ,  125.00 ,,NO,SI
,1524,"  1,811 ",  306 ,  0.0011 ,  0.0054 ,  0.0540 ,  5 ,  50 ,  0.35 ,  30.00 ,  105.00 ,  265.00 ,,NO,SI
,1525,  54 ,  17 ,  0.0027 ,  -   ,  0.0269 ,  -   ,  10 ,  -   ,  -   ,  -   ,  -   ,,NO,SI
,1526,  729 ,  76 ,  0.0001 ,  0.0011 ,  0.0114 ,  10 ,  100 ,  0.19 ,  24.00 ,  24.00 ,  150.00 ,,NO,SI
,1527,  705 ,  88 ,  0.0002 ,  0.0015 ,  0.0178 ,  6 ,  72 ,  0.34 ,  45.85 ,  45.85 ,  58.33 ,,NO,SI
,1530,  2 ,  1 ,  0.0005 ,  -   ,  0.0534 ,  -   ,  100 ,  0.01 ,  4.45 ,  11.45 ,  20.42 ,,NO,SI
,1532,"  1,480 ",  215 ,  0.0041 ,  -   ,  0.0206 ,  -   ,  5 ,  3.20 ,  59.30 ,  120.00 ,  500.00 ,,NO,SI
,1533,  954 ,  178 ,  0.0003 ,  0.0016 ,  0.0320 ,  6 ,  120 ,  0.09 ,  17.50 ,  75.00 ,  180.00 ,,NO,SI
,1534,"  2,206 ",  373 ,  0.0003 ,  0.0016 ,  0.0320 ,  6 ,  120 ,  0.09 ,  19.00 ,  75.00 ,  180.00 ,,NO,SI
,1535,  965 ,  174 ,  0.0003 ,  0.0018 ,  0.0350 ,  6 ,  120 ,  0.10 ,  16.50 ,  75.00 ,  200.00 ,,NO,SI
,1536,  597 ,  103 ,  0.0003 ,  0.0017 ,  0.0331 ,  6 ,  120 ,  0.25 ,  17.00 ,  75.00 ,  180.00 ,,NO,SI
,1537,  677 ,  111 ,  0.0003 ,  0.0016 ,  0.0320 ,  6 ,  120 ,  0.07 ,  19.00 ,  75.00 ,  180.00 ,,NO,SI
,1538,  928 ,  126 ,  0.0003 ,  0.0016 ,  0.0320 ,  6 ,  120 ,  0.13 ,  17.00 ,  75.00 ,  180.00 ,,NO,SI
,1539,  790 ,  154 ,  0.0003 ,  0.0017 ,  0.0331 ,  6 ,  120 ,  0.10 ,  19.00 ,  75.00 ,  180.00 ,,NO,SI
,1540,  17 ,  1 ,  0.0002 ,  0.0019 ,  0.0190 ,  10 ,  100 ,  0.14 ,  24.20 ,  27.40 ,  150.00 ,,NO,SI
,1541,"  3,027 ",  515 ,  0.0006 ,  0.0036 ,  0.0145 ,  6 ,  24 ,  0.60 ,  41.50 ,  42.50 ,  255.00 ,,NO,SI
,1542,  830 ,  115 ,  0.0002 ,  0.0050 ,  0.0198 ,  30 ,  120 ,  0.12 ,  12.10 ,  90.00 ,  200.00 ,,NO,SI
,1543,"  3,561 ",  572 ,  0.0002 ,  0.0050 ,  0.0198 ,  30 ,  120 ,  0.12 ,  12.50 ,  95.00 ,  205.00 ,,NO,SI
,1544,  243 ,  38 ,  0.0005 ,  0.0118 ,  0.0470 ,  25 ,  100 ,  0.22 ,  12.08 ,  85.00 ,  345.00 ,,NO,SI
,1545,  650 ,  101 ,  0.0005 ,  0.0118 ,  0.0470 ,  25 ,  100 ,  0.22 ,  12.38 ,  185.00 ,  351.00 ,,NO,SI
,1546,"  1,341 ",  147 ,  0.0108 ,  -   ,  0.0648 ,  -   ,  6 ,  -   ,  -   ,  -   ,  -   ,,NO,SI
,1547,"  1,118 ",  218 ,  0.0001 ,  0.0010 ,  0.0104 ,  20 ,  200 ,  0.08 ,  23.81 ,  23.81 ,  55.62 ,,NO,SI
,1548,  449 ,  80 ,  0.0001 ,  0.0010 ,  0.0103 ,  10 ,  100 ,  0.10 ,  23.86 ,  23.86 ,  100.00 ,,NO,SI
,1549,  381 ,  215 ,  0.0278 ,  -   ,  0.0555 ,  -   ,  2 ,  -   ,  105.00 ,  555.00 ,  405.00 ,,NO,SI
,5196,  874 ,  -   ,  0.0236 , #VALUE!,  0.0472 , -,  2 ,  12.10 ,  105.00 ,  555.00 ,  405.00 ,,NO,SI
,1550,"  2,463 ",  437 ,  0.0002 ,  0.0013 ,  0.0251 ,  6 ,  120 ,  0.14 ,  15.00 ,  45.00 ,  160.00 ,,NO,SI
,1551,"  4,385 ",  735 ,  0.0004 ,  0.0023 ,  0.0230 ,  6 ,  60 ,  0.28 ,  18.50 ,  70.00 ,  210.00 ,,NO,SI
,1552,"  4,188 ",  721 ,  0.0006 ,  0.0033 ,  0.0331 ,  6 ,  60 ,  0.45 ,  20.50 ,  75.00 ,  260.00 ,,NO,SI
,1553,"  2,321 ",  405 ,  0.0008 ,  0.0045 ,  0.0271 ,  6 ,  36 ,  1.50 ,  17.00 ,  90.00 ,  300.00 ,,NO,SI
,1554,  544 ,  84 ,  0.0015 ,  0.0059 ,  0.0177 ,  4 ,  12 ,  -   ,  -   ,  -   ,  -   ,,NO,SI
,1555,  321 ,  40 ,  0.0005 ,  0.0128 ,  0.0512 ,  25 ,  100 ,  0.36 ,  19.03 ,  200.00 ,  360.00 ,,NO,SI
,1556,  533 ,  71 ,  0.0005 ,  0.0128 ,  0.0513 ,  25 ,  100 ,  0.35 ,  19.12 ,  200.00 ,  315.00 ,,NO,SI
,1557,"  1,521 ",  230 ,  0.0005 ,  0.0128 ,  0.0512 ,  25 ,  100 ,  0.35 ,  19.00 ,  205.00 ,  365.00 ,,NO,SI
,1558,  325 ,  39 ,  0.0005 ,  0.0128 ,  0.0512 ,  25 ,  100 ,  0.35 ,  19.03 ,  200.00 ,  365.00 ,,NO,SI
,1559,"  1,393 ",  227 ,  0.0005 ,  0.0128 ,  0.0512 ,  25 ,  100 ,  0.37 ,  19.00 ,  200.00 ,  370.00 ,,NO,SI
,1560,  628 ,  72 ,  0.0005 ,  0.0128 ,  0.0512 ,  25 ,  100 ,  0.38 ,  19.06 ,  200.00 ,  365.00 ,,NO,SI
,1561,  522 ,  53 ,  0.0005 ,  0.0128 ,  0.0512 ,  25 ,  100 ,  0.38 ,  19.00 ,  200.00 ,  365.00 ,,NO,SI
,1562,  686 ,  103 ,  0.0005 ,  0.0128 ,  0.0513 ,  25 ,  100 ,  0.40 ,  19.03 ,  200.00 ,  365.00 ,,NO,SI
,1563,  399 ,  46 ,  0.0005 ,  0.0128 ,  0.0513 ,  25 ,  100 ,  0.39 ,  19.09 ,  200.00 ,  365.00 ,,NO,SI
,1564,  154 ,  22 ,  0.0006 ,  0.0128 ,  0.0512 ,  20 ,  80 ,  0.39 ,  19.12 ,  200.00 ,  365.00 ,,NO,SI
,1565,  214 ,  30 ,  0.0006 ,  0.0128 ,  0.0513 ,  20 ,  80 ,  0.42 ,  19.20 ,  200.00 ,  365.00 ,,NO,SI
,1566,  182 ,  26 ,  0.0006 ,  0.0128 ,  0.0512 ,  20 ,  80 ,  0.44 ,  26.00 ,  200.00 ,  370.00 ,,NO,SI
,1567,"  15,024 ","  2,528 ",  0.0004 ,  0.0045 ,  0.0540 ,  12 ,  144 ,  0.17 ,  30.00 ,  80.00 ,  220.00 ,,NO,SI
,1568,"  2,922 ",  631 ,  0.0002 ,  0.0024 ,  0.0482 ,  12 ,  240 ,#N/A,#N/A,#N/A,#N/A,,NO,SI
,1569,"  3,870 ",  701 ,  0.0002 ,  0.0028 ,  0.0334 ,  12 ,  144 ,  -   ,  -   ,  -   ,  -   ,,NO,SI
,1570,"  2,921 ",  553 ,  0.0004 ,  0.0045 ,  0.0269 ,  12 ,  72 ,  0.35 ,  24.50 ,  90.00 ,  190.00 ,,NO,SI
,1571,  275 ,  52 ,  0.0004 ,  -   ,  0.0133 ,  -   ,  30 ,  0.72 ,  65.00 ,  90.00 ,  55.00 ,,NO,SI
,1572,  534 ,  89 ,  0.0028 ,  -   ,  0.0281 ,  -   ,  10 ,  1.85 ,  31.50 ,  375.00 ,  185.00 ,,NO,SI
,1573,"  4,473 ",  749 ,  0.0017 ,  0.0100 ,  0.0402 ,  6 ,  24 ,  0.42 ,  44.20 ,  95.00 ,  278.00 ,,NO,SI
,1574,"  3,549 ",  645 ,  0.0021 ,  0.0107 ,  0.0430 ,  5 ,  20 ,  0.77 ,  50.00 ,  175.00 ,  327.00 ,,NO,SI
,1575,"  1,993 ",  358 ,  0.0032 ,  0.0194 ,  0.0388 ,  6 ,  12 ,  1.60 ,  59.70 ,  124.00 ,  355.00 ,,NO,SI
,1576,"  1,408 ",  241 ,  0.0049 ,  0.0247 ,  0.0494 ,  5 ,  10 ,  -   ,  -   ,  -   ,  -   ,,NO,SI
,1577,  767 ,  138 ,  0.0103 ,  -   ,  0.0514 ,  -   ,  5 ,  3.82 ,  75.00 ,  240.00 ,  310.00 ,,NO,SI
,1578,"  6,645 ","  1,184 ",  0.0015 ,  0.0091 ,  0.0181 ,  6 ,  12 ,  1.04 ,  43.20 ,  210.00 ,  256.00 ,,NO,SI
,1579,"  2,165 ",  313 ,  0.0005 ,  0.0028 ,  0.0221 ,  6 ,  48 ,  0.32 ,  16.00 ,  110.00 ,  180.00 ,,NO,SI
,1580,"  2,033 ",  298 ,  0.0008 ,  0.0051 ,  0.0306 ,  6 ,  36 ,  0.55 ,  19.00 ,  145.00 ,  230.00 ,,NO,SI
,1581,"  1,020 ",  136 ,  0.0011 ,  0.0114 ,  0.0229 ,  10 ,  20 ,  0.98 ,  27.00 ,  170.00 ,  237.00 ,,NO,SI
,1582,  376 ,  146 ,  0.0027 ,  -   ,  0.0321 ,  -   ,  12 ,  0.87 ,  33.00 ,  265.00 ,  600.00 ,,NO,SI
,5197,  93 ,  -   ,  0.0052 , #VALUE!,  0.0630 , -,  12 ,  0.87 ,  33.00 ,  265.00 ,  600.00 ,,NO,SI
,1583,  61 ,  16 ,  0.0001 ,  0.0128 ,  0.0512 ,  100 ,  400 ,  0.03 ,  21.90 ,  70.00 ,  125.00 ,,NO,SI
,5198,  17 ,  -   ,  0.0002 ,  0.0191 ,  0.0764 ,  100 ,  400 ,  0.03 ,  21.90 ,  70.00 ,  125.00 ,,NO,SI
,1584,  940 ,  288 ,  0.0002 ,  0.0060 ,  0.0241 ,  25 ,  100 ,  0.15 ,  8.60 ,  80.00 ,  211.00 ,,NO,SI
,5199,  17 ,  -   ,  0.0001 ,  0.0036 ,  0.0145 ,  25 ,  100 ,  0.15 ,  8.60 ,  80.00 ,  211.00 ,,NO,SI
,1585,"  2,711 ",  581 ,  0.0001 ,  0.0128 ,  0.0512 ,  100 ,  400 ,  -   ,  -   ,  -   ,  -   ,,NO,SI
,5200,  34 ,  -   ,  0.0002 ,  0.0220 ,  0.0880 ,  100 ,  400 ,  0.02 ,  26.00 ,  75.00 ,  113.00 ,,NO,SI
,1586,  511 ,  256 ,  0.0001 ,  0.0128 ,  0.0512 ,  100 ,  400 ,  0.04 ,  21.60 ,  71.00 ,  127.00 ,,NO,SI
,5201,  147 ,  -   ,  0.0002 ,  0.0195 ,  0.0779 ,  100 ,  400 ,  0.04 ,  21.60 ,  71.00 ,  127.00 ,,NO,SI
,1587,  933 ,  169 ,  0.0039 ,  -   ,  0.0388 ,  -   ,  10 ,  0.98 ,  60.30 ,  245.00 ,  165.00 ,,NO,SI
,1588,  282 ,  43 ,  0.0066 ,  -   ,  0.0330 ,  -   ,  5 ,  2.56 ,  66.32 ,  360.00 ,  210.00 ,,NO,SI
,1589,  475 ,  85 ,  0.0083 ,  0.0495 ,  0.0990 ,  6 ,  12 ,  0.85 ,  95.00 ,  291.00 ,  430.00 ,,NO,SI
,1590,"  1,288 ",  213 ,  0.0006 ,  0.0031 ,  0.0185 ,  5 ,  30 ,  0.55 ,  25.70 ,  105.00 ,  160.00 ,,NO,SI
,1591,  735 ,  100 ,  0.0024 ,  -   ,  0.0244 ,  -   ,  10 ,  0.80 ,  55.00 ,  120.00 ,  220.00 ,,NO,SI
,1592,"  2,516 ",  440 ,  0.0015 ,  0.0045 ,  0.0538 ,  3 ,  36 ,  0.56 ,  34.50 ,  115.00 ,  300.00 ,,NO,SI
,1593,"  1,973 ",  232 ,  0.0005 ,  -   ,  0.0170 ,  -   ,  36 ,  -   ,  -   ,  -   ,  -   ,,NO,SI
,1594,"  2,357 ",  425 ,  0.0009 ,  -   ,  0.0205 ,  -   ,  24 ,  1.28 ,  27.30 ,  76.22 ,  385.00 ,,NO,SI
,1595,"  1,024 ",  186 ,  0.0017 ,  -   ,  0.0172 ,  -   ,  10 ,  0.13 ,  16.13 ,  35.48 ,  205.00 ,,NO,SI
,1596,"  1,796 ",  205 ,  0.0156 ,  0.0313 ,  0.0626 ,  2 ,  4 ,  -   ,  -   ,  -   ,  -   ,,NO,SI
,1597,"  10,790 ","  1,833 ",  0.0004 ,  0.0049 ,  0.0487 ,  12 ,  120 ,  0.15 ,  22.50 ,  80.00 ,  220.00 ,,NO,SI
,1598,"  2,575 ",  467 ,  0.0009 ,  -   ,  0.0452 ,  -   ,  50 ,  0.21 ,  47.00 ,  101.00 ,  152.00 ,,NO,SI
,5202,  3 ,  -   ,  0.0007 , #VALUE!,  0.0361 , -,  50 ,  0.21 ,  47.00 ,  101.00 ,  152.00 ,,NO,SI
,1599,"  1,198 ",  170 ,  0.0006 ,  0.0034 ,  0.0336 ,  6 ,  60 ,  0.28 ,  19.80 ,  90.00 ,  270.00 ,,NO,SI
,1600,  98 ,  29 ,  0.0000 ,  0.0022 ,  0.0430 ,  50 ,"  1,000 ",  0.01 ,  11.90 ,  11.90 ,  25.04 ,,NO,SI
,1601,  254 ,  53 ,  0.0000 ,  0.0013 ,  0.0260 ,  50 ,"  1,000 ",  0.01 ,  12.04 ,  12.04 ,  24.73 ,,NO,SI
,1602,  176 ,  27 ,  0.0000 ,  0.0022 ,  0.0430 ,  50 ,"  1,000 ",  0.01 ,  12.06 ,  12.06 ,  24.99 ,,NO,SI
,1603,  302 ,  55 ,  0.0000 ,  0.0013 ,  0.0260 ,  50 ,"  1,000 ",  0.01 ,  12.00 ,  12.00 ,  25.00 ,,NO,SI
,1604,  484 ,  72 ,  0.0000 ,  0.0013 ,  0.0260 ,  50 ,"  1,000 ",  0.01 ,  12.00 ,  12.00 ,  25.00 ,,NO,SI
,1605,  923 ,  147 ,  0.0000 ,  0.0013 ,  0.0260 ,  50 ,"  1,000 ",  0.01 ,  12.11 ,  12.11 ,  24.71 ,,NO,SI
,1606,  899 ,  114 ,  0.0000 ,  0.0013 ,  0.0260 ,  50 ,"  1,000 ",  0.01 ,  12.00 ,  12.00 ,  25.00 ,,NO,SI
,1607,"  2,631 ",  338 ,  0.0000 ,  0.0013 ,  0.0260 ,  50 ,"  1,000 ",  0.01 ,  11.95 ,  11.95 ,  24.94 ,,NO,SI
,1608,"  4,869 ",  597 ,  0.0000 ,  0.0010 ,  0.0200 ,  50 ,"  1,000 ",  0.01 ,  12.02 ,  12.02 ,  25.12 ,,NO,SI
,1609,  645 ,  104 ,  0.0000 ,  0.0013 ,  0.0258 ,  30 ,  600 ,  0.02 ,  13.00 ,  13.00 ,  25.00 ,,NO,SI
,1610,"  4,431 ",  661 ,  0.0000 ,  0.0010 ,  0.0198 ,  30 ,  600 ,  0.02 ,  14.87 ,  14.87 ,  24.89 ,,NO,SI
,1611,"  1,496 ",  211 ,  0.0000 ,  0.0013 ,  0.0258 ,  30 ,  600 ,  0.02 ,  15.72 ,  15.72 ,  25.31 ,,NO,SI
,1612,  941 ,  136 ,  0.0000 ,  0.0010 ,  0.0198 ,  30 ,  600 ,  0.03 ,  17.00 ,  17.00 ,  25.20 ,,NO,SI
,1613,"  1,753 ",  273 ,  0.0000 ,  0.0013 ,  0.0258 ,  30 ,  600 ,  0.03 ,  17.93 ,  17.93 ,  25.30 ,,NO,SI
,1614,  722 ,  128 ,  0.0000 ,  0.0010 ,  0.0198 ,  30 ,  600 ,  0.03 ,  19.88 ,  19.88 ,  24.70 ,,NO,SI
,1615,  141 ,  35 ,  0.0001 ,  0.0013 ,  0.0133 ,  25 ,  250 ,  0.02 ,  11.84 ,  11.84 ,  49.95 ,,NO,SI
,1616,  90 ,  19 ,  0.0001 ,  0.0013 ,  0.0133 ,  25 ,  250 ,  0.02 ,  11.80 ,  11.80 ,  50.05 ,,NO,SI
,1617,  294 ,  43 ,  0.0000 ,  0.0011 ,  0.0105 ,  25 ,  250 ,  0.02 ,  11.90 ,  11.90 ,  50.12 ,,NO,SI
,1618,  203 ,  35 ,  0.0001 ,  0.0013 ,  0.0133 ,  25 ,  250 ,  0.02 ,  11.86 ,  11.86 ,  50.17 ,,NO,SI
,1619,  831 ,  99 ,  0.0000 ,  0.0011 ,  0.0105 ,  25 ,  250 ,  0.02 ,  12.00 ,  12.00 ,  50.00 ,,NO,SI
,1620,"  1,613 ",  216 ,  0.0000 ,  0.0010 ,  0.0103 ,  25 ,  250 ,  0.02 ,  11.90 ,  11.90 ,  50.07 ,,NO,SI
,1621,"  3,714 ",  552 ,  0.0000 ,  0.0010 ,  0.0103 ,  25 ,  250 ,  0.02 ,  11.76 ,  11.76 ,  50.00 ,,NO,SI
,1622,  472 ,  101 ,  0.0000 ,  0.0010 ,  0.0103 ,  25 ,  250 ,  0.03 ,  13.00 ,  13.00 ,  49.96 ,,NO,SI
,1623,"  3,736 ",  540 ,  0.0000 ,  0.0010 ,  0.0103 ,  25 ,  250 ,  0.04 ,  14.98 ,  14.98 ,  50.84 ,,NO,SI
,1624,"  1,233 ",  155 ,  0.0001 ,  0.0010 ,  0.0102 ,  15 ,  150 ,  0.04 ,  15.90 ,  15.90 ,  50.25 ,,NO,SI
,1625,  674 ,  95 ,  0.0001 ,  0.0010 ,  0.0102 ,  15 ,  150 ,  0.05 ,  17.00 ,  17.00 ,  50.00 ,,NO,SI
,1626,"  1,233 ",  195 ,  0.0001 ,  0.0010 ,  0.0102 ,  15 ,  150 ,  0.05 ,  17.80 ,  17.80 ,  50.42 ,,NO,SI
,1627,  565 ,  71 ,  0.0001 ,  0.0010 ,  0.0102 ,  15 ,  150 ,  0.06 ,  20.00 ,  20.00 ,  50.50 ,,NO,SI
,1628,  749 ,  404 ,  0.0006 ,  -   ,  0.0231 ,  -   ,  40 ,  0.38 ,  63.00 ,  90.00 ,  88.00 ,,NO,SI
,5203,"  1,725 ",  -   ,  0.0005 , #VALUE!,  0.0199 , -,  40 ,  0.38 ,  63.00 ,  90.00 ,  88.00 ,,NO,SI
,1629,  896 ,  161 ,  0.0011 ,  -   ,  0.0110 ,  -   ,  10 ,  1.26 ,  61.91 ,  80.00 ,  170.00 ,,NO,SI
,1630,  831 ,  50 ,  0.0034 ,  -   ,  0.0341 ,  -   ,  10 ,  2.28 ,  70.00 ,  275.00 ,  180.00 ,,NO,SI
,1631,  491 ,  103 ,  0.0019 ,  -   ,  0.0191 ,  -   ,  10 ,  1.60 ,  50.00 ,  289.00 ,  106.00 ,,NO,SI
,1632,"  1,336 ",  308 ,  0.0051 ,  -   ,  0.0510 ,  -   ,  10 ,  1.94 ,  73.00 ,  283.00 ,  218.00 ,,NO,SI
,1633,  376 ,  54 ,  0.0043 ,  -   ,  0.0426 ,  -   ,  10 ,  2.32 ,  65.00 ,  120.00 ,  460.00 ,,NO,SI
,1634,  396 ,  90 ,  0.0007 ,  0.0074 ,  0.0370 ,  10 ,  50 ,  0.29 ,  24.00 ,  87.00 ,  257.00 ,,NO,SI
,1635,  841 ,  114 ,  0.0012 ,  0.0061 ,  0.0303 ,  5 ,  25 ,  1.02 ,  43.33 ,  93.00 ,  415.00 ,,NO,SI
,1636,"  1,151 ",  203 ,  0.0000 ,  0.0020 ,  0.0098 ,  50 ,  250 ,  0.06 ,  11.92 ,  11.92 ,  150.00 ,,NO,SI
,1637,"  1,193 ",  196 ,  0.0002 ,  0.0035 ,  0.0346 ,  20 ,  200 ,  0.11 ,  28.60 ,  28.60 ,  150.00 ,,NO,SI
,1638,"  17,916 ","  2,912 ",  0.0003 ,  0.0268 ,  0.0536 ,  100 ,  200 ,  0.11 ,  8.00 ,  130.00 ,  160.00 ,,NO,SI
,1639,  823 ,  160 ,  0.0005 ,  0.0127 ,  0.0254 ,  25 ,  50 ,  0.34 ,  6.00 ,  190.00 ,  222.00 ,,NO,SI
,1640,"  16,733 ","  2,562 ",  0.0002 ,  0.0014 ,  0.0547 ,  6 ,  240 ,  0.07 ,  29.00 ,  29.00 ,  225.00 ,,NO,SI
,1641,"  20,794 ","  3,398 ",  0.0002 ,  0.0015 ,  0.0294 ,  6 ,  120 ,  0.08 ,  30.00 ,  30.00 ,  210.00 ,,NO,SI
,1643,  276 ,  55 ,  0.0026 ,  -   ,  0.0258 ,  -   ,  10 ,  1.13 ,  120.00 ,  120.00 ,  141.00 ,,NO,SI
,1644,  463 ,  71 ,  0.0026 ,  -   ,  0.0258 ,  -   ,  10 ,  1.06 ,  120.00 ,  120.00 ,  130.00 ,,NO,SI
,1645,  881 ,  119 ,  0.0026 ,  -   ,  0.0258 ,  -   ,  10 ,  0.99 ,  120.00 ,  120.00 ,  120.00 ,,NO,SI
,1646,  446 ,  85 ,  0.0023 ,  -   ,  0.0226 ,  -   ,  10 ,  0.95 ,  116.88 ,  118.87 ,  106.10 ,,NO,SI
,1647,  228 ,  39 ,  0.0023 ,  -   ,  0.0226 ,  -   ,  10 ,  -   ,  -   ,  -   ,  -   ,,NO,SI
,1648,  342 ,  50 ,  0.0002 ,  0.0012 ,  0.0238 ,  6 ,  120 ,  0.11 ,  32.00 ,  32.00 ,  205.00 ,,NO,SI
,1649,  313 ,  51 ,  0.0003 ,  0.0020 ,  0.0390 ,  6 ,  120 ,  0.15 ,  35.00 ,  35.00 ,  215.00 ,,NO,SI
,1650,  475 ,  76 ,  0.0003 ,  0.0020 ,  0.0390 ,  6 ,  120 ,  0.17 ,  34.72 ,  34.72 ,  260.00 ,,NO,SI
,1651,  426 ,  59 ,  0.0004 ,  0.0025 ,  0.0397 ,  6 ,  96 ,  0.24 ,  38.00 ,  38.00 ,  27.00 ,,NO,SI
,1652,  358 ,  58 ,  0.0006 ,  0.0033 ,  0.0532 ,  6 ,  96 ,  0.30 ,  39.00 ,  39.00 ,  380.00 ,,NO,SI
,1653,  472 ,  49 ,  0.0002 ,  0.0012 ,  0.0238 ,  6 ,  120 ,  0.10 ,  31.50 ,  31.50 ,  205.00 ,,NO,SI
,1654,  396 ,  57 ,  0.0003 ,  0.0020 ,  0.0390 ,  6 ,  120 ,  0.15 ,  34.65 ,  34.65 ,  210.00 ,,NO,SI
,1655,  560 ,  83 ,  0.0003 ,  0.0020 ,  0.0390 ,  6 ,  120 ,  0.16 ,  34.54 ,  34.54 ,  260.00 ,,NO,SI
,1656,  325 ,  51 ,  0.0004 ,  0.0025 ,  0.0397 ,  6 ,  96 ,  0.24 ,  38.00 ,  38.00 ,  270.00 ,,NO,SI
,1657,  166 ,  31 ,  0.0006 ,  0.0033 ,  0.0532 ,  6 ,  96 ,  0.28 ,  38.00 ,  38.00 ,  370.00 ,,NO,SI
,1658,"  4,431 ",  501 ,  0.0029 ,  0.0115 ,  0.0345 ,  4 ,  12 ,  -   ,  -   ,  -   ,  -   ,,NO,SI
,1659,"  1,352 ",  185 ,  0.0003 ,  0.0038 ,  0.0379 ,  12 ,  120 ,  0.04 ,  21.00 ,  95.00 ,  135.00 ,,NO,SI
,1660,  485 ,  76 ,  0.0011 ,  0.0065 ,  0.0260 ,  6 ,  24 ,  0.22 ,  35.20 ,  100.00 ,  335.00 ,,NO,SI
,1661,  416 ,  60 ,  0.0028 ,  0.0170 ,  0.0340 ,  6 ,  12 ,  1.03 ,  33.00 ,  165.00 ,  650.00 ,,NO,SI
,1662,"  2,303 ",  27 ,  0.0004 ,  0.0041 ,  0.0410 ,  10 ,  100 ,  0.10 ,  40.00 ,  155.00 ,  40.00 ,,NO,SI
,1663,  161 ,  26 ,  0.0056 ,  -   ,  0.0449 ,  -   ,  8 ,  0.02 ,  16.16 ,  11.96 ,  132.68 ,,NO,SI
,1664,  127 ,  26 ,  0.0023 ,  -   ,  0.0226 ,  -   ,  10 ,  0.84 ,  100.00 ,  120.00 ,  120.00 ,,NO,SI
,1665,  940 ,  157 ,  0.0007 ,  -   ,  0.0174 ,  -   ,  25 ,  0.68 ,  8.20 ,  240.00 ,  275.00 ,,NO,SI
,1666,"  1,098 ",  194 ,  0.0007 ,  -   ,  0.0174 ,  -   ,  25 ,  0.69 ,  9.00 ,  248.00 ,  275.00 ,,NO,SI
,1667,  489 ,  92 ,  0.0007 ,  -   ,  0.0174 ,  -   ,  25 ,  0.70 ,  8.00 ,  240.00 ,  280.00 ,,NO,SI
,1668,"  2,270 ",  334 ,  0.0007 ,  0.0040 ,  0.0320 ,  6 ,  48 ,  0.22 ,  26.50 ,  85.00 ,  230.00 ,,NO,SI
,1669,"  4,120 ",  591 ,  0.0007 ,  0.0040 ,  0.0319 ,  6 ,  48 ,  0.24 ,  21.50 ,  85.00 ,  225.00 ,,NO,SI
,1670,  668 ,  86 ,  0.0750 ,  -   ,  0.0750 ,  -   ,  1 ,  -   ,  -   ,  -   ,  -   ,,NO,SI
,1671,  354 ,  37 ,  0.0008 ,  0.0191 ,  0.0762 ,  25 ,  100 ,  0.13 ,  20.00 ,  55.00 ,  105.00 ,,NO,SI
,1672,"  5,064 ",  816 ,  0.0001 ,  -   ,  0.0149 ,  -   ,  100 ,  -   ,  -   ,  -   ,  -   ,,NO,SI
,1673,"  1,292 ",  257 ,  0.0003 ,  -   ,  0.0131 ,  -   ,  40 ,  0.69 ,  22.36 ,  41.07 ,  490.00 ,,NO,SI
,1674,  941 ,  155 ,  0.0003 ,  -   ,  0.0104 ,  -   ,  30 ,  0.71 ,  22.00 ,  41.50 ,  500.00 ,,NO,SI
,1675,  635 ,  123 ,  0.0003 ,  -   ,  0.0144 ,  -   ,  50 ,  0.50 ,  22.00 ,  41.50 ,  370.00 ,,NO,SI
,1676,"  1,883 ",  287 ,  0.0014 ,  0.0086 ,  0.0516 ,  6 ,  36 ,  0.19 ,  57.35 ,  120.00 ,  220.00 ,,NO,SI
,1677,"  1,323 ",  206 ,  0.0010 ,  0.0059 ,  0.0353 ,  6 ,  36 ,  0.30 ,  60.40 ,  96.00 ,  250.00 ,,NO,SI
,1678,  730 ,  50 ,  0.0008 ,  -   ,  0.0392 ,  -   ,  50 ,  -   ,  -   ,  -   ,  -   ,,NO,SI
,1679,  226 ,  165 ,  0.0002 ,  0.0060 ,  0.0241 ,  25 ,  100 ,  0.15 ,  8.50 ,  80.00 ,  210.00 ,,NO,SI
,5204,  87 ,  -   ,  0.0001 ,  0.0036 ,  0.0143 ,  25 ,  100 ,  0.15 ,  8.50 ,  80.00 ,  210.00 ,,NO,SI
,1680,"  2,095 ",  269 ,  0.0019 ,  -   ,  0.0452 ,  -   ,  24 ,  0.70 ,  42.22 ,  245.00 ,  150.00 ,,NO,SI
,1681,"  1,062 ",  209 ,  0.0011 ,  0.0066 ,  0.0398 ,  6 ,  36 ,  0.55 ,  24.00 ,  110.00 ,  320.00 ,,NO,SI
,1682,  30 ,  5 ,  0.0001 ,  -   ,  0.0504 ,  -   ,  700 ,  0.04 ,  8.35 ,  8.35 ,  58.35 ,,NO,SI
,1684,  6 ,  6 ,  0.0002 ,  -   ,  0.0406 ,  -   ,  200 ,  -   ,  -   ,  -   ,  -   ,,NO,SI
,1685,  735 ,  99 ,  0.0003 ,  -   ,  0.0104 ,  -   ,  36 ,  0.42 ,  25.00 ,  50.00 ,  230.00 ,,NO,SI
,1686,"  1,997 ",  422 ,  0.0019 ,  0.0192 ,  0.1151 ,  10 ,  60 ,  0.38 ,  34.85 ,  145.00 ,  275.00 ,,NO,SI
,5205,  28 ,  -   ,  0.0014 ,  0.0138 ,  0.0828 ,  10 ,  60 ,  0.38 ,  34.90 ,  145.00 ,  275.00 ,,NO,SI
,1687,  365 ,  54 ,  0.0011 ,  -   ,  0.0107 ,  -   ,  10 ,  2.17 ,  41.73 ,  41.73 ,  500.00 ,,NO,SI
,1688,  75 ,  15 ,  0.0012 ,  -   ,  0.0122 ,  -   ,  10 ,  -   ,  -   ,  -   ,  -   ,,NO,SI
,1689,"  4,428 ",  461 ,  0.0001 ,  0.0073 ,  0.0293 ,  120 ,  480 ,  0.15 ,  25.92 ,  25.92 ,  52.30 ,,NO,SI
,1690,"  1,973 ",  205 ,  0.0000 ,  0.0030 ,  0.0120 ,  125 ,  500 ,  -   ,  -   ,  -   ,  -   ,,NO,SI
,1691,"  2,778 ",  354 ,  0.0014 ,  0.0141 ,  0.0563 ,  10 ,  40 ,  0.46 ,  28.10 ,  135.00 ,  315.00 ,,NO,SI
,1692,"  3,450 ",  550 ,  0.0005 ,  0.0047 ,  0.0280 ,  10 ,  60 ,  0.23 ,  13.00 ,  165.00 ,  260.00 ,,NO,SI
,1693,"  4,469 ",  679 ,  0.0006 ,  0.0059 ,  0.0356 ,  10 ,  60 ,  0.26 ,  11.40 ,  240.00 ,  365.00 ,,NO,SI
,1694,"  3,932 ",  522 ,  0.0007 ,  0.0074 ,  0.0441 ,  10 ,  60 ,  0.30 ,  12.50 ,  200.00 ,  360.00 ,,NO,SI
,1695,"  5,167 ",  956 ,  0.0003 ,  0.0031 ,  0.0187 ,  10 ,  60 ,  0.26 ,  15.00 ,  105.00 ,  200.00 ,,NO,SI
,1696,"  4,240 ",  805 ,  0.0005 ,  0.0051 ,  0.0306 ,  10 ,  60 ,  0.43 ,  17.00 ,  105.00 ,  295.00 ,,NO,SI
,1697,"  5,668 ",  992 ,  0.0009 ,  0.0055 ,  0.0277 ,  6 ,  30 ,  0.81 ,  20.00 ,  30.00 ,  460.00 ,,NO,SI
,1698,"  1,938 ",  319 ,  0.0000 ,  0.0011 ,  0.0045 ,  25 ,  100 ,  -   ,  -   ,  -   ,  -   ,,NO,SI
,1699,  264 ,  2 ,  0.0003 ,  0.0030 ,  0.0122 ,  12 ,  48 ,#N/A,#N/A,#N/A,#N/A,,NO,SI
,1700,  120 ,  24 ,  0.0023 ,  -   ,  0.0229 ,  -   ,  10 ,#N/A,#N/A,#N/A,#N/A,,NO,SI
,1701,  137 ,  35 ,  0.0021 ,  -   ,  0.0213 ,  -   ,  10 ,#N/A,#N/A,#N/A,#N/A,,NO,SI
,1702,  148 ,  37 ,  0.0020 ,  -   ,  0.0197 ,  -   ,  10 ,#N/A,#N/A,#N/A,#N/A,,NO,SI
,1703,"  2,778 ",  443 ,  0.0023 ,  -   ,  0.0226 ,  -   ,  10 ,  -   ,  -   ,  -   ,  -   ,,NO,SI
,1704,"  3,131 ",  536 ,  0.0021 ,  -   ,  0.0210 ,  -   ,  10 ,  -   ,  -   ,  -   ,  -   ,,NO,SI
,1705,"  4,557 ",  717 ,  0.0019 ,  -   ,  0.0193 ,  -   ,  10 ,  0.80 ,  105.00 ,  120.00 ,  120.00 ,,NO,SI
,1706,"  1,829 ",  322 ,  0.0018 ,  -   ,  0.0177 ,  -   ,  10 ,  0.76 ,  95.00 ,  120.00 ,  120.00 ,,NO,SI
,1707,  324 ,  60 ,  0.0018 ,  -   ,  0.0177 ,  -   ,  10 ,  0.75 ,  95.00 ,  125.00 ,  125.00 ,,NO,SI
,1708,"  1,011 ",  152 ,  0.0026 ,  -   ,  0.0258 ,  -   ,  10 ,  1.14 ,  120.00 ,  120.00 ,  140.00 ,,NO,SI
,1709,"  1,277 ",  181 ,  0.0024 ,  -   ,  0.0242 ,  -   ,  10 ,  1.07 ,  120.00 ,  120.00 ,  130.00 ,,NO,SI
,1710,"  1,871 ",  260 ,  0.0021 ,  -   ,  0.0210 ,  -   ,  10 ,  -   ,  -   ,  -   ,  -   ,,NO,SI
,1711,  518 ,  78 ,  0.0018 ,  -   ,  0.0178 ,  -   ,  10 ,  0.97 ,  120.00 ,  120.00 ,  110.00 ,,NO,SI
,1712,  144 ,  46 ,  0.0068 ,  -   ,  0.0548 ,  -   ,  8 ,#N/A,#N/A,#N/A,#N/A,,NO,SI
,1713,  413 ,  71 ,  0.0061 ,  -   ,  0.0487 ,  -   ,  8 ,  -   ,  -   ,  -   ,  -   ,,NO,SI
,1714,  386 ,  67 ,  0.0061 ,  -   ,  0.0487 ,  -   ,  8 ,  2.83 ,  190.00 ,  190.00 ,  150.00 ,,NO,SI
,1715,  72 ,  14 ,  0.0061 ,  -   ,  0.0487 ,  -   ,  8 ,  2.66 ,  190.00 ,  190.00 ,  150.00 ,,NO,SI
,1716,  278 ,  39 ,  0.0017 ,  -   ,  0.0334 ,  -   ,  20 ,  0.71 ,  105.00 ,  120.00 ,  120.00 ,,NO,SI
,1717,  316 ,  38 ,  0.0015 ,  -   ,  0.0304 ,  -   ,  20 ,  0.67 ,  95.00 ,  120.00 ,  120.00 ,,NO,SI
,1718,  190 ,  36 ,  0.0014 ,  -   ,  0.0289 ,  -   ,  20 ,  0.63 ,  90.00 ,  120.00 ,  120.00 ,,NO,SI
,1719,"  1,889 ",  327 ,  0.0002 ,  0.0056 ,  0.0223 ,  25 ,  100 ,  0.16 ,  21.00 ,  100.00 ,  120.00 ,,NO,SI
,1720,  933 ,  166 ,  0.0000 ,  0.0037 ,  0.0148 ,  100 ,  400 ,  0.03 ,  1.85 ,  80.00 ,  170.00 ,,NO,SI
,1721,  877 ,  142 ,  0.0001 ,  0.0058 ,  0.0230 ,  50 ,  200 ,  0.03 ,  2.00 ,  55.00 ,  220.00 ,,NO,SI
,1722,"  1,743 ",  330 ,  0.0001 ,  0.0057 ,  0.0228 ,  50 ,  200 ,  0.03 ,  2.00 ,  55.00 ,  220.00 ,,NO,SI
,1723,"  28,047 ","  4,840 ",  0.0000 ,  0.0007 ,  0.0102 ,  20 ,  300 ,  0.07 ,  8.00 ,  20.00 ,  120.00 ,,NO,SI
,1724,"  11,042 ","  1,783 ",  0.0000 ,  0.0003 ,  0.0145 ,  10 ,  500 ,  0.42 ,  24.30 ,  68.00 ,  128.00 ,,NO,SI
,1726,"  3,128 ",  385 ,  0.0005 ,  0.0110 ,  0.1316 ,  24 ,  288 ,  0.05 ,  12.40 ,  60.40 ,  125.20 ,,NO,SI
,1727,  430 ,  65 ,  0.0002 ,  0.0018 ,  0.0212 ,  10 ,  120 ,  0.12 ,  14.50 ,  105.00 ,  80.00 ,,NO,SI
,1728,  332 ,  47 ,  0.0003 ,  0.0030 ,  0.0118 ,  10 ,  40 ,  0.24 ,  20.00 ,  120.00 ,  120.00 ,,NO,SI
,1729,  138 ,  22 ,  0.0004 ,  0.0041 ,  0.0124 ,  10 ,  30 ,  0.40 ,  20.50 ,  130.00 ,  125.00 ,,NO,SI
,1730,  104 ,  19 ,  0.0008 ,  0.0033 ,  0.0132 ,  4 ,  16 ,  0.76 ,  26.50 ,  150.00 ,  170.00 ,,NO,SI
,1731,  32 ,  7 ,  0.0001 ,  0.0020 ,  0.0078 ,  20 ,  80 ,#N/A,#N/A,#N/A,#N/A,,NO,SI
,1732,  154 ,  23 ,  0.0002 ,  0.0034 ,  0.0138 ,  20 ,  80 ,  0.25 ,  27.00 ,  35.00 ,  150.00 ,,NO,SI
,1733,  124 ,  24 ,  0.0001 ,  0.0008 ,  0.0090 ,  10 ,  120 ,#N/A,#N/A,#N/A,#N/A,,NO,SI
,1734,  207 ,  40 ,  0.0001 ,  0.0008 ,  0.0090 ,  10 ,  120 ,  0.07 ,  8.00 ,  70.00 ,  90.00 ,,NO,SI
,1735,  553 ,  77 ,  0.0002 ,  0.0018 ,  0.0146 ,  10 ,  80 ,  0.10 ,  11.50 ,  95.00 ,  130.00 ,,NO,SI
,1736,  20 ,  4 ,  0.0001 ,  0.0018 ,  0.0147 ,  20 ,  160 ,  0.06 ,  11.00 ,  95.00 ,  65.00 ,,NO,SI
,1737,  723 ,  98 ,  0.0002 ,  0.0018 ,  0.0146 ,  10 ,  80 ,  0.14 ,  11.00 ,  95.00 ,  130.00 ,,NO,SI
,1738,  611 ,  79 ,  0.0002 ,  0.0018 ,  0.0146 ,  10 ,  80 ,  0.18 ,  11.00 ,  95.00 ,  130.00 ,,NO,SI
,1739,"  1,535 ",  179 ,  0.0002 ,  0.0018 ,  0.0214 ,  10 ,  120 ,  0.14 ,  15.00 ,  105.00 ,  80.00 ,,NO,SI
,1740,  707 ,  100 ,  0.0002 ,  0.0021 ,  0.0084 ,  10 ,  40 ,  0.18 ,  16.00 ,  110.00 ,  95.00 ,,NO,SI
,1741,  446 ,  54 ,  0.0002 ,  0.0021 ,  0.0084 ,  10 ,  40 ,  0.24 ,  16.00 ,  110.00 ,  95.00 ,,NO,SI
,1742,  199 ,  35 ,  0.0003 ,  0.0030 ,  0.0118 ,  10 ,  40 ,  0.35 ,  18.50 ,  120.00 ,  120.00 ,,NO,SI
,1743,  215 ,  27 ,  0.0003 ,  0.0030 ,  0.0118 ,  10 ,  40 ,  0.49 ,  18.50 ,  115.00 ,  115.00 ,,NO,SI
,1744,  131 ,  11 ,  0.0009 ,  0.0035 ,  0.0138 ,  4 ,  16 ,  0.81 ,  27.00 ,  150.00 ,  170.00 ,,NO,SI
,1745,  125 ,  14 ,  0.0006 ,  0.0029 ,  0.0116 ,  5 ,  20 ,  0.44 ,  32.50 ,  160.00 ,  85.00 ,,NO,SI
,1746,  68 ,  9 ,  0.0006 ,  0.0029 ,  0.0116 ,  5 ,  20 ,  0.60 ,  34.00 ,  160.00 ,  85.00 ,,NO,SI
,1747,  269 ,  44 ,  0.0000 ,  0.0008 ,  0.0091 ,  20 ,  240 ,  0.02 ,  8.00 ,  45.00 ,  70.00 ,,NO,SI
,1748,  374 ,  57 ,  0.0001 ,  0.0007 ,  0.0089 ,  10 ,  120 ,  0.08 ,  8.00 ,  70.00 ,  90.00 ,,NO,SI
,1749,  574 ,  94 ,  0.0002 ,  0.0018 ,  0.0146 ,  10 ,  80 ,  0.12 ,  11.00 ,  95.00 ,  130.00 ,,NO,SI
,1750,"  1,261 ",  178 ,  0.0002 ,  0.0018 ,  0.0147 ,  10 ,  80 ,  0.13 ,  11.00 ,  95.00 ,  130.00 ,,NO,SI
,1751,  641 ,  104 ,  0.0002 ,  0.0018 ,  0.0146 ,  10 ,  80 ,  0.15 ,  11.00 ,  95.00 ,  130.00 ,,NO,SI
,1752,  146 ,  20 ,  0.0002 ,  0.0018 ,  0.0146 ,  10 ,  80 ,  0.20 ,  11.00 ,  95.00 ,  130.00 ,,NO,SI
,1753,"  1,300 ",  192 ,  0.0002 ,  0.0018 ,  0.0146 ,  10 ,  80 ,  0.18 ,  11.00 ,  95.00 ,  130.00 ,,NO,SI
,1754,  504 ,  74 ,  0.0002 ,  0.0018 ,  0.0212 ,  10 ,  120 ,  0.13 ,  15.00 ,  105.00 ,  80.00 ,,NO,SI
,1755,  285 ,  46 ,  0.0002 ,  0.0018 ,  0.0214 ,  10 ,  120 ,  0.14 ,  14.50 ,  110.00 ,  85.00 ,,NO,SI
,1756,  602 ,  108 ,  0.0002 ,  0.0018 ,  0.0212 ,  10 ,  120 ,  0.14 ,  15.00 ,  105.00 ,  80.00 ,,NO,SI
,1757,"  1,292 ",  197 ,  0.0002 ,  0.0018 ,  0.0214 ,  10 ,  120 ,  0.14 ,  15.00 ,  105.00 ,  80.00 ,,NO,SI
,1758,  458 ,  50 ,  0.0002 ,  0.0021 ,  0.0083 ,  10 ,  40 ,  0.18 ,  16.00 ,  110.00 ,  95.00 ,,NO,SI
,1759,  171 ,  30 ,  0.0002 ,  0.0021 ,  0.0083 ,  10 ,  40 ,  0.20 ,  16.00 ,  105.00 ,  95.00 ,,NO,SI
,1760,  506 ,  92 ,  0.0002 ,  0.0021 ,  0.0083 ,  10 ,  40 ,  0.22 ,  16.00 ,  105.00 ,  95.00 ,,NO,SI
,1761,  649 ,  107 ,  0.0002 ,  0.0021 ,  0.0083 ,  10 ,  40 ,  0.21 ,  16.00 ,  110.00 ,  95.00 ,,NO,SI
,1762,  592 ,  96 ,  0.0002 ,  0.0021 ,  0.0083 ,  10 ,  40 ,  0.21 ,  16.00 ,  105.00 ,  95.00 ,,NO,SI
,1763,  11 ,  2 ,  0.0002 ,  0.0020 ,  0.0079 ,  10 ,  40 ,  0.33 ,  30.00 ,  60.00 ,  85.00 ,,NO,SI
,1764,  39 ,  4 ,  0.0003 ,  0.0033 ,  0.0133 ,  10 ,  40 ,  0.49 ,  26.50 ,  65.00 ,  150.00 ,,NO,SI
,1765,  180 ,  33 ,  0.0000 ,  0.0012 ,  0.0094 ,  25 ,  200 ,  0.05 ,  13.50 ,  30.00 ,  90.00 ,,NO,SI
,1766,  168 ,  26 ,  0.0001 ,  0.0020 ,  0.0079 ,  20 ,  80 ,  0.09 ,  18.00 ,  40.00 ,  105.00 ,,NO,SI
,1767,  75 ,  12 ,  0.0002 ,  0.0023 ,  0.0090 ,  15 ,  60 ,  -   ,  -   ,  -   ,  -   ,,NO,SI
,1768,  87 ,  9 ,  0.0002 ,  0.0023 ,  0.0090 ,  15 ,  60 ,  0.28 ,  22.00 ,  42.50 ,  116.00 ,,NO,SI
,1769,  62 ,  10 ,  0.0000 ,  0.0010 ,  0.0076 ,  50 ,  400 ,  0.02 ,  9.00 ,  65.00 ,  23.50 ,,NO,SI
,1770,  129 ,  16 ,  0.0000 ,  0.0010 ,  0.0076 ,  50 ,  400 ,  0.02 ,  9.00 ,  65.00 ,  23.50 ,,NO,SI
,1771,  322 ,  36 ,  0.0000 ,  0.0012 ,  0.0099 ,  40 ,  320 ,  0.03 ,  10.50 ,  25.50 ,  78.00 ,,NO,SI
,1772,  29 ,  3 ,  0.0000 ,  0.0012 ,  0.0099 ,  40 ,  320 ,  0.04 ,  10.00 ,  26.00 ,  78.00 ,,NO,SI
,1773,  408 ,  49 ,  0.0001 ,  0.0012 ,  0.0094 ,  20 ,  160 ,  0.04 ,  12.50 ,  36.00 ,  85.50 ,,NO,SI
,1774,  271 ,  32 ,  0.0001 ,  0.0012 ,  0.0093 ,  20 ,  160 ,  0.06 ,  13.00 ,  35.00 ,  85.00 ,,NO,SI
,1775,  453 ,  59 ,  0.0001 ,  0.0020 ,  0.0079 ,  20 ,  80 ,  0.08 ,  15.50 ,  45.00 ,  95.00 ,,NO,SI
,1776,  196 ,  26 ,  0.0001 ,  0.0014 ,  0.0109 ,  10 ,  80 ,  0.15 ,  18.50 ,  50.00 ,  105.00 ,,NO,SI
,1777,  130 ,  21 ,  0.0001 ,  0.0020 ,  0.0079 ,  20 ,  80 ,  0.11 ,  15.50 ,  45.00 ,  95.00 ,,NO,SI
,1778,  42 ,  4 ,  0.0001 ,  0.0014 ,  0.0108 ,  10 ,  80 ,  0.20 ,  18.50 ,  50.00 ,  105.50 ,,NO,SI
,1779,  115 ,  16 ,  0.0002 ,  0.0023 ,  0.0090 ,  10 ,  40 ,  0.30 ,  21.50 ,  65.00 ,  115.00 ,,NO,SI
,1780,  54 ,  6 ,  0.0003 ,  0.0015 ,  0.0058 ,  5 ,  20 ,  0.46 ,  26.00 ,  75.00 ,  130.00 ,,NO,SI
,1781,  108 ,  23 ,  0.0000 ,  0.0010 ,  0.0076 ,  50 ,  400 ,  0.02 ,  9.00 ,  65.00 ,  25.00 ,,NO,SI
,1782,  249 ,  44 ,  0.0000 ,  0.0010 ,  0.0076 ,  50 ,  400 ,  0.02 ,  9.00 ,  65.00 ,  25.00 ,,NO,SI
,1783,  322 ,  39 ,  0.0000 ,  0.0012 ,  0.0099 ,  40 ,  320 ,  0.03 ,  10.00 ,  80.00 ,  25.00 ,,NO,SI
,1784,  822 ,  109 ,  0.0000 ,  0.0013 ,  0.0102 ,  40 ,  320 ,  0.04 ,  10.00 ,  25.00 ,  80.00 ,,NO,SI
,1785,  185 ,  29 ,  0.0001 ,  0.0012 ,  0.0093 ,  20 ,  160 ,  0.05 ,  12.50 ,  36.00 ,  85.50 ,,NO,SI
,1786,  122 ,  16 ,  0.0001 ,  0.0012 ,  0.0094 ,  20 ,  160 ,  0.06 ,  12.50 ,  35.00 ,  85.00 ,,NO,SI
,1787,  663 ,  96 ,  0.0001 ,  0.0012 ,  0.0096 ,  20 ,  160 ,  0.05 ,  12.50 ,  36.00 ,  85.50 ,,NO,SI
,1788,  82 ,  13 ,  0.0001 ,  0.0012 ,  0.0094 ,  20 ,  160 ,  0.07 ,  12.50 ,  35.00 ,  85.00 ,,NO,SI
,1789,  130 ,  12 ,  0.0001 ,  0.0012 ,  0.0094 ,  20 ,  160 ,  0.07 ,  12.50 ,  35.00 ,  85.00 ,,NO,SI
,1790,  192 ,  31 ,  0.0001 ,  0.0012 ,  0.0094 ,  20 ,  160 ,  0.08 ,  12.50 ,  35.00 ,  85.00 ,,NO,SI
,1791,  400 ,  56 ,  0.0001 ,  0.0012 ,  0.0093 ,  20 ,  160 ,  0.08 ,  12.50 ,  36.00 ,  85.50 ,,NO,SI
,1792,  60 ,  8 ,  0.0001 ,  0.0020 ,  0.0079 ,  20 ,  80 ,  0.11 ,  16.00 ,  45.00 ,  95.00 ,,NO,SI
,1793,  67 ,  6 ,  0.0001 ,  0.0020 ,  0.0080 ,  20 ,  80 ,  105.00 ,  16.00 ,  45.00 ,  95.00 ,,NO,SI
,1794,  173 ,  23 ,  0.0001 ,  0.0020 ,  0.0079 ,  20 ,  80 ,  0.12 ,  15.15 ,  42.72 ,  92.00 ,,NO,SI
,1795,  246 ,  33 ,  0.0001 ,  0.0020 ,  0.0078 ,  20 ,  80 ,  -   ,  -   ,  -   ,  -   ,,NO,SI
,1796,  218 ,  32 ,  0.0001 ,  0.0020 ,  0.0078 ,  20 ,  80 ,  0.11 ,  15.13 ,  42.69 ,  91.67 ,,NO,SI
,1797,  91 ,  9 ,  0.0001 ,  0.0014 ,  0.0110 ,  10 ,  80 ,  0.18 ,  18.25 ,  50.02 ,  100.00 ,,NO,SI
,1798,  152 ,  21 ,  0.0001 ,  0.0014 ,  0.0112 ,  10 ,  80 ,  0.18 ,  18.47 ,  50.00 ,  100.00 ,,NO,SI
,1799,  86 ,  13 ,  0.0001 ,  0.0014 ,  0.0109 ,  10 ,  80 ,  0.18 ,  18.40 ,  49.97 ,  100.00 ,,NO,SI
,1800,  165 ,  12 ,  0.0001 ,  0.0014 ,  0.0110 ,  10 ,  80 ,  0.26 ,  18.31 ,  49.88 ,  100.00 ,,NO,SI
,1801,  77 ,  12 ,  0.0001 ,  0.0014 ,  0.0110 ,  10 ,  80 ,  0.27 ,  18.42 ,  49.83 ,  100.00 ,,NO,SI
,1802,  85 ,  14 ,  0.0002 ,  0.0023 ,  0.0090 ,  10 ,  40 ,  -   ,  -   ,  -   ,  -   ,,NO,SI
,1803,  51 ,  5 ,  0.0002 ,  0.0023 ,  0.0090 ,  10 ,  40 ,  0.45 ,  22.00 ,  65.00 ,  115.00 ,,NO,SI
,1804,  39 ,  5 ,  0.0002 ,  0.0023 ,  0.0090 ,  10 ,  40 ,  0.44 ,  21.75 ,  65.00 ,  115.00 ,,NO,SI
,1805,  93 ,  12 ,  0.0001 ,  0.0020 ,  0.0079 ,  20 ,  80 ,  0.13 ,  15.00 ,  45.00 ,  90.00 ,,NO,SI
,1806,  67 ,  9 ,  0.0000 ,  0.0012 ,  0.0099 ,  40 ,  320 ,  0.04 ,  9.75 ,  25.00 ,  75.00 ,,NO,SI
,1807,  60 ,  7 ,  0.0001 ,  0.0013 ,  0.0101 ,  20 ,  160 ,  0.05 ,  12.33 ,  35.00 ,  85.00 ,,NO,SI
,1808,  57 ,  9 ,  0.0001 ,  0.0012 ,  0.0093 ,  20 ,  160 ,  0.08 ,  12.30 ,  35.00 ,  80.00 ,,NO,SI
,1809,  56 ,  11 ,  0.0001 ,  0.0020 ,  0.0079 ,  20 ,  80 ,  0.11 ,  15.32 ,  45.00 ,  95.00 ,,NO,SI
,1810,  181 ,  21 ,  0.0001 ,  0.0020 ,  0.0079 ,  20 ,  80 ,  0.14 ,  15.00 ,  45.00 ,  90.00 ,,NO,SI
,1811,  27 ,  5 ,  0.0001 ,  0.0014 ,  0.0109 ,  10 ,  80 ,  0.20 ,  18.52 ,  50.00 ,  100.00 ,,NO,SI
,1812,  33 ,  6 ,  0.0001 ,  0.0014 ,  0.0109 ,  10 ,  80 ,  0.26 ,  18.55 ,  50.00 ,  100.00 ,,NO,SI
,1813,  16 ,  3 ,  0.0002 ,  0.0023 ,  0.0090 ,  10 ,  40 ,  0.41 ,  21.78 ,  65.00 ,  110.00 ,,NO,SI
,1814,  125 ,  130 ,  0.0091 ,  -   ,  0.0091 ,  -   ,  1 ,  10.64 ,  160.00 ,  140.00 ,  280.00 ,,NO,SI
,1815,  5 ,  70 ,  0.0151 ,  -   ,  0.0151 ,  -   ,  1 ,#N/A,#N/A,#N/A,#N/A,,NO,SI
,1816,  9 ,  40 ,  0.0153 ,  -   ,  0.0153 ,  -   ,  1 ,  -   ,  -   ,  -   ,  -   ,,NO,SI
,1817,  8 ,  1 ,  0.0289 ,  -   ,  0.0289 ,  -   ,  1 ,  -   ,  -   ,  -   ,  -   ,,NO,SI
,1818,"  1,966 ",  356 ,  0.0017 ,  0.0100 ,  0.0603 ,  6 ,  36 ,  0.63 ,  24.00 ,  160.00 ,  390.00 ,,NO,SI
,1819,"  6,350 ",  980 ,  0.0014 ,  0.0084 ,  0.0505 ,  6 ,  36 ,  -   ,  -   ,  -   ,  -   ,,NO,SI
,1820,"  2,554 ",  290 ,  0.0002 ,  0.0040 ,  0.0200 ,  20 ,  100 ,  0.10 ,  14.50 ,  70.00 ,  160.00 ,,NO,SI
,1821,  152 ,  130 ,  0.0002 ,  0.0040 ,  0.0200 ,  20 ,  100 ,  -   ,  -   ,  -   ,  -   ,,NO,SI
,1822,"  3,426 ",  648 ,  0.0002 ,  0.0041 ,  0.0203 ,  20 ,  100 ,  0.10 ,  15.00 ,  73.00 ,  162.00 ,,NO,SI
,1823,  217 ,  44 ,  0.0021 ,  0.0124 ,  0.0497 ,  6 ,  24 ,  0.92 ,  32.00 ,  150.00 ,  400.00 ,,NO,SI
,1824,"  3,250 ",  607 ,  0.0005 ,  0.0065 ,  0.0326 ,  12 ,  60 ,  0.12 ,  19.79 ,  90.00 ,  325.00 ,,NO,SI
,1825,"  5,702 ",  885 ,  0.0009 ,  0.0051 ,  0.0512 ,  6 ,  60 ,  0.38 ,  31.00 ,  100.00 ,  290.00 ,,NO,SI
,1826,"  3,742 ",  703 ,  0.0010 ,  0.0062 ,  0.0370 ,  6 ,  36 ,  -   ,  -   ,  -   ,  -   ,,NO,SI
,1827,"  1,554 ",  282 ,  0.0001 ,  0.0015 ,  0.0744 ,  12 ,  600 ,  0.05 ,  15.00 ,  80.00 ,  120.00 ,,NO,SI
,1828,"  4,758 ",  709 ,  0.0001 ,  0.0015 ,  0.0595 ,  12 ,  480 ,  0.07 ,  16.00 ,  80.00 ,  125.00 ,,NO,SI
,1829,"  6,585 ","  1,462 ",  0.0002 ,  0.0019 ,  0.0372 ,  12 ,  240 ,  0.10 ,  20.50 ,  85.00 ,  125.00 ,,NO,SI
,1830,"  10,565 ","  1,767 ",  0.0002 ,  0.0021 ,  0.0255 ,  12 ,  144 ,  0.16 ,  20.00 ,  80.00 ,  120.00 ,,NO,SI
,1831,"  7,523 ",  948 ,  0.0004 ,  0.0026 ,  0.0306 ,  6 ,  72 ,  0.30 ,  22.55 ,  100.00 ,  155.00 ,,NO,SI
,1832,"  1,906 ",  388 ,  0.0004 ,  0.0026 ,  0.0204 ,  6 ,  48 ,  0.45 ,  24.51 ,  105.00 ,  155.00 ,,NO,SI
,1833,"  2,502 ",  364 ,  0.0002 ,  0.0027 ,  0.0398 ,  12 ,  180 ,  0.12 ,  18.00 ,  85.00 ,  150.00 ,,NO,SI
,1834,"  2,106 ",  305 ,  0.0002 ,  0.0029 ,  0.0288 ,  12 ,  120 ,  0.18 ,  19.00 ,  85.00 ,  155.00 ,,NO,SI
,1835,"  1,148 ",  174 ,  0.0005 ,  0.0029 ,  0.0353 ,  6 ,  72 ,  0.32 ,  24.00 ,  100.00 ,  185.00 ,,NO,SI
,1836,"  1,338 ",  226 ,  0.0014 ,  0.0087 ,  0.0348 ,  6 ,  24 ,  0.80 ,  28.50 ,  150.00 ,  400.00 ,,NO,SI
,1837,  883 ,  129 ,  0.0017 ,  0.0103 ,  0.0410 ,  6 ,  24 ,  1.03 ,  28.58 ,  165.00 ,  400.00 ,,NO,SI
,1838,  978 ,  148 ,  0.0010 ,  -   ,  0.0390 ,  -   ,  40 ,  0.48 ,  80.00 ,  100.00 ,  110.00 ,,NO,SI
,1839,  32 ,#N/A,#N/A,#N/A,#N/A,#N/A,#N/A,#N/A,#N/A,#N/A,#N/A,,NO,SI
,1840,  853 ,  138 ,  0.0015 ,  0.0175 ,  0.1049 ,  12 ,  72 ,  0.26 ,  75.00 ,  135.00 ,  210.00 ,,NO,SI
,1841,"  1,597 ",  223 ,  0.0011 ,  -   ,  0.0450 ,  -   ,  40 ,  0.34 ,  80.00 ,  105.00 ,  100.00 ,,NO,SI
,1842,  612 ,  94 ,  0.0006 ,  0.0077 ,  0.0772 ,  12 ,  120 ,  0.01 ,  68.00 ,  80.00 ,  130.00 ,,NO,SI
,1843,  382 ,  56 ,  0.0006 ,  0.0069 ,  0.0690 ,  12 ,  120 ,  0.11 ,  71.94 ,  90.00 ,  160.00 ,,NO,SI
,1844,  106 ,  17 ,  0.0021 ,  -   ,  0.1235 ,  -   ,  60 ,  0.27 ,  32.50 ,  130.00 ,  130.00 ,,NO,SI
,1845,  114 ,  18 ,  0.0015 ,  -   ,  0.0614 ,  -   ,  40 ,  0.52 ,  43.00 ,  165.00 ,  190.00 ,,NO,SI
,1846,  255 ,  44 ,  0.0007 ,  0.0069 ,  0.0689 ,  10 ,  100 ,  0.14 ,  69.00 ,  90.00 ,  150.00 ,,NO,SI
,1847,  402 ,  51 ,  0.0007 ,  0.0069 ,  0.0689 ,  10 ,  100 ,  0.18 ,  70.80 ,  90.00 ,  150.00 ,,NO,SI
,1848,  181 ,  31 ,  0.0005 ,  0.0046 ,  0.0551 ,  10 ,  120 ,  0.13 ,  46.50 ,  90.00 ,  160.00 ,,NO,SI
,1849,  428 ,  68 ,  0.0003 ,  -   ,  0.0400 ,  -   ,  120 ,  0.10 ,  13.60 ,  110.00 ,  170.00 ,,NO,SI
,1850,  479 ,  84 ,  0.0005 ,  -   ,  0.0618 ,  -   ,  120 ,  0.15 ,  15.60 ,  140.00 ,  190.00 ,,NO,SI
,1851,  30 ,  15 ,  0.0119 ,  0.0239 ,  0.0717 ,  2 ,  6 ,  1.49 ,  235.00 ,  170.00 ,  335.00 ,,NO,SI
,1852,  1 ,  1 ,  0.0000 ,  -   ,  0.0114 ,  -   ,  300 ,  0.05 ,  15.50 ,  15.50 ,  71.05 ,,NO,SI
,1853,  513 ,  96 ,  0.0106 ,  -   ,  0.0212 ,  -   ,  2 ,  9.11 ,  120.00 ,  210.00 ,  405.00 ,,NO,SI
,1854,  48 ,  5 ,  0.0002 ,  -   ,  0.0399 ,  -   ,  210 ,  -   ,  -   ,  -   ,  -   ,,NO,SI
,1855,  120 ,  8 ,  0.0001 ,  -   ,  0.0399 ,  -   ,  350 ,  0.02 ,  6.00 ,  6.00 ,  125.00 ,,NO,SI
,1856,  98 ,  7 ,  0.0001 ,  -   ,  0.0400 ,  -   ,  500 ,  0.03 ,  6.00 ,  6.00 ,  125.00 ,,NO,SI
,1857,  4 ,  11 ,  0.0155 ,  -   ,  0.0155 ,  -   ,  1 ,#N/A,#N/A,#N/A,#N/A,,NO,SI
,1858,  3 ,  8 ,  0.0288 ,  -   ,  0.0288 ,  -   ,  1 ,#N/A,#N/A,#N/A,#N/A,,NO,SI
,1859,  2 ,  5 ,  0.0289 ,  -   ,  0.0289 ,  -   ,  1 ,#N/A,#N/A,#N/A,#N/A,,NO,SI
,1860,  124 ,  23 ,  0.0045 ,  -   ,  0.0269 ,  -   ,  6 ,  3.10 ,  28.22 ,  140.00 ,  680.00 ,,NO,SI
,1861,"  4,708 ",  808 ,  0.0008 ,  0.0076 ,  0.0458 ,  10 ,  60 ,  -   ,  -   ,  -   ,  -   ,,NO,SI
,1862,"  1,880 ",  357 ,  0.0008 ,  0.0076 ,  0.0458 ,  10 ,  60 ,  0.40 ,  26.50 ,  105.00 ,  245.00 ,,NO,SI
,1863,"  2,738 ",  468 ,  0.0011 ,  0.0066 ,  0.0397 ,  6 ,  36 ,  0.72 ,  32.80 ,  135.00 ,  335.00 ,,NO,SI
,1864,"  1,126 ",  130 ,  0.0007 ,  0.0179 ,  0.0715 ,  24 ,  96 ,  0.12 ,  29.50 ,  80.00 ,  280.00 ,,NO,SI
,1865,"  2,388 ",  369 ,  0.0004 ,  0.0044 ,  0.0443 ,  10 ,  100 ,  0.08 ,  19.00 ,  100.00 ,  195.00 ,,NO,SI
,1866,"  3,300 ",  516 ,  0.0000 ,  0.0004 ,  0.0099 ,  12 ,  300 ,  0.05 ,  1.16 ,  35.00 ,  340.00 ,,NO,SI
,1867,"  5,306 ",  824 ,  0.0017 ,  0.0101 ,  0.0405 ,  6 ,  24 ,  0.69 ,  64.00 ,  97.00 ,  340.00 ,,NO,SI
,1869,  120 ,  16 ,  0.0094 ,  -   ,  0.0094 ,  -   ,  1 ,#N/A,#N/A,#N/A,#N/A,,NO,SI
,1871,  825 ,  166 ,  0.0009 ,  -   ,  0.0455 ,  -   ,  50 ,  0.28 ,  22.00 ,  247.00 ,  93.50 ,,NO,SI
,1875,  257 ,  39 ,  0.0003 ,  0.0030 ,  0.0120 ,  10 ,  40 ,  0.33 ,  18.00 ,  115.00 ,  115.00 ,,NO,SI
,1876,  617 ,  99 ,  0.0003 ,  0.0030 ,  0.0120 ,  10 ,  40 ,  0.32 ,  18.50 ,  115.00 ,  115.00 ,,NO,SI
,1877,  636 ,  87 ,  0.0008 ,  0.0080 ,  0.0479 ,  10 ,  60 ,  0.24 ,  25.00 ,  52.00 ,  400.00 ,,NO,SI
,1878,  841 ,  119 ,  0.0012 ,  0.0118 ,  0.0706 ,  10 ,  60 ,  0.33 ,  23.50 ,  55.00 ,  600.00 ,,NO,SI
,1879,  822 ,  156 ,  0.0004 ,  0.0043 ,  0.0434 ,  12 ,  120 ,  0.12 ,  21.50 ,  100.00 ,  150.00 ,,NO,SI
,1880,"  1,408 ",  251 ,  0.0004 ,  0.0044 ,  0.0436 ,  12 ,  120 ,  -   ,  -   ,  -   ,  -   ,,NO,SI
,1881,"  1,043 ",  212 ,  0.0007 ,  0.0043 ,  0.0513 ,  6 ,  72 ,  0.33 ,  25.00 ,  140.00 ,  185.00 ,,NO,SI
,1882,"  1,557 ",  246 ,  0.0002 ,  0.0155 ,  0.0775 ,  100 ,  500 ,  0.04 ,  14.00 ,  105.00 ,  120.00 ,,NO,SI
,1883,"  2,106 ",  338 ,  0.0005 ,  0.0155 ,  0.0776 ,  30 ,  150 ,  0.13 ,  26.30 ,  100.00 ,  170.00 ,,NO,SI
,1884,"  1,229 ",  191 ,  0.0007 ,  0.0139 ,  0.0835 ,  20 ,  120 ,  0.16 ,  27.50 ,  135.00 ,  195.00 ,,NO,SI
,1885,  221 ,  47 ,  0.0083 ,  -   ,  0.0497 ,  -   ,  6 ,  4.93 ,  100.00 ,  260.00 ,  280.00 ,,NO,SI
,1886,  89 ,  567 ,  0.0063 ,  -   ,  0.1010 ,  -   ,  16 ,  -   ,  -   ,  -   ,  -   ,,NO,SI
,5206,"  2,142 ",  -   ,  0.0056 , #VALUE!,  0.0892 , -,  16 ,  1.02 ,  130.00 ,  130.00 ,  330.00 ,,NO,SI
,5206,  30 ,  -   ,  0.0056 , #VALUE!,  0.0892 , -,  16 ,  1.02 ,  130.00 ,  130.00 ,  330.00 ,,NO,SI
,5206,  942 ,  -   ,  0.0056 , #VALUE!,  0.0892 , -,  16 ,  1.02 ,  130.00 ,  130.00 ,  330.00 ,,NO,SI
,1887,  105 ,  23 ,  0.0006 ,  -   ,  0.0300 ,  -   ,  50 ,  0.14 ,  45.00 ,  95.00 ,  85.00 ,,NO,SI
,1888,  153 ,  21 ,  0.0006 ,  -   ,  0.0300 ,  -   ,  50 ,  -   ,  -   ,  -   ,  -   ,,NO,SI
,1889,  103 ,  20 ,  0.0006 ,  -   ,  0.0300 ,  -   ,  50 ,  0.15 ,  40.00 ,  190.00 ,  80.00 ,,NO,SI
,1890,  1 ,  2 ,  0.0001 ,  -   ,  0.0001 ,  -   ,  1 ,  0.01 ,  34.00 ,  34.00 ,  18.00 ,,NO,SI
,1891,  40 ,#N/A,#N/A,#N/A,#N/A,#N/A,#N/A,  -   ,  -   ,  -   ,  -   ,,NO,SI
,1892,"  4,572 ",#N/A,#N/A,#N/A,#N/A,#N/A,#N/A,  -   ,  -   ,  -   ,  -   ,,NO,SI
,1893,"  1,020 ",  356 ,  0.0002 ,  -   ,  0.0990 ,  -   ,  450 ,  0.04 ,  54.36 ,  54.36 ,  54.52 ,,NO,SI
,5209,  792 ,  -   ,  0.0002 , #VALUE!,  0.0725 , -,  450 ,  0.04 ,  54.40 ,  54.40 ,  54.40 ,,NO,SI
,1894,  37 ,  12 ,  0.0002 ,  -   ,  0.0310 ,  -   ,  125 ,  0.03 ,  40.00 ,  70.00 ,  70.00 ,,NO,SI
,5210,  11 ,  -   ,  0.0002 , #VALUE!,  0.0245 , -,  125 ,  0.03 ,  40.00 ,  70.00 ,  70.00 ,,NO,SI
,1895,  527 ,  15 ,  0.0004 ,  -   ,  0.0402 ,  -   ,  100 ,  0.11 ,  6.50 ,  170.00 ,  230.00 ,,NO,SI
,1896,  273 ,  51 ,  0.0004 ,  0.0041 ,  0.0248 ,  10 ,  60 ,  0.25 ,  278.80 ,  85.00 ,  135.00 ,,NO,SI
,1897,"  5,104 ",  600 ,  0.0003 ,  0.0025 ,  0.0253 ,  10 ,  100 ,  0.15 ,  22.10 ,  85.00 ,  110.00 ,,NO,SI
,1898,"  1,603 ",  207 ,  0.0004 ,  0.0041 ,  0.0248 ,  10 ,  60 ,  0.31 ,  28.00 ,  85.00 ,  140.00 ,,NO,SI
,1899,"  1,140 ",  226 ,  0.0001 ,  0.0011 ,  0.0113 ,  8 ,  80 ,  0.20 ,  36.00 ,  36.00 ,  79.00 ,,NO,SI
,1900,"  1,292 ",  234 ,  0.0004 ,  0.0011 ,  0.0107 ,  3 ,  30 ,  0.26 ,  12.50 ,  80.00 ,  245.00 ,,NO,SI
,1901,"  2,235 ",  381 ,  0.0005 ,  0.0048 ,  0.0287 ,  10 ,  60 ,  0.16 ,  21.50 ,  51.38 ,  300.00 ,,NO,SI
,1902,"  4,006 ",  671 ,  0.0006 ,  0.0063 ,  0.0375 ,  10 ,  60 ,  0.20 ,  21.00 ,  55.00 ,  405.00 ,,NO,SI
,1903,"  2,711 ",  368 ,  0.0008 ,  0.0077 ,  0.0463 ,  10 ,  60 ,  0.24 ,  20.90 ,  50.00 ,  500.00 ,,NO,SI
,1904,"  3,058 ",  459 ,  0.0010 ,  0.0095 ,  0.0571 ,  10 ,  60 ,  0.27 ,  21.50 ,  55.00 ,  605.00 ,,NO,SI
,1905,  66 ,  300 ,  0.0020 ,  -   ,  0.0591 ,  -   ,  30 ,  -   ,  -   ,  -   ,  -   ,,NO,SI
,5211,  926 ,  -   ,  0.0018 , #VALUE!,  0.0530 , -,  30 ,  0.42 ,  80.00 ,  85.00 ,  260.00 ,,NO,SI
,5211,  673 ,  -   ,  0.0018 , #VALUE!,  0.0530 , -,  30 ,  0.42 ,  80.00 ,  85.00 ,  260.00 ,,NO,SI
,5211,  4 ,  -   ,  0.0018 , #VALUE!,  0.0530 , -,  30 ,  0.42 ,  80.00 ,  85.00 ,  260.00 ,,NO,SI
,1906,  3 ,  23 ,  0.0005 ,  -   ,  0.0005 ,  -   ,  1 ,  0.04 ,  50.00 ,  70.00 ,  70.00 ,,NO,SI
,5214,  56 ,  -   ,  0.0002 , #VALUE!, #VALUE!, -, -,  0.04 ,  50.00 ,  70.00 ,  70.00 ,,NO,SI
,5214,  37 ,  -   ,  0.0002 , #VALUE!, #VALUE!, -, -,  0.04 ,  50.00 ,  70.00 ,  70.00 ,,NO,SI
,1907,"  5,024 ",  929 ,  0.0020 ,  0.0120 ,  0.0479 ,  6 ,  24 ,  0.35 ,  38.36 ,  125.00 ,  280.00 ,,NO,SI
,1908,  878 ,  192 ,  0.0001 ,  0.0009 ,  0.0526 ,  6 ,  360 ,  0.04 ,  27.50 ,  27.50 ,  190.00 ,,NO,SI
,1909,  915 ,  165 ,  0.0001 ,  0.0009 ,  0.0526 ,  6 ,  360 ,  0.04 ,  27.50 ,  27.50 ,  190.00 ,,NO,SI
,1910,  424 ,  76 ,  0.0004 ,  0.0025 ,  0.0395 ,  6 ,  96 ,  0.16 ,  37.00 ,  37.00 ,  275.00 ,,NO,SI
,1911,"  1,133 ",  149 ,  0.0027 ,  -   ,  0.0320 ,  -   ,  12 ,  1.40 ,  70.00 ,  95.00 ,  280.00 ,,NO,SI
,1912,"  1,354 ",  153 ,  0.0049 ,  -   ,  0.0294 ,  -   ,  6 ,  2.82 ,  80.00 ,  105.00 ,  380.00 ,,NO,SI
,1913,  108 ,  20 ,  0.0001 ,  -   ,  0.0206 ,  -   ,  200 ,#N/A,#N/A,#N/A,#N/A,,NO,SI
,1914,  346 ,  46 ,  0.0085 ,  -   ,  0.0341 ,  -   ,  4 ,  4.13 ,  110.00 ,  315.00 ,  225.00 ,,NO,SI
,1915,  254 ,  38 ,  0.0110 ,  -   ,  0.0330 ,  -   ,  3 ,  7.00 ,  150.00 ,  185.00 ,  250.00 ,,NO,SI
,1916,  10 ,  1 ,  0.0000 ,  0.0041 ,  0.0082 ,  100 ,  200 ,  -   ,  -   ,  -   ,  -   ,,NO,SI
,1917,"  1,584 ",  244 ,  0.0019 ,  0.0189 ,  0.1136 ,  10 ,  60 ,  0.25 ,  90.18 ,  280.00 ,  165.00 ,,NO,SI
,1918,  371 ,  64 ,  0.0006 ,  0.0058 ,  0.0698 ,  10 ,  120 ,  0.12 ,  32.80 ,  65.00 ,  330.00 ,,NO,SI
,1919,  353 ,  57 ,  0.0007 ,  0.0065 ,  0.0520 ,  10 ,  80 ,  0.16 ,  35.04 ,  65.00 ,  380.00 ,,NO,SI
,1920,  193 ,  26 ,  0.0008 ,  0.0076 ,  0.0458 ,  10 ,  60 ,  0.24 ,  35.20 ,  65.00 ,  430.00 ,,NO,SI
,1921,  60 ,  18 ,  0.0009 ,  0.0093 ,  0.0560 ,  10 ,  60 ,  0.36 ,  27.50 ,  110.00 ,  310.00 ,,NO,SI
,1922,  409 ,  53 ,  0.0006 ,  0.0058 ,  0.0697 ,  10 ,  120 ,  0.12 ,  33.00 ,  70.00 ,  335.00 ,,NO,SI
,1923,  325 ,  51 ,  0.0007 ,  0.0073 ,  0.0583 ,  10 ,  80 ,  0.16 ,  35.03 ,  65.00 ,  382.00 ,,NO,SI
,1924,  226 ,  48 ,  0.0009 ,  0.0086 ,  0.0515 ,  10 ,  60 ,  -   ,  -   ,  -   ,  -   ,,NO,SI
,1925,  102 ,  17 ,  0.0009 ,  0.0093 ,  0.0560 ,  10 ,  60 ,  0.36 ,  32.20 ,  65.00 ,  480.00 ,,NO,SI
,1926,"  1,446 ",  258 ,  0.0007 ,  0.0073 ,  0.0582 ,  10 ,  80 ,  0.22 ,  34.00 ,  70.00 ,  385.00 ,,NO,SI
,1927,  886 ,  178 ,  0.0008 ,  0.0077 ,  0.0459 ,  10 ,  60 ,  0.30 ,  33.00 ,  70.00 ,  435.00 ,,NO,SI
,1928,  413 ,  73 ,  0.0009 ,  0.0093 ,  0.0560 ,  10 ,  60 ,  -   ,  -   ,  -   ,  -   ,,NO,SI
,1929,"  7,201 ","  1,111 ",  0.0003 ,  -   ,  0.0168 ,  -   ,  50 ,  0.45 ,  27.17 ,  51.44 ,  205.00 ,,NO,SI
,1930,"  2,312 ",  354 ,  0.0085 ,  -   ,  0.0508 ,  -   ,  6 ,  -   ,  -   ,  -   ,  -   ,,NO,SI
,1931,"  3,557 ",  577 ,  0.0000 ,  0.0041 ,  0.0410 ,  100 ,"  1,000 ",  0.02 ,  6.50 ,  40.00 ,  165.00 ,,NO,SI
,1932,  623 ,  82 ,  0.0003 ,  0.0030 ,  0.0118 ,  10 ,  40 ,  0.32 ,  18.00 ,  120.00 ,  120.00 ,,NO,SI
,1933,  482 ,  55 ,  0.0003 ,  0.0029 ,  0.0118 ,  10 ,  40 ,  0.47 ,  18.50 ,  120.00 ,  120.00 ,,NO,SI
,1934,  204 ,  38 ,  0.0003 ,  0.0029 ,  0.0118 ,  10 ,  40 ,  0.45 ,  21.00 ,  130.00 ,  125.00 ,,NO,SI
,1935,  393 ,  53 ,  0.0004 ,  0.0041 ,  0.0124 ,  10 ,  30 ,  -   ,  -   ,  -   ,  -   ,,NO,SI
,1936,  43 ,  6 ,  0.0009 ,  0.0088 ,  0.0264 ,  10 ,  30 ,  0.60 ,  20.00 ,  130.00 ,  120.00 ,,NO,SI
,1937,  78 ,  12 ,  0.0004 ,  0.0042 ,  0.0125 ,  10 ,  30 ,  -   ,  -   ,  -   ,  -   ,,NO,SI
,1938,  94 ,  16 ,  0.0009 ,  0.0035 ,  0.0138 ,  4 ,  16 ,  0.80 ,  27.00 ,  150.00 ,  170.00 ,,NO,SI
,1939,  21 ,  5 ,  0.0008 ,  0.0033 ,  0.0132 ,  4 ,  16 ,  0.80 ,  27.00 ,  150.00 ,  170.00 ,,NO,SI
,1940,  59 ,  10 ,  0.0009 ,  0.0035 ,  0.0138 ,  4 ,  16 ,  0.80 ,  27.00 ,  150.00 ,  170.00 ,,NO,SI
,1941,  70 ,  12 ,  0.0009 ,  0.0035 ,  0.0138 ,  4 ,  16 ,  1.07 ,  26.00 ,  150.00 ,  170.00 ,,NO,SI
,1942,  21 ,  4 ,  0.0008 ,  0.0033 ,  0.0132 ,  4 ,  16 ,  1.06 ,  27.00 ,  150.00 ,  170.00 ,,NO,SI
,1943,  36 ,  4 ,  0.0009 ,  0.0035 ,  0.0138 ,  4 ,  16 ,  -   ,  -   ,  -   ,  -   ,,NO,SI
,1944,  67 ,  9 ,  0.0006 ,  0.0029 ,  0.0116 ,  5 ,  20 ,  0.56 ,  32.50 ,  160.00 ,  85.00 ,,NO,SI
,1945,  41 ,  7 ,  0.0006 ,  0.0029 ,  0.0116 ,  5 ,  20 ,  0.57 ,  33.50 ,  160.00 ,  85.00 ,,NO,SI
,1946,  45 ,  6 ,  0.0006 ,  0.0029 ,  0.0116 ,  5 ,  20 ,  0.53 ,  32.50 ,  160.00 ,  85.00 ,,NO,SI
,1947,  153 ,  24 ,  0.0002 ,  0.0021 ,  0.0084 ,  10 ,  40 ,  0.23 ,  17.00 ,  105.00 ,  95.00 ,,NO,SI
,1948,  189 ,  23 ,  0.0002 ,  0.0018 ,  0.0146 ,  10 ,  80 ,  -   ,  -   ,  -   ,  -   ,,NO,SI
,1949,  83 ,  9 ,  0.0002 ,  0.0018 ,  0.0146 ,  10 ,  80 ,  0.17 ,  12.00 ,  95.00 ,  130.00 ,,NO,SI
,1950,"  6,640 ",  674 ,  0.0008 ,  0.0092 ,  0.0370 ,  12 ,  48 ,  0.24 ,  77.00 ,  100.00 ,  320.00 ,,NO,SI
,1951,"  3,294 ",  440 ,  0.0008 ,  0.0092 ,  0.0370 ,  12 ,  48 ,  0.23 ,  75.00 ,  100.00 ,  320.00 ,,NO,SI
,1952,"  2,390 ",  368 ,  0.0008 ,  0.0098 ,  0.0391 ,  12 ,  48 ,  0.26 ,  75.00 ,  110.00 ,  335.00 ,,NO,SI
,1953,"  1,322 ",  207 ,  0.0008 ,  0.0098 ,  0.0391 ,  12 ,  48 ,  -   ,  -   ,  -   ,  -   ,,NO,SI
,1954,"  1,279 ",  217 ,  0.0008 ,  0.0097 ,  0.0390 ,  12 ,  48 ,  0.30 ,  81.79 ,  100.00 ,  330.00 ,,NO,SI
,1955,"  1,676 ",  223 ,  0.0008 ,  0.0097 ,  0.0390 ,  12 ,  48 ,  0.32 ,  74.00 ,  100.00 ,  310.00 ,,NO,SI
,1956,  763 ,  135 ,  0.0009 ,  0.0104 ,  0.0414 ,  12 ,  48 ,  0.35 ,  90.00 ,  110.00 ,  330.00 ,,NO,SI
,1957,"  2,153 ",  219 ,  0.0008 ,  0.0097 ,  0.0390 ,  12 ,  48 ,  0.42 ,  100.00 ,  120.00 ,  345.00 ,,NO,SI
,1958,"  3,247 ",  408 ,  0.0002 ,  0.0019 ,  0.0115 ,  10 ,  60 ,  0.30 ,  46.86 ,  46.86 ,  46.20 ,,NO,SI
,1959,"  2,260 ",  367 ,  0.0002 ,  0.0019 ,  0.0114 ,  10 ,  60 ,  0.28 ,  46.98 ,  46.98 ,  46.41 ,,NO,SI
,1960,  245 ,  34 ,  0.0002 ,  0.0018 ,  0.0214 ,  10 ,  120 ,  0.14 ,  14.50 ,  110.00 ,  85.00 ,,NO,SI
,1961,  346 ,  28 ,  0.0002 ,  0.0021 ,  0.0083 ,  10 ,  40 ,  0.03 ,  11.50 ,  11.50 ,  80.50 ,,NO,SI
,1962,  248 ,  46 ,  0.0020 ,  0.0102 ,  0.0406 ,  5 ,  20 ,  0.49 ,  60.00 ,  140.00 ,  245.00 ,,NO,SI
,1963,  34 ,  5 ,  0.0001 ,  -   ,  0.0110 ,  -   ,  200 ,  0.19 ,  52.60 ,  200.00 ,  185.00 ,,NO,SI
,1964,  12 ,  8 ,  0.0001 ,  -   ,  0.0001 ,  -   ,  1 ,  0.03 ,  20.00 ,  20.00 ,  66.60 ,,NO,SI
,1965,"  3,655 ",  579 ,  0.0014 ,  0.0139 ,  0.0695 ,  10 ,  50 ,  0.27 ,  27.30 ,  255.00 ,  260.00 ,,NO,SI
,1966,"  2,984 ",  502 ,  0.0015 ,  0.0152 ,  0.0761 ,  10 ,  50 ,  0.30 ,  27.21 ,  305.00 ,  260.00 ,,NO,SI
,1967,  907 ,  153 ,  0.0018 ,  0.0184 ,  0.1103 ,  10 ,  60 ,  0.23 ,  215.00 ,  145.00 ,  300.00 ,,NO,SI
,1968,"  1,077 ",  179 ,  0.0011 ,  0.0107 ,  0.0639 ,  10 ,  60 ,  0.24 ,  94.00 ,  145.00 ,  320.00 ,,NO,SI
,1969,"  1,599 ",  242 ,  0.0003 ,  0.0041 ,  0.0410 ,  12 ,  120 ,  0.17 ,  26.08 ,  150.00 ,  260.00 ,,NO,SI
,1970,"  5,756 ",  726 ,  0.0002 ,  0.0026 ,  0.0128 ,  12 ,  60 ,  0.11 ,  24.15 ,  100.00 ,  220.00 ,,NO,SI
,5216,  110 ,  -   ,  0.0005 ,  0.0064 ,  0.0319 ,  12 ,  60 ,  0.11 ,  24.20 ,  100.00 ,  220.00 ,,NO,SI
,1971,"  3,866 ",  607 ,  0.0003 ,  0.0030 ,  0.0151 ,  12 ,  60 ,  0.13 ,  25.00 ,  130.00 ,  230.00 ,,NO,SI
,1972,"  7,582 ","  1,051 ",  0.0003 ,  0.0030 ,  0.0152 ,  12 ,  60 ,  0.14 ,  25.00 ,  150.00 ,  230.00 ,,NO,SI
,1973,"  4,906 ",  697 ,  0.0015 ,  0.0186 ,  0.0928 ,  12 ,  60 ,  0.41 ,  110.00 ,  125.00 ,  325.00 ,,NO,SI
,1974,  869 ,  57 ,  0.0031 ,  0.0062 ,  0.0371 ,  2 ,  12 ,  0.90 ,  67.20 ,  195.00 ,  245.00 ,,NO,SI
,1975,"  5,729 ",  844 ,  0.0007 ,  -   ,  0.0146 ,  -   ,  20 ,  0.20 ,  425.00 ,  60.00 ,  60.00 ,,NO,SI
,1976,"  6,081 ",  804 ,  0.0021 ,  -   ,  0.0412 ,  -   ,  20 ,  0.43 ,  615.00 ,  100.00 ,  100.00 ,,NO,SI
,1977,"  1,105 ",  227 ,  0.0024 ,  0.0143 ,  0.0573 ,  6 ,  24 ,  0.53 ,  40.00 ,  300.00 ,  300.00 ,,NO,SI
,1978,  5 ,  5 ,  0.0002 ,  -   ,  0.0380 ,  -   ,  250 ,  0.01 ,  10.76 ,  81.30 ,  81.30 ,,NO,SI
,1979,"  3,277 ",  648 ,  0.0002 ,  0.0024 ,  0.0709 ,  12 ,  360 ,  0.04 ,  12.35 ,  85.00 ,  160.00 ,,NO,SI
,1980,"  2,116 ",  410 ,  0.0017 ,  0.0201 ,  0.0602 ,  12 ,  36 ,  0.62 ,  36.00 ,  130.00 ,  357.00 ,,NO,SI
,1981,"  2,087 ",  369 ,  0.0055 ,  -   ,  0.0554 ,  -   ,  10 ,  -   ,  -   ,  -   ,  -   ,,NO,SI
,1982,"  1,727 ",  314 ,  0.0040 ,  -   ,  0.0400 ,  -   ,  10 ,  1.03 ,  57.40 ,  250.00 ,  160.00 ,,NO,SI
,1983,"  1,631 ",  214 ,  0.0001 ,  -   ,  0.0405 ,  -   ,  500 ,  0.02 ,  27.20 ,  27.20 ,  130.00 ,,NO,SI
,1984,  172 ,  26 ,  0.0001 ,  -   ,  0.0200 ,  -   ,  200 ,  0.02 ,  22.81 ,  22.81 ,  86.54 ,,NO,SI
,1985,  956 ,  182 ,  0.0006 ,  -   ,  0.0122 ,  -   ,  20 ,  0.70 ,  21.65 ,  65.00 ,  130.00 ,,NO,SI
,1986,"  2,999 ",  524 ,  0.0006 ,  -   ,  0.0063 ,  -   ,  10 ,  -   ,  -   ,  -   ,  -   ,,NO,SI
,1987,"  1,571 ",  286 ,  0.0008 ,  -   ,  0.0077 ,  -   ,  10 ,  -   ,  -   ,  -   ,  -   ,,NO,SI
,1988,"  2,201 ",  368 ,  0.0007 ,  -   ,  0.0071 ,  -   ,  10 ,  -   ,  -   ,  -   ,  -   ,,NO,SI
,1989,  895 ,  115 ,  0.0012 ,  -   ,  0.0122 ,  -   ,  10 ,  -   ,  -   ,  -   ,  -   ,,NO,SI
,1990,"  2,478 ",  362 ,  0.0010 ,  -   ,  0.0097 ,  -   ,  10 ,  -   ,  -   ,  -   ,  -   ,,NO,SI
,1991,"  1,605 ",  231 ,  0.0009 ,  -   ,  0.0180 ,  -   ,  20 ,  -   ,  -   ,  -   ,  -   ,,NO,SI
,1992,"  1,760 ",  261 ,  0.0018 ,  -   ,  0.0288 ,  -   ,  16 ,  -   ,  -   ,  -   ,  -   ,,NO,SI
,1993,"  1,574 ",  234 ,  0.0018 ,  -   ,  0.0252 ,  -   ,  14 ,  -   ,  -   ,  -   ,  -   ,,NO,SI
,1994,"  1,115 ",  170 ,  0.0016 ,  -   ,  0.0190 ,  -   ,  12 ,  -   ,  -   ,  -   ,  -   ,,NO,SI
,1995,"  1,072 ",  173 ,  0.0030 ,  -   ,  0.0303 ,  -   ,  10 ,  -   ,  -   ,  -   ,  -   ,,NO,SI
,1996,"  14,743 ","  2,383 ",  0.0000 ,  -   ,  0.0260 ,  -   ,"  2,000 ",  0.01 ,  4.40 ,  39.50 ,  170.00 ,,NO,SI
,1997,"  10,889 ","  1,722 ",  0.0000 ,  -   ,  0.0200 ,  -   ,"  1,000 ",  0.01 ,  5.30 ,  40.00 ,  170.00 ,,NO,SI
,1998,"  14,462 ","  2,207 ",  0.0000 ,  -   ,  0.0250 ,  -   ,"  1,000 ",  0.02 ,  5.70 ,  39.92 ,  170.00 ,,NO,SI
,1999,"  3,019 ",  393 ,  0.0000 ,  -   ,  0.0250 ,  -   ,"  1,000 ",  0.02 ,  6.80 ,  39.70 ,  170.00 ,,NO,SI
,2000,"  13,450 ","  2,095 ",  0.0000 ,  -   ,  0.0224 ,  -   ,  700 ,  0.03 ,  8.15 ,  40.00 ,  190.00 ,,NO,SI
,2001,"  7,768 ","  1,202 ",  0.0000 ,  -   ,  0.0252 ,  -   ,  700 ,  0.05 ,  10.50 ,  40.00 ,  190.00 ,,NO,SI
,2002,"  3,182 ",  485 ,  0.0001 ,  -   ,  0.0260 ,  -   ,  500 ,  0.07 ,  12.36 ,  39.00 ,  220.00 ,,NO,SI
,2003,  514 ,  85 ,  0.0029 ,  -   ,  0.0571 ,  -   ,  20 ,  0.65 ,  110.00 ,  160.00 ,  137.00 ,,NO,SI
,2004,  957 ,  135 ,  0.0008 ,  -   ,  0.0326 ,  -   ,  40 ,  0.30 ,  60.00 ,  130.00 ,  95.00 ,,NO,SI
,2005,  892 ,  112 ,  0.0002 ,  0.0021 ,  0.0083 ,  10 ,  40 ,  0.23 ,  16.00 ,  105.00 ,  95.00 ,,NO,SI
,2006,  106 ,  11 ,  0.0003 ,  0.0029 ,  0.0118 ,  10 ,  40 ,  0.34 ,  19.00 ,  115.00 ,  115.00 ,,NO,SI
,2007,  104 ,  13 ,  0.0004 ,  0.0035 ,  0.0140 ,  10 ,  40 ,  0.45 ,  20.00 ,  115.00 ,  115.00 ,,NO,SI
,2008,  64 ,  10 ,  0.0009 ,  0.0035 ,  0.0138 ,  4 ,  16 ,  0.74 ,  27.00 ,  150.00 ,  170.00 ,,NO,SI
,2009,  722 ,  101 ,  0.0004 ,  0.0097 ,  0.0387 ,  25 ,  100 ,  0.16 ,  27.95 ,  140.00 ,  120.00 ,,NO,SI
,2010,  88 ,  9 ,  0.0006 ,  0.0029 ,  0.0116 ,  5 ,  20 ,  0.44 ,  33.00 ,  160.00 ,  85.00 ,,NO,SI
,2012,  13 ,  285 ,  0.0020 ,  -   ,  0.0818 ,  -   ,  40 ,  0.36 ,  80.00 ,  80.00 ,  270.00 ,,NO,SI
,5217,  558 ,  -   ,  0.0017 , #VALUE!,  0.0691 , -,  40 ,  0.36 ,  80.00 ,  80.00 ,  270.00 ,,NO,SI
,5217,  27 ,  -   ,  0.0017 , #VALUE!,  0.0691 , -,  40 ,  0.36 ,  80.00 ,  80.00 ,  270.00 ,,NO,SI
,5217,  627 ,  -   ,  0.0017 , #VALUE!,  0.0691 , -,  40 ,  0.36 ,  80.00 ,  80.00 ,  270.00 ,,NO,SI
,2013,  200 ,  39 ,  0.0008 ,  -   ,  0.0188 ,  -   ,  25 ,  -   ,  -   ,  -   ,  -   ,,NO,SI
,2014,"  2,257 ",  387 ,  0.0003 ,  0.0034 ,  0.0341 ,  10 ,  100 ,  0.05 ,  39.00 ,  80.00 ,  135.00 ,,NO,SI
,2015,  22 ,  5 ,  0.0000 ,  -   ,  0.0130 ,  -   ,"  1,000 ",  0.01 ,  1.00 ,  39.10 ,  39.10 ,,NO,SI
,5220,  13 ,  -   ,  0.0000 , #VALUE!,  0.0015 , -,"  1,000 ",  0.01 ,  1.00 ,  39.10 ,  39.10 ,,NO,SI
,2016,  18 ,  11 ,  0.0000 ,  -   ,  0.0270 ,  -   ,"  1,000 ",  0.01 ,  40.00 ,  40.00 ,  5.60 ,,NO,SI
,5221,  37 ,  -   ,  0.0000 , #VALUE!,  0.0090 , -,"  1,000 ",  0.01 ,  40.00 ,  40.00 ,  5.60 ,,NO,SI
,2017,  22 ,  18 ,  0.0000 ,  -   ,  0.0090 ,  -   ,  500 ,  0.02 ,  20.80 ,  20.80 ,  13.15 ,,NO,SI
,5222,  38 ,  -   ,  0.0000 , #VALUE!,  0.0028 , -,  500 ,  0.02 ,  20.80 ,  20.80 ,  13.20 ,,NO,SI
,2018,  324 ,  46 ,  0.0000 ,  -   ,  0.0140 ,  -   ,"  2,800 ",  0.01 ,  2.00 ,  2.00 ,  52.50 ,,NO,SI
,2019,  682 ,  112 ,  0.0000 ,  -   ,  0.0147 ,  -   ,"  2,100 ",  0.01 ,  2.50 ,  2.50 ,  60.50 ,,NO,SI
,2020,"  1,450 ",  187 ,  0.0000 ,  -   ,  0.0154 ,  -   ,"  1,400 ",  0.02 ,  3.00 ,  30.55 ,  68.62 ,,NO,SI
,2021,"  1,897 ",  277 ,  0.0000 ,  -   ,  0.0091 ,  -   ,  700 ,  0.03 ,  3.40 ,  35.45 ,  77.25 ,,NO,SI
,2022,"  2,534 ",  293 ,  0.0001 ,  0.0016 ,  0.0191 ,  30 ,  360 ,  0.06 ,  4.60 ,  43.82 ,  90.65 ,,NO,SI
,2023,"  2,234 ",  282 ,  0.0001 ,  0.0013 ,  0.0158 ,  20 ,  240 ,  0.10 ,  5.70 ,  53.30 ,  105.00 ,,NO,SI
,2024,  457 ,  56 ,  0.0001 ,  0.0016 ,  0.0191 ,  15 ,  180 ,  0.12 ,  6.50 ,  6.50 ,  115.00 ,,NO,SI
,2025,"  1,356 ",  195 ,  0.0001 ,  0.0015 ,  0.0135 ,  15 ,  135 ,  0.15 ,  6.40 ,  60.00 ,  120.00 ,,NO,SI
,2026,  527 ,  72 ,  0.0001 ,  0.0012 ,  0.0146 ,  10 ,  120 ,  0.21 ,  8.00 ,  8.00 ,  130.00 ,,NO,SI
,2027,  533 ,  79 ,  0.0002 ,  0.0016 ,  0.0095 ,  10 ,  60 ,  0.30 ,  9.00 ,  9.00 ,  150.00 ,,NO,SI
,2028,  167 ,  26 ,  0.0003 ,  0.0015 ,  0.0134 ,  5 ,  45 ,  0.40 ,  10.50 ,  100.00 ,  140.00 ,,NO,SI
,2029,  257 ,  36 ,  0.0003 ,  0.0014 ,  0.0129 ,  5 ,  45 ,  0.52 ,  11.50 ,  11.50 ,  150.00 ,,NO,SI
,2030,  955 ,  110 ,  0.0001 ,  0.0014 ,  0.0085 ,  10 ,  60 ,  0.33 ,  13.50 ,  13.50 ,  145.00 ,,NO,SI
,2031,  516 ,  69 ,  0.0002 ,  0.0027 ,  0.0107 ,  12 ,  48 ,  0.51 ,  16.00 ,  16.00 ,  170.00 ,,NO,SI
,2032,  383 ,  46 ,  0.0002 ,  0.0027 ,  0.0082 ,  18 ,  54 ,  -   ,  -   ,  -   ,  -   ,,NO,SI
,2033,  211 ,  30 ,  0.0002 ,  -   ,  0.0043 ,  -   ,  24 ,  0.60 ,  26.50 ,  26.50 ,  190.00 ,,NO,SI
,2034,  163 ,  22 ,  0.0004 ,  -   ,  0.0058 ,  -   ,  16 ,  0.92 ,  25.50 ,  25.50 ,  215.00 ,,NO,SI
,2035,  51 ,  13 ,  0.0004 ,  -   ,  0.0056 ,  -   ,  16 ,  1.23 ,  27.50 ,  27.50 ,  245.00 ,,NO,SI
,2036,  70 ,  14 ,  0.0000 ,  -   ,  0.0125 ,  -   ,  960 ,  0.01 ,  1.80 ,  1.80 ,  47.00 ,,NO,SI
,2037,  99 ,  17 ,  0.0000 ,  -   ,  0.0125 ,  -   ,  960 ,  0.01 ,  2.50 ,  2.50 ,  50.00 ,,NO,SI
,2038,  184 ,  23 ,  0.0000 ,  -   ,  0.0126 ,  -   ,"  1,400 ",  0.01 ,  3.00 ,  3.00 ,  58.50 ,,NO,SI
,2039,  93 ,  15 ,  0.0000 ,  -   ,  0.0119 ,  -   ,  700 ,  0.02 ,  3.50 ,  3.50 ,  61.00 ,,NO,SI
,2040,  194 ,  32 ,  0.0000 ,  -   ,  0.0119 ,  -   ,  700 ,  0.03 ,  3.50 ,  3.50 ,  80.00 ,,NO,SI
,2041,  128 ,  18 ,  0.0000 ,  -   ,  0.0118 ,  -   ,  560 ,  0.04 ,  31.00 ,  31.00 ,  85.00 ,,NO,SI
,2042,  612 ,  31 ,  0.0001 ,  0.0016 ,  0.0191 ,  30 ,  360 ,  0.05 ,  5.00 ,  40.00 ,  90.00 ,,NO,SI
,2043,  630 ,  74 ,  0.0001 ,  0.0016 ,  0.0190 ,  20 ,  240 ,  0.08 ,  5.50 ,  5.50 ,  95.00 ,,NO,SI
,2044,  150 ,  33 ,  0.0001 ,  0.0015 ,  0.0184 ,  15 ,  180 ,  0.02 ,  6.50 ,  6.50 ,  110.00 ,,NO,SI
,2045,  222 ,  36 ,  0.0001 ,  0.0015 ,  0.0134 ,  15 ,  135 ,  0.17 ,  7.50 ,  7.50 ,  125.00 ,,NO,SI
,2046,  147 ,  21 ,  0.0002 ,  0.0016 ,  0.0096 ,  10 ,  60 ,  0.30 ,  9.00 ,  9.00 ,  140.00 ,,NO,SI
,2047,  230 ,  22 ,  0.0003 ,  0.0016 ,  0.0142 ,  5 ,  45 ,  0.47 ,  16.00 ,  16.00 ,  125.00 ,,NO,SI
,2048,  285 ,  37 ,  0.0002 ,  0.0027 ,  0.0108 ,  12 ,  48 ,  0.39 ,  15.00 ,  15.00 ,  135.50 ,,NO,SI
,2049,  157 ,  24 ,  0.0001 ,  -   ,  0.0090 ,  -   ,  72 ,  0.37 ,  18.50 ,  18.50 ,  165.00 ,,NO,SI
,2050,  63 ,  9 ,  0.0002 ,  -   ,  0.0043 ,  -   ,  24 ,  0.60 ,  22.00 ,  22.00 ,  190.00 ,,NO,SI
,2051,  60 ,  8 ,  0.0004 ,  -   ,  0.0068 ,  -   ,  16 ,  0.93 ,  25.00 ,  25.00 ,  220.00 ,,NO,SI
,2052,"  7,315 ","  1,188 ",  0.0006 ,  0.0064 ,  0.0386 ,  10 ,  60 ,  0.33 ,  25.50 ,  110.00 ,  215.00 ,,NO,SI
,2053,"  3,474 ",  552 ,  0.0006 ,  0.0064 ,  0.0386 ,  10 ,  60 ,  0.30 ,  26.00 ,  110.00 ,  215.00 ,,NO,SI
,2054,  11 ,  2 ,  0.0001 ,  -   ,  0.0044 ,  -   ,  80 ,  0.05 ,  20.00 ,  20.00 ,  66.55 ,,NO,SI
,2055,  43 ,  20 ,  0.0002 ,  -   ,  0.0150 ,  -   ,  100 ,  -   ,  -   ,  -   ,  -   ,,NO,SI
,2056,  248 ,  20 ,  0.0002 ,  -   ,  0.0150 ,  -   ,  100 ,#N/A,#N/A,#N/A,#N/A,,NO,SI
,2057,  656 ,  103 ,  0.0002 ,  -   ,  0.0150 ,  -   ,  100 ,  0.03 ,  15.00 ,  100.00 ,  140.00 ,,NO,SI
,2058,"  2,689 ",  442 ,  0.0002 ,  -   ,  0.0150 ,  -   ,  100 ,  0.03 ,  16.20 ,  100.00 ,  175.00 ,,NO,SI
,2059,  732 ,  112 ,  0.0002 ,  -   ,  0.0150 ,  -   ,  100 ,  0.04 ,  15.15 ,  95.00 ,  225.00 ,,NO,SI
,2060,"  1,457 ",  113 ,  0.0003 ,  -   ,  0.0150 ,  -   ,  50 ,  0.07 ,  25.75 ,  115.00 ,  240.00 ,,NO,SI
,2061,"  4,061 ",  463 ,  0.0003 ,  -   ,  0.0150 ,  -   ,  50 ,  0.16 ,  25.40 ,  135.00 ,  280.00 ,,NO,SI
,2062,  883 ,  107 ,  0.0003 ,  -   ,  0.0150 ,  -   ,  50 ,  0.09 ,  17.25 ,  140.00 ,  330.00 ,,NO,SI
,2063,"  3,119 ",  423 ,  0.0003 ,  -   ,  0.0150 ,  -   ,  50 ,  0.10 ,  19.00 ,  130.00 ,  325.00 ,,NO,SI
,2064,  124 ,  24 ,  0.0004 ,  -   ,  0.0150 ,  -   ,  40 ,  0.11 ,  21.00 ,  140.00 ,  340.00 ,,NO,SI
,2065,  441 ,  84 ,  0.0004 ,  -   ,  0.0150 ,  -   ,  40 ,  0.11 ,  18.44 ,  125.00 ,  320.00 ,,NO,SI
,2066,  290 ,  50 ,  0.0004 ,  -   ,  0.0300 ,  -   ,  80 ,  0.12 ,  20.00 ,  125.00 ,  315.00 ,,NO,SI
,2067,"  1,920 ",  311 ,  0.0004 ,  -   ,  0.0300 ,  -   ,  80 ,#N/A,#N/A,#N/A,#N/A,,NO,SI
,2068,"  1,649 ",  274 ,  0.0005 ,  -   ,  0.0300 ,  -   ,  60 ,  0.15 ,  22.20 ,  140.00 ,  390.00 ,,NO,SI
,2069,  130 ,  25 ,  0.0004 ,  -   ,  0.0150 ,  -   ,  40 ,  0.11 ,  23.00 ,  130.00 ,  320.00 ,,NO,SI
,2070,  608 ,  110 ,  0.0004 ,  -   ,  0.0150 ,  -   ,  40 ,  0.11 ,  27.00 ,  130.00 ,  240.00 ,,NO,SI
,2071,  401 ,  47 ,  0.0004 ,  -   ,  0.0150 ,  -   ,  40 ,  0.12 ,  27.00 ,  120.00 ,  290.00 ,,NO,SI
,2072,"  2,330 ",  406 ,  0.0004 ,  -   ,  0.0150 ,  -   ,  40 ,  0.14 ,  26.50 ,  130.00 ,  325.00 ,,NO,SI
,2073,  43 ,  9 ,  0.0003 ,  -   ,  0.0150 ,  -   ,  50 ,#N/A,#N/A,#N/A,#N/A,,NO,SI
,2074,  523 ,  96 ,  0.0003 ,  -   ,  0.0150 ,  -   ,  50 ,  0.15 ,  30.00 ,  135.00 ,  330.00 ,,NO,SI
,2075,  296 ,  58 ,  0.0006 ,  -   ,  0.0300 ,  -   ,  50 ,  0.15 ,  36.00 ,  115.00 ,  330.00 ,,NO,SI
,2076,"  2,991 ",  477 ,  0.0006 ,  -   ,  0.0300 ,  -   ,  50 ,  0.07 ,  14.80 ,  125.00 ,  160.00 ,,NO,SI
,2077,  418 ,  78 ,  0.0006 ,  -   ,  0.0300 ,  -   ,  50 ,  0.19 ,  33.00 ,  130.00 ,  390.00 ,,NO,SI
,2078,"  3,238 ",  600 ,  0.0006 ,  -   ,  0.0300 ,  -   ,  50 ,  -   ,  -   ,  -   ,  -   ,,NO,SI
,2079,  118 ,  19 ,  0.0006 ,  -   ,  0.0300 ,  -   ,  50 ,  0.20 ,  31.28 ,  135.00 ,  390.00 ,,NO,SI
,2080,  139 ,  27 ,  0.0008 ,  -   ,  0.0300 ,  -   ,  40 ,  0.26 ,  32.50 ,  115.00 ,  480.00 ,,NO,SI
,2081,"  1,413 ",  157 ,  0.0008 ,  -   ,  0.0300 ,  -   ,  40 ,  0.25 ,  22.50 ,  120.00 ,  470.00 ,,NO,SI
,2082,  121 ,  19 ,  0.0008 ,  -   ,  0.0300 ,  -   ,  40 ,#N/A,#N/A,#N/A,#N/A,,NO,SI
,2083,  233 ,  50 ,  0.0008 ,  -   ,  0.0300 ,  -   ,  40 ,  0.26 ,  30.00 ,  115.00 ,  480.00 ,,NO,SI
,2084,"  1,357 ",  257 ,  0.0008 ,  -   ,  0.0300 ,  -   ,  40 ,  0.28 ,  24.50 ,  160.00 ,  550.00 ,,NO,SI
,2085,  80 ,  16 ,  0.0012 ,  -   ,  0.0300 ,  -   ,  25 ,  0.40 ,  54.00 ,  160.00 ,  320.00 ,,NO,SI
,2086,  996 ,  146 ,  0.0012 ,  -   ,  0.0300 ,  -   ,  25 ,  0.36 ,  38.00 ,  140.00 ,  495.00 ,,NO,SI
,2087,  505 ,  91 ,  0.0015 ,  -   ,  0.0300 ,  -   ,  20 ,  0.43 ,  45.00 ,  160.00 ,  480.00 ,,NO,SI
,2088,  788 ,  122 ,  0.0015 ,  -   ,  0.0300 ,  -   ,  20 ,  -   ,  -   ,  -   ,  -   ,,NO,SI
,2089,  455 ,  77 ,  0.0030 ,  -   ,  0.0300 ,  -   ,  10 ,  0.58 ,  57.00 ,  150.00 ,  480.00 ,,NO,SI
,2090,  234 ,#N/A,  0.0072 ,  -   ,  0.0361 ,  -   ,  5 ,  0.96 ,  77.30 ,  170.00 ,  550.00 ,,NO,SI
,2091,  130 ,#N/A,  0.0111 ,  -   ,  0.0555 ,  -   ,  5 ,  1.20 ,  85.00 ,  175.00 ,  750.00 ,,NO,SI
,2092,  160 ,#N/A,  0.0091 ,  -   ,  0.0454 ,  -   ,  5 ,  6.85 ,  104.00 ,  104.00 ,  840.00 ,,NO,SI
,2093,"  4,006 ",  604 ,  0.0035 ,  0.0419 ,  0.0839 ,  12 ,  24 ,  0.80 ,  66.00 ,  210.00 ,  470.00 ,,NO,SI
,2095,"  1,926 ",  250 ,  0.0001 ,  -   ,  0.0420 ,  -   ,  300 ,  0.01 ,  54.02 ,  54.02 ,  105.00 ,,NO,SI
,2096,"  1,787 ",  295 ,  0.0000 ,  0.0022 ,  0.0088 ,  100 ,  400 ,  -   ,  -   ,  -   ,  -   ,,NO,SI
,2097,"  3,538 ",  613 ,  0.0000 ,  0.0022 ,  0.0086 ,  50 ,  200 ,  -   ,  -   ,  -   ,  -   ,,NO,SI
,2098,  250 ,  33 ,  0.0002 ,  -   ,  0.0900 ,  -   ,  500 ,  0.01 ,  51.25 ,  51.25 ,  14.30 ,,NO,SI
,2099,"  2,051 ",  375 ,  0.0004 ,  0.0026 ,  0.0517 ,  6 ,  120 ,  0.09 ,  30.50 ,  30.50 ,  400.00 ,,NO,SI
,2100,"  2,252 ",  423 ,  0.0004 ,  0.0026 ,  0.0527 ,  6 ,  120 ,  0.13 ,  33.20 ,  33.20 ,  410.00 ,,NO,SI
,2101,"  2,412 ",  412 ,  0.0000 ,  0.0001 ,  0.0010 ,  10 ,  200 ,  -   ,  -   ,  -   ,  -   ,,NO,SI
,2102,"  2,467 ",  305 ,  0.0000 ,  0.0001 ,  0.0009 ,  10 ,  100 ,  -   ,  -   ,  -   ,  -   ,,NO,SI
,2103,"  2,574 ",  357 ,  0.0000 ,  0.0073 ,  0.0145 ,  250 ,  500 ,  0.04 ,  6.00 ,  33.00 ,  215.00 ,,NO,SI
,2104,"  2,932 ",  449 ,  0.0000 ,  0.0073 ,  0.0145 ,  250 ,  500 ,  0.03 ,  6.50 ,  31.90 ,  215.00 ,,NO,SI
,2105,"  3,086 ",  495 ,  0.0000 ,  0.0078 ,  0.0155 ,  250 ,  500 ,  0.04 ,  7.30 ,  33.59 ,  215.00 ,,NO,SI
,2106,"  2,674 ",  408 ,  0.0000 ,  0.0078 ,  0.0155 ,  250 ,  500 ,  0.04 ,  7.70 ,  32.08 ,  215.00 ,,NO,SI
,2107,"  2,032 ",  332 ,  0.0000 ,  0.0083 ,  0.0165 ,  250 ,  500 ,  0.05 ,  7.34 ,  31.54 ,  215.00 ,,NO,SI
,2108,"  2,543 ",  395 ,  0.0000 ,  0.0083 ,  0.0165 ,  250 ,  500 ,  0.04 ,  7.25 ,  33.18 ,  215.00 ,,NO,SI
,2109,"  2,316 ",  381 ,  0.0000 ,  0.0080 ,  0.0160 ,  250 ,  500 ,  0.05 ,  6.66 ,  32.91 ,  215.00 ,,NO,SI
,2110,"  4,690 ",  745 ,  0.0000 ,  0.0085 ,  0.0170 ,  250 ,  500 ,  0.05 ,  6.80 ,  33.00 ,  215.00 ,,NO,SI
,2111,"  4,474 ",  548 ,  0.0000 ,  0.0085 ,  0.0170 ,  250 ,  500 ,  0.08 ,  17.40 ,  69.84 ,  119.76 ,,NO,SI
,2112,"  4,595 ",  750 ,  0.0000 ,  0.0085 ,  0.0170 ,  250 ,  500 ,  0.05 ,  7.59 ,  38.96 ,  215.00 ,,NO,SI
,2113,"  1,541 ",  248 ,  0.0000 ,  0.0069 ,  0.0138 ,  150 ,  300 ,  0.06 ,  7.40 ,  38.11 ,  215.00 ,,NO,SI
,2114,"  1,379 ",  213 ,  0.0000 ,  0.0069 ,  0.0138 ,  150 ,  300 ,  0.06 ,  7.40 ,  40.00 ,  215.00 ,,NO,SI
,2115,"  1,927 ",  256 ,  0.0001 ,  0.0084 ,  0.0168 ,  150 ,  300 ,  0.06 ,  7.50 ,  50.00 ,  170.00 ,,NO,SI
,2116,"  1,289 ",  179 ,  0.0001 ,  0.0084 ,  0.0168 ,  150 ,  300 ,  0.06 ,  7.47 ,  47.50 ,  215.00 ,,NO,SI
,2117,"  1,353 ",  236 ,  0.0001 ,  0.0084 ,  0.0168 ,  150 ,  300 ,  0.06 ,  7.62 ,  48.38 ,  215.00 ,,NO,SI
,2118,"  9,170 ","  1,275 ",  0.0007 ,  0.0014 ,  0.0140 ,  2 ,  20 ,  0.66 ,  32.00 ,  115.00 ,  115.00 ,,NO,SI
,2119,"  3,050 ",  434 ,  0.0007 ,  0.0014 ,  0.0140 ,  2 ,  20 ,  0.76 ,  32.00 ,  115.00 ,  115.00 ,,NO,SI
,2120,"  13,811 ","  2,173 ",  0.0007 ,  0.0015 ,  0.0145 ,  2 ,  20 ,  0.88 ,  40.00 ,  115.00 ,  115.00 ,,NO,SI
,2121,"  12,664 ","  2,009 ",  0.0009 ,  0.0043 ,  0.0172 ,  5 ,  20 ,  0.92 ,  20.00 ,  180.00 ,  180.00 ,,NO,SI
,2122,"  7,268 ","  1,043 ",  0.0018 ,  0.0088 ,  0.0175 ,  5 ,  10 ,  1.86 ,  23.00 ,  230.00 ,  230.00 ,,NO,SI
,2123,"  29,030 ","  4,374 ",  0.0001 ,  0.0012 ,  0.0461 ,  12 ,  480 ,  0.02 ,  12.12 ,  35.00 ,  225.00 ,,NO,SI
,2124,"  31,224 ","  4,846 ",  0.0001 ,  0.0018 ,  0.0715 ,  12 ,  480 ,  0.03 ,  13.37 ,  50.00 ,  230.00 ,,NO,SI
,2125,"  36,936 ","  5,607 ",  0.0001 ,  0.0018 ,  0.0353 ,  12 ,  240 ,  0.04 ,  12.30 ,  60.00 ,  236.00 ,,NO,SI
,2126,"  18,949 ","  3,014 ",  0.0004 ,  0.0026 ,  0.1022 ,  6 ,  240 ,  0.05 ,  15.50 ,  75.00 ,  245.00 ,,NO,SI
,2127,"  11,369 ","  1,696 ",  0.0006 ,  0.0034 ,  0.0678 ,  6 ,  120 ,  -   ,  -   ,  -   ,  -   ,,NO,SI
,2128,"  6,584 ","  1,050 ",  0.0005 ,  0.0028 ,  0.0558 ,  6 ,  120 ,  0.08 ,  16.00 ,  125.00 ,  255.00 ,,NO,SI
,2129,  630 ,  134 ,  0.0002 ,  0.0020 ,  0.0806 ,  12 ,  480 ,  0.03 ,  9.68 ,  28.09 ,  126.00 ,,NO,SI
,2130,  752 ,  186 ,  0.0002 ,  0.0023 ,  0.0902 ,  12 ,  480 ,  0.05 ,  15.80 ,  40.00 ,  240.00 ,,NO,SI
,2131,  798 ,  158 ,  0.0003 ,  0.0035 ,  0.0694 ,  12 ,  240 ,  0.08 ,  18.11 ,  53.00 ,  260.00 ,,NO,SI
,2132,  419 ,  92 ,  0.0005 ,  0.0029 ,  0.1147 ,  6 ,  240 ,  0.09 ,  19.01 ,  65.00 ,  270.00 ,,NO,SI
,2133,  245 ,  63 ,  0.0005 ,  0.0027 ,  0.0541 ,  6 ,  120 ,  0.12 ,  20.24 ,  80.00 ,  270.00 ,,NO,SI
,2134,  253 ,  36 ,  0.0008 ,  0.0047 ,  0.0931 ,  6 ,  120 ,  0.20 ,  23.94 ,  105.00 ,  300.00 ,,NO,SI
,2135,"  3,630 ",  413 ,  0.0014 ,  0.0344 ,  0.0688 ,  25 ,  50 ,  0.17 ,  62.86 ,  190.00 ,  225.00 ,,NO,SI
,2136,"  1,948 ",  207 ,  0.0009 ,  0.0214 ,  0.0428 ,  25 ,  50 ,  0.13 ,  37.00 ,  150.00 ,  200.00 ,,NO,SI
,2137,  627 ,  105 ,  0.0043 ,  -   ,  0.0425 ,  -   ,  10 ,  -   ,  -   ,  -   ,  -   ,,NO,SI
,2141,  237 ,  44 ,  0.0000 ,  0.0096 ,  0.0192 ,  200 ,  400 ,  0.01 ,  17.50 ,  17.50 ,  73.50 ,,NO,SI
,2142,  280 ,  53 ,  0.0000 ,  0.0064 ,  0.0128 ,  200 ,  400 ,#N/A,#N/A,#N/A,#N/A,,NO,SI
,2143,  847 ,  151 ,  0.0000 ,  0.0076 ,  0.0152 ,  200 ,  400 ,  0.01 ,  17.58 ,  17.40 ,  71.33 ,,NO,SI
,2144,  459 ,  79 ,  0.0000 ,  0.0096 ,  0.0192 ,  200 ,  400 ,  0.01 ,  18.33 ,  16.82 ,  73.56 ,,NO,SI
,2145,  684 ,  120 ,  0.0000 ,  0.0096 ,  0.0192 ,  200 ,  400 ,  0.01 ,  17.61 ,  17.73 ,  70.34 ,,NO,SI
,2146,  395 ,  80 ,  0.0000 ,  0.0096 ,  0.0192 ,  200 ,  400 ,  0.01 ,  17.54 ,  17.76 ,  69.83 ,,NO,SI
,2147,"  2,214 ",  378 ,  0.0000 ,  0.0096 ,  0.0192 ,  200 ,  400 ,  0.02 ,  17.41 ,  18.10 ,  71.77 ,,NO,SI
,2148,  973 ,  173 ,  0.0000 ,  0.0096 ,  0.0192 ,  200 ,  400 ,  -   ,  -   ,  -   ,  -   ,,NO,SI
,2149,"  2,390 ",  403 ,  0.0000 ,  0.0096 ,  0.0192 ,  200 ,  400 ,  0.02 ,  17.72 ,  17.65 ,  73.33 ,,NO,SI
,2150,"  2,159 ",  315 ,  0.0000 ,  0.0070 ,  0.0140 ,  200 ,  400 ,  0.03 ,  17.48 ,  17.75 ,  73.92 ,,NO,SI
,2151,"  4,564 ",  738 ,  0.0000 ,  0.0096 ,  0.0192 ,  200 ,  400 ,  0.03 ,  17.46 ,  17.87 ,  73.67 ,,NO,SI
,2152,  516 ,  81 ,  0.0022 ,  -   ,  0.0217 ,  -   ,  10 ,  1.53 ,  27.42 ,  190.00 ,  295.00 ,,NO,SI
,2153,  132 ,  22 ,  0.0043 ,  -   ,  0.0259 ,  -   ,  6 ,  2.73 ,  34.07 ,  265.00 ,  370.00 ,,NO,SI
,2154,  279 ,  26 ,  0.0090 ,  -   ,  0.0271 ,  -   ,  3 ,  -   ,  -   ,  -   ,  -   ,,NO,SI
,2155,"  1,526 ",  263 ,  0.0000 ,  0.0096 ,  0.0192 ,  200 ,  400 ,  0.03 ,  17.01 ,  17.79 ,  76.89 ,,NO,SI
,2156,"  2,166 ",  380 ,  0.0000 ,  0.0096 ,  0.0192 ,  200 ,  400 ,  0.04 ,  17.42 ,  17.71 ,  82.40 ,,NO,SI
,2157,  29 ,  6 ,  0.0001 ,  0.0006 ,  0.0318 ,  5 ,  250 ,  0.03 ,  15.00 ,  75.70 ,  75.70 ,,NO,SI
,2158,  72 ,  11 ,  0.0003 ,  0.0014 ,  0.0678 ,  5 ,  250 ,  0.05 ,  15.50 ,  100.00 ,  100.00 ,,NO,SI
,2159,  19 ,  7 ,  0.0005 ,  0.0023 ,  0.0458 ,  5 ,  100 ,  0.10 ,  15.05 ,  155.00 ,  155.00 ,,NO,SI
,2160,  57 ,  15 ,  0.0002 ,  0.0011 ,  0.0550 ,  5 ,  250 ,  0.07 ,  15.00 ,  95.00 ,  115.00 ,,NO,SI
,2161,  111 ,  21 ,  0.0004 ,  0.0018 ,  0.0893 ,  5 ,  250 ,  0.09 ,  15.00 ,  100.00 ,  100.00 ,,NO,SI
,2162,  53 ,  13 ,  0.0006 ,  0.0032 ,  0.0642 ,  5 ,  100 ,  0.15 ,  14.87 ,  150.00 ,  150.00 ,,NO,SI
,2163,  85 ,  20 ,  0.0001 ,  -   ,  0.0148 ,  -   ,  200 ,  0.18 ,  16.00 ,  58.35 ,  74.30 ,,NO,SI
,2164,"  1,662 ",  230 ,  0.0016 ,  -   ,  0.0645 ,  -   ,  40 ,  0.46 ,  45.00 ,  125.00 ,  385.00 ,,NO,SI
,2165,"  1,416 ",  124 ,  0.0003 ,  -   ,  0.0334 ,  -   ,  100 ,  0.15 ,  17.20 ,  75.00 ,  305.00 ,,NO,SI
,2166,  554 ,  82 ,  0.0059 ,  -   ,  0.0595 ,  -   ,  10 ,  1.76 ,  85.00 ,  195.00 ,  290.00 ,,NO,SI
,2167,  602 ,  69 ,  0.0000 ,  0.0024 ,  0.0096 ,  50 ,  200 ,  0.01 ,  6.50 ,  55.00 ,  90.00 ,,NO,SI
,2168,"  2,155 ",  366 ,  0.0000 ,  0.0024 ,  0.0096 ,  50 ,  200 ,  0.03 ,  7.70 ,  52.82 ,  89.20 ,,NO,SI
,2169,"  1,757 ",  287 ,  0.0001 ,  0.0046 ,  0.0184 ,  50 ,  200 ,  0.05 ,  9.90 ,  60.00 ,  100.96 ,,NO,SI
,2170,"  1,464 ",  230 ,  0.0001 ,  0.0027 ,  0.0106 ,  50 ,  200 ,  0.03 ,  12.50 ,  60.00 ,  110.00 ,,NO,SI
,2171,  424 ,  82 ,  0.0001 ,  0.0046 ,  0.0184 ,  50 ,  200 ,  0.05 ,  15.00 ,  60.00 ,  110.00 ,,NO,SI
,2172,"  1,391 ",  242 ,  0.0000 ,  0.0096 ,  0.0192 ,  200 ,  400 ,  0.05 ,  17.62 ,  17.38 ,  82.94 ,,NO,SI
,2173,"  4,368 ",  710 ,  0.0000 ,  0.0096 ,  0.0192 ,  200 ,  400 ,  0.06 ,  17.04 ,  17.73 ,  89.16 ,,NO,SI
,2174,"  1,882 ",  319 ,  0.0001 ,  0.0095 ,  0.0190 ,  100 ,  200 ,  0.07 ,  25.20 ,  25.15 ,  99.75 ,,NO,SI
,2175,"  1,431 ",  244 ,  0.0001 ,  0.0095 ,  0.0190 ,  100 ,  200 ,  0.07 ,  25.72 ,  25.39 ,  98.44 ,,NO,SI
,2176,  678 ,  120 ,  0.0001 ,  0.0095 ,  0.0190 ,  100 ,  200 ,  0.09 ,  25.75 ,  25.47 ,  104.58 ,,NO,SI
,2177,"  4,109 ",  682 ,  0.0001 ,  0.0095 ,  0.0190 ,  100 ,  200 ,  0.11 ,  25.89 ,  25.86 ,  103.00 ,,NO,SI
,2178,"  1,416 ",  262 ,  0.0001 ,  0.0095 ,  0.0190 ,  100 ,  200 ,  0.13 ,  26.20 ,  25.70 ,  112.10 ,,NO,SI
,2179,  840 ,  163 ,  0.0001 ,  0.0087 ,  0.0174 ,  75 ,  150 ,  0.12 ,  25.15 ,  24.68 ,  110.08 ,,NO,SI
,2180,  417 ,  71 ,  0.0001 ,  0.0065 ,  0.0131 ,  75 ,  150 ,  0.14 ,  24.80 ,  25.02 ,  110.76 ,,NO,SI
,2181,"  3,982 ",  659 ,  0.0001 ,  0.0087 ,  0.0174 ,  75 ,  150 ,  0.15 ,  25.00 ,  25.00 ,  115.00 ,,NO,SI
,2182,"  2,292 ",  394 ,  0.0001 ,  0.0025 ,  0.0100 ,  50 ,  200 ,  0.03 ,  18.22 ,  18.36 ,  85.33 ,,NO,SI
,2183,"  4,554 ",  751 ,  0.0001 ,  0.0050 ,  0.0200 ,  50 ,  200 ,  0.06 ,  25.57 ,  25.25 ,  98.82 ,,NO,SI
,2184,"  5,503 ",  852 ,  0.0002 ,  0.0050 ,  0.0200 ,  25 ,  100 ,  0.18 ,  35.58 ,  36.72 ,  119.50 ,,NO,SI
,2185,"  26,746 ","  4,285 ",  0.0002 ,  0.0050 ,  0.0200 ,  25 ,  100 ,  0.12 ,  7.50 ,  145.00 ,  180.00 ,,NO,SI
,2186,  590 ,  383 ,  0.0009 ,  0.0095 ,  0.0473 ,  10 ,  50 ,  0.35 ,  31.00 ,  95.00 ,  290.00 ,,NO,SI
,5223,"  1,887 ",  -   ,  0.0009 ,  0.0085 ,  0.0427 ,  10 ,  50 ,  0.35 ,  31.00 ,  95.00 ,  290.00 ,,NO,SI
,2187,"  1,810 ",  265 ,  0.0061 ,  -   ,  0.1224 ,  -   ,  20 ,  -   ,  -   ,  -   ,  -   ,,NO,SI
,2188,  54 ,  7 ,  0.0006 ,  -   ,  0.0300 ,  -   ,  50 ,  0.14 ,  34.00 ,  95.00 ,  85.00 ,,NO,SI
,2189,  60 ,  9 ,  0.0006 ,  -   ,  0.0300 ,  -   ,  50 ,  0.14 ,  34.00 ,  95.00 ,  85.00 ,,NO,SI
,2190,  55 ,  6 ,  0.0006 ,  -   ,  0.0300 ,  -   ,  50 ,  0.15 ,  40.00 ,  190.00 ,  80.00 ,,NO,SI
,2191,"  1,022 ",  190 ,  0.0002 ,  0.0087 ,  0.0174 ,  50 ,  100 ,  0.18 ,  25.31 ,  24.91 ,  132.87 ,,NO,SI
,2192,"  1,182 ",  198 ,  0.0002 ,  0.0087 ,  0.0174 ,  50 ,  100 ,  0.20 ,  29.75 ,  29.19 ,  124.00 ,,NO,SI
,2193,  345 ,  54 ,  0.0005 ,  -   ,  0.0150 ,  -   ,  30 ,  -   ,  -   ,  -   ,  -   ,,NO,SI
,2194,"  1,125 ",  215 ,  0.0004 ,  -   ,  0.0043 ,  -   ,  10 ,  0.90 ,  26.74 ,  132.72 ,  65.18 ,,NO,SI
,2195,"  1,538 ",  328 ,  0.0005 ,  -   ,  0.0052 ,  -   ,  10 ,  1.11 ,  30.00 ,  60.00 ,  133.00 ,,NO,SI
,2196,  534 ,  86 ,  0.0019 ,  -   ,  0.0378 ,  -   ,  20 ,  0.78 ,  29.00 ,  105.00 ,  315.00 ,,NO,SI
,5224,  40 ,  -   ,  0.0010 , #VALUE!,  0.0192 , -,  20 ,  0.78 ,  29.00 ,  105.00 ,  315.00 ,,NO,SI
,2197,  504 ,  93 ,  0.0013 ,  -   ,  0.0259 ,  -   ,  20 ,  0.95 ,  27.35 ,  115.00 ,  375.00 ,,NO,SI
,5225,  38 ,  -   ,  0.0012 , #VALUE!,  0.0234 , -,  20 ,  0.95 ,  27.40 ,  115.00 ,  375.00 ,,NO,SI
,2198,  154 ,  24 ,  0.0010 ,  -   ,  0.0124 ,  -   ,  12 ,  1.54 ,  45.00 ,  100.00 ,  420.00 ,,NO,SI
,2199,  239 ,  41 ,  0.0030 ,  -   ,  0.0296 ,  -   ,  10 ,  -   ,  -   ,  -   ,  -   ,,NO,SI
,2200,  213 ,  26 ,  0.0044 ,  -   ,  0.0264 ,  -   ,  6 ,  4.12 ,  60.00 ,  150.00 ,  795.00 ,,NO,SI
,2201,  2 ,  2 ,  0.0003 ,  -   ,  0.0130 ,  -   ,  48 ,  0.08 ,  23.63 ,  25.25 ,  40.45 ,,NO,SI
,2204,"  1,348 ",  226 ,  0.0001 ,  0.0006 ,  0.0254 ,  6 ,  240 ,  0.02 ,  16.41 ,  17.30 ,  195.00 ,,NO,SI
,2205,  724 ,  117 ,  0.0001 ,  0.0006 ,  0.0254 ,  6 ,  240 ,  0.02 ,  17.25 ,  16.20 ,  245.00 ,,NO,SI
,2206,  623 ,  109 ,  0.0001 ,  0.0006 ,  0.0254 ,  6 ,  240 ,  0.02 ,  17.35 ,  16.60 ,  200.00 ,,NO,SI
,2207,  434 ,  80 ,  0.0001 ,  0.0006 ,  0.0254 ,  6 ,  240 ,  0.03 ,  17.28 ,  17.28 ,  245.00 ,,NO,SI
,2208,  27 ,  10 ,  0.0002 ,  -   ,  0.0123 ,  -   ,  50 ,  0.24 ,  26.30 ,  60.00 ,  100.00 ,,NO,SI
,2209,  24 ,  4 ,  0.0003 ,  -   ,  0.0150 ,  -   ,  60 ,  0.35 ,  27.20 ,  60.00 ,  105.00 ,,NO,SI
,2210,  626 ,  88 ,  0.0008 ,  0.0080 ,  0.0399 ,  10 ,  50 ,  0.24 ,  37.00 ,  150.00 ,  225.00 ,,NO,SI
,2211,  616 ,  97 ,  0.0076 ,  -   ,  0.0911 ,  -   ,  12 ,  1.46 ,  105.00 ,  200.00 ,  310.00 ,,NO,SI
,2213,  464 ,  46 ,  0.0040 ,  -   ,  0.4000 ,  -   ,  100 ,  -   ,  -   ,  -   ,  -   ,,NO,SI
,2214,  17 ,  3 ,  0.0040 ,  -   ,  0.4000 ,  -   ,  100 ,  0.03 ,  2.50 ,  150.00 ,  200.00 ,,NO,SI
,2217,  920 ,  119 ,  0.0003 ,  0.0025 ,  0.0630 ,  10 ,  250 ,  0.04 ,  21.43 ,  65.00 ,  140.00 ,,NO,SI
,2218,"  1,167 ",  149 ,  0.0003 ,  0.0025 ,  0.0630 ,  10 ,  250 ,  0.05 ,  21.30 ,  75.00 ,  155.00 ,,NO,SI
,2219,"  2,583 ",  391 ,  0.0002 ,  0.0022 ,  0.0438 ,  10 ,  200 ,  0.06 ,  21.85 ,  75.00 ,  155.00 ,,NO,SI
,2220,"  5,485 ",  734 ,  0.0003 ,  0.0032 ,  0.0636 ,  10 ,  200 ,  0.08 ,  29.00 ,  75.00 ,  155.00 ,,NO,SI
,2221,  692 ,  101 ,  0.0008 ,  0.0038 ,  0.0762 ,  5 ,  100 ,  -   ,  -   ,  -   ,  -   ,,NO,SI
,2222,  12 ,  8 ,  0.0003 ,  -   ,  0.0130 ,  -   ,  40 ,  0.13 ,  26.50 ,  45.00 ,  30.00 ,,NO,SI
,2225,  5 ,  11 ,  0.0007 ,  -   ,  0.0140 ,  -   ,  20 ,  -   ,  -   ,  -   ,  -   ,,NO,SI
,2226,  10 ,  5 ,  0.0001 ,  -   ,  0.0110 ,  -   ,  150 ,  1.82 ,  33.00 ,  125.00 ,  320.00 ,,NO,SI
,2227,  2 ,  14 ,  0.0001 ,  -   ,  0.0110 ,  -   ,  150 ,  0.13 ,  24.50 ,  24.50 ,  48.00 ,,NO,SI
,2228,  558 ,  97 ,  0.0002 ,  0.0087 ,  0.0174 ,  50 ,  100 ,  0.24 ,  30.00 ,  30.00 ,  135.00 ,,NO,SI
,2229,"  1,069 ",  156 ,  0.0003 ,  0.0103 ,  0.0206 ,  40 ,  80 ,  0.26 ,  30.66 ,  30.75 ,  126.00 ,,NO,SI
,2230,  181 ,  39 ,  0.0003 ,  0.0103 ,  0.0206 ,  40 ,  80 ,  0.25 ,  35.00 ,  35.00 ,  150.00 ,,NO,SI
,2231,  292 ,  54 ,  0.0003 ,  0.0087 ,  0.0175 ,  30 ,  60 ,  0.28 ,  35.33 ,  34.94 ,  145.00 ,,NO,SI
,2232,  194 ,  35 ,  0.0003 ,  0.0079 ,  0.0157 ,  30 ,  60 ,  0.33 ,  30.00 ,  30.00 ,  140.00 ,,NO,SI
,2233,"  1,724 ",  288 ,  0.0133 ,  -   ,  0.1325 ,  -   ,  10 ,  2.05 ,  125.00 ,  130.00 ,  710.00 ,,NO,SI
,2234,"  4,500 ",  650 ,  0.0003 ,  0.0074 ,  0.0594 ,  25 ,  200 ,  0.04 ,  20.50 ,  60.00 ,  215.00 ,,NO,SI
,2235,"  2,165 ",  312 ,  0.0003 ,  0.0075 ,  0.0600 ,  25 ,  200 ,  0.05 ,  20.65 ,  60.00 ,  215.00 ,,NO,SI
,2236,"  1,027 ",  157 ,  0.0003 ,  0.0074 ,  0.0594 ,  25 ,  200 ,  -   ,  -   ,  -   ,  -   ,,NO,SI
,2237,  682 ,  99 ,  0.0003 ,  0.0075 ,  0.0596 ,  25 ,  200 ,  0.05 ,  22.70 ,  61.00 ,  215.00 ,,NO,SI
,2238,  480 ,  84 ,  0.0003 ,  0.0075 ,  0.0596 ,  25 ,  200 ,  0.07 ,  22.75 ,  61.00 ,  215.00 ,,NO,SI
,2239,  207 ,  29 ,  0.0031 ,  -   ,  0.0314 ,  -   ,  10 ,  1.92 ,  35.36 ,  230.00 ,  285.00 ,,NO,SI
,2240,  296 ,  60 ,  0.0026 ,  -   ,  0.0257 ,  -   ,  10 ,  1.65 ,  30.00 ,  230.00 ,  285.00 ,,NO,SI
,2241,  869 ,  127 ,  0.0020 ,  -   ,  0.0202 ,  -   ,  10 ,  1.37 ,  23.26 ,  230.00 ,  285.00 ,,NO,SI
,2242,"  1,567 ",  247 ,  0.0017 ,  -   ,  0.0346 ,  -   ,  20 ,  1.14 ,  20.72 ,  230.00 ,  285.00 ,,NO,SI
,2243,"  1,233 ",  181 ,  0.0016 ,  -   ,  0.0319 ,  -   ,  20 ,  0.93 ,  17.00 ,  230.00 ,  285.00 ,,NO,SI
,2244,"  1,196 ",  176 ,  0.0015 ,  -   ,  0.0292 ,  -   ,  20 ,  1.09 ,  19.00 ,  230.00 ,  285.00 ,,NO,SI
,2245,  730 ,  103 ,  0.0013 ,  -   ,  0.0264 ,  -   ,  20 ,  0.91 ,  15.80 ,  230.00 ,  285.00 ,,NO,SI
,2246,  626 ,  97 ,  0.0013 ,  -   ,  0.0264 ,  -   ,  20 ,  0.85 ,  15.30 ,  230.00 ,  285.00 ,,NO,SI
,2247,  470 ,  72 ,  0.0012 ,  -   ,  0.0249 ,  -   ,  20 ,  0.83 ,  15.33 ,  230.00 ,  285.00 ,,NO,SI
,2248,  343 ,  57 ,  0.0012 ,  -   ,  0.0241 ,  -   ,  20 ,  0.79 ,  14.85 ,  230.00 ,  285.00 ,,NO,SI
,2249,"  1,972 ",  290 ,  0.0015 ,  -   ,  0.0300 ,  -   ,  20 ,  -   ,  -   ,  -   ,  -   ,,NO,SI
,2250,"  2,922 ",  443 ,  0.0014 ,  -   ,  0.0278 ,  -   ,  20 ,  0.84 ,  16.55 ,  230.00 ,  285.00 ,,NO,SI
,2251,"  1,929 ",  309 ,  0.0012 ,  -   ,  0.0244 ,  -   ,  20 ,  0.79 ,  14.25 ,  230.00 ,  285.00 ,,NO,SI
,2252,"  2,833 ",  429 ,  0.0010 ,  -   ,  0.0199 ,  -   ,  20 ,#N/A,#N/A,#N/A,#N/A,,NO,SI
,2253,"  2,151 ",  317 ,  0.0009 ,  -   ,  0.0180 ,  -   ,  20 ,  0.61 ,  11.41 ,  230.00 ,  285.00 ,,NO,SI
,2254,"  1,985 ",  306 ,  0.0008 ,  -   ,  0.0158 ,  -   ,  20 ,  0.58 ,  9.30 ,  230.00 ,  285.00 ,,NO,SI
,2255,"  1,419 ",  225 ,  0.0008 ,  -   ,  0.0158 ,  -   ,  20 ,  0.50 ,  7.86 ,  230.00 ,  285.00 ,,NO,SI
,2256,  775 ,  141 ,  0.0008 ,  -   ,  0.0150 ,  -   ,  20 ,  0.44 ,  8.27 ,  230.00 ,  285.00 ,,NO,SI
,2257,  597 ,  86 ,  0.0008 ,  -   ,  0.0150 ,  -   ,  20 ,  0.46 ,  8.42 ,  230.00 ,  285.00 ,,NO,SI
,2258,  594 ,  98 ,  0.0007 ,  -   ,  0.0143 ,  -   ,  20 ,  0.43 ,  7.66 ,  230.00 ,  285.00 ,,NO,SI
,2259,  898 ,  126 ,  0.0008 ,  -   ,  0.0156 ,  -   ,  20 ,#N/A,#N/A,#N/A,#N/A,,NO,SI
,2260,  692 ,  123 ,  0.0006 ,  -   ,  0.0128 ,  -   ,  20 ,  0.42 ,  10.48 ,  230.00 ,  285.00 ,,NO,SI
,2261,  879 ,  154 ,  0.0006 ,  -   ,  0.0120 ,  -   ,  20 ,  -   ,  -   ,  -   ,  -   ,,NO,SI
,2262,  342 ,  63 ,  0.0006 ,  -   ,  0.0120 ,  -   ,  20 ,  0.36 ,  6.75 ,  230.00 ,  285.00 ,,NO,SI
,2263,  803 ,  138 ,  0.0006 ,  -   ,  0.0121 ,  -   ,  20 ,#N/A,#N/A,#N/A,#N/A,,NO,SI
,2264,  452 ,  73 ,  0.0006 ,  -   ,  0.0113 ,  -   ,  20 ,  -   ,  -   ,  -   ,  -   ,,NO,SI
,2265,  552 ,  94 ,  0.0005 ,  -   ,  0.0105 ,  -   ,  20 ,  0.30 ,  6.40 ,  230.00 ,  283.00 ,,NO,SI
,2266,  836 ,  105 ,  0.0005 ,  -   ,  0.0098 ,  -   ,  20 ,  0.30 ,  10.80 ,  230.00 ,  292.00 ,,NO,SI
,2267,  450 ,  80 ,  0.0017 ,  -   ,  0.0342 ,  -   ,  20 ,  0.90 ,  18.85 ,  230.00 ,  285.00 ,,NO,SI
,2268,  943 ,  154 ,  0.0015 ,  -   ,  0.0296 ,  -   ,  20 ,  0.90 ,  17.20 ,  230.00 ,  285.00 ,,NO,SI
,2269,  700 ,  122 ,  0.0013 ,  -   ,  0.0264 ,  -   ,  20 ,  0.79 ,  13.83 ,  230.00 ,  285.00 ,,NO,SI
,2270,"  1,104 ",  158 ,  0.0011 ,  -   ,  0.0218 ,  -   ,  20 ,  0.69 ,  17.20 ,  230.00 ,  290.00 ,,NO,SI
,2271,  801 ,  127 ,  0.0009 ,  -   ,  0.0179 ,  -   ,  20 ,  0.59 ,  9.96 ,  230.00 ,  285.00 ,,NO,SI
,2272,  612 ,  92 ,  0.0008 ,  -   ,  0.0163 ,  -   ,  20 ,  0.61 ,  9.90 ,  230.00 ,  285.00 ,,NO,SI
,2273,  493 ,  90 ,  0.0008 ,  -   ,  0.0156 ,  -   ,  20 ,  0.56 ,  11.70 ,  230.00 ,  285.00 ,,NO,SI
,2274,  353 ,  60 ,  0.0008 ,  -   ,  0.0152 ,  -   ,  20 ,  0.50 ,  8.00 ,  230.00 ,  285.00 ,,NO,SI
,2275,"  1,305 ",  224 ,  0.0015 ,  -   ,  0.0293 ,  -   ,  20 ,  0.91 ,  17.41 ,  230.00 ,  290.00 ,,NO,SI
,2276,"  2,348 ",  378 ,  0.0013 ,  -   ,  0.0253 ,  -   ,  20 ,  -   ,  -   ,  -   ,  -   ,,NO,SI
,2277,"  1,946 ",  309 ,  0.0011 ,  -   ,  0.0225 ,  -   ,  20 ,  0.62 ,  12.71 ,  230.00 ,  290.00 ,,NO,SI
,2278,"  1,914 ",  318 ,  0.0009 ,  -   ,  0.0184 ,  -   ,  20 ,  0.59 ,  13.15 ,  230.00 ,  290.00 ,,NO,SI
,2279,"  1,231 ",  193 ,  0.0009 ,  -   ,  0.0173 ,  -   ,  20 ,  -   ,  -   ,  -   ,  -   ,,NO,SI
,2280,  949 ,  150 ,  0.0009 ,  -   ,  0.0173 ,  -   ,  20 ,  0.50 ,  8.58 ,  230.00 ,  285.00 ,,NO,SI
,2281,  750 ,  135 ,  0.0008 ,  -   ,  0.0150 ,  -   ,  20 ,  0.51 ,  8.54 ,  230.00 ,  285.00 ,,NO,SI
,2282,  487 ,  92 ,  0.0008 ,  -   ,  0.0150 ,  -   ,  20 ,  0.48 ,  7.63 ,  230.00 ,  285.00 ,,NO,SI
,2283,  983 ,  158 ,  0.0006 ,  0.0055 ,  0.0440 ,  10 ,  80 ,  0.19 ,  21.80 ,  125.00 ,  220.00 ,,NO,SI
,2284,"  15,247 ","  2,241 ",  0.0000 ,  -   ,  0.0300 ,  -   ,"  3,000 ",  0.01 ,  3.20 ,  40.00 ,  170.00 ,,NO,SI
,2285,"  1,179 ",  227 ,  0.0002 ,  0.0050 ,  0.0200 ,  25 ,  100 ,  -   ,  -   ,  -   ,  -   ,,NO,SI
,2286,"  1,727 ",  242 ,  0.0009 ,  0.0086 ,  0.0856 ,  10 ,  100 ,  0.21 ,  26.12 ,  130.00 ,  155.00 ,,NO,SI
,2287,"  2,341 ",  342 ,  0.0009 ,  0.0086 ,  0.0856 ,  10 ,  100 ,  0.20 ,  23.00 ,  130.00 ,  155.00 ,,NO,SI
,2288,"  4,513 ",  647 ,  0.0009 ,  0.0086 ,  0.0856 ,  10 ,  100 ,  4.93 ,  120.00 ,  130.00 ,  255.00 ,,NO,SI
,2289,"  2,399 ",  353 ,  0.0009 ,  0.0086 ,  0.0856 ,  10 ,  100 ,  -   ,  -   ,  -   ,  -   ,,NO,SI
,2290,"  3,029 ",  435 ,  0.0009 ,  0.0086 ,  0.0856 ,  10 ,  100 ,  -   ,  -   ,  -   ,  -   ,,NO,SI
,2291,"  3,519 ",  399 ,  0.0009 ,  0.0086 ,  0.0856 ,  10 ,  100 ,  -   ,  -   ,  -   ,  -   ,,NO,SI
,2292,"  3,620 ",  450 ,  0.0009 ,  0.0086 ,  0.0856 ,  10 ,  100 ,  -   ,  -   ,  -   ,  -   ,,NO,SI
,2293,"  1,656 ",  244 ,  0.0009 ,  0.0086 ,  0.0856 ,  10 ,  100 ,  0.13 ,  22.40 ,  130.00 ,  155.00 ,,NO,SI
,2294,  989 ,  122 ,  0.0009 ,  0.0086 ,  0.0856 ,  10 ,  100 ,  -   ,  -   ,  -   ,  -   ,,NO,SI
,2295,  984 ,  178 ,  0.0009 ,  0.0086 ,  0.0856 ,  10 ,  100 ,  0.12 ,  23.43 ,  130.00 ,  155.00 ,,NO,SI
,2296,  994 ,  147 ,  0.0008 ,  0.0082 ,  0.0820 ,  10 ,  100 ,  -   ,  -   ,  -   ,  -   ,,NO,SI
,2297,"  44,007 ","  4,092 ",  0.0003 ,  0.0039 ,  0.0312 ,  12 ,  96 ,  0.14 ,  120.00 ,  80.00 ,  35.00 ,,NO,SI
,2298,"  60,090 ","  5,274 ",  0.0004 ,  0.0025 ,  0.0297 ,  6 ,  72 ,  0.22 ,  120.00 ,  80.00 ,  50.00 ,,NO,SI
,2299,"  34,091 ","  3,526 ",  0.0005 ,  0.0032 ,  0.0256 ,  6 ,  48 ,  0.35 ,  130.00 ,  80.00 ,  50.00 ,,NO,SI
,2300,  845 ,  116 ,  0.0006 ,  0.0112 ,  0.0446 ,  20 ,  80 ,  0.29 ,  11.30 ,  140.00 ,  220.00 ,,NO,SI
,2301,"  3,221 ",  509 ,  0.0004 ,  0.0103 ,  0.0207 ,  25 ,  50 ,  0.34 ,  40.00 ,  40.00 ,  140.00 ,,NO,SI
,2302,  578 ,  73 ,  0.0010 ,  -   ,  0.0200 ,  -   ,  20 ,  0.27 ,  75.00 ,  90.00 ,  120.00 ,,NO,SI
,2303,  623 ,  65 ,  0.0020 ,  -   ,  0.0401 ,  -   ,  20 ,#N/A,#N/A,#N/A,#N/A,,NO,SI
,2304,  86 ,  15 ,  0.0051 ,  -   ,  0.0505 ,  -   ,  10 ,  1.15 ,  55.00 ,  165.00 ,  315.00 ,,NO,SI
,2305,  851 ,  132 ,  0.0002 ,  0.0022 ,  0.0109 ,  10 ,  50 ,  -   ,  -   ,  -   ,  -   ,,NO,SI
,2306,"  1,246 ",  149 ,  0.0002 ,  0.0022 ,  0.0109 ,  10 ,  50 ,  0.05 ,  35.00 ,  35.00 ,  100.00 ,,NO,SI
,2307,"  1,001 ",  138 ,  0.0002 ,  0.0018 ,  0.0092 ,  10 ,  50 ,  0.07 ,  32.15 ,  36.24 ,  99.75 ,,NO,SI
,2308,  187 ,  29 ,  0.0002 ,  0.0022 ,  0.0109 ,  10 ,  50 ,  0.05 ,  35.00 ,  35.00 ,  100.00 ,,NO,SI
,2309,  248 ,  38 ,  0.0002 ,  0.0022 ,  0.0109 ,  10 ,  50 ,  -   ,  -   ,  -   ,  -   ,,NO,SI
,2310,  218 ,  22 ,  0.0002 ,  0.0018 ,  0.0090 ,  10 ,  50 ,  0.06 ,  35.00 ,  35.00 ,  100.00 ,,NO,SI
,2311,  313 ,  41 ,  0.0002 ,  0.0022 ,  0.0109 ,  10 ,  50 ,  0.07 ,  35.00 ,  35.00 ,  100.00 ,,NO,SI
,2312,  266 ,  30 ,  0.0002 ,  0.0022 ,  0.0109 ,  10 ,  50 ,  0.10 ,  45.00 ,  45.00 ,  100.00 ,,NO,SI
,2313,  237 ,  28 ,  0.0002 ,  0.0022 ,  0.0109 ,  10 ,  50 ,  0.12 ,  45.00 ,  45.00 ,  100.00 ,,NO,SI
,2314,  176 ,  20 ,  0.0003 ,  0.0030 ,  0.0150 ,  10 ,  50 ,  0.12 ,  45.00 ,  45.00 ,  100.00 ,,NO,SI
,2315,  189 ,  23 ,  0.0002 ,  0.0018 ,  0.0092 ,  10 ,  50 ,  0.05 ,  35.00 ,  35.00 ,  100.00 ,,NO,SI
,2316,  137 ,  20 ,  0.0002 ,  0.0022 ,  0.0109 ,  10 ,  50 ,  0.05 ,  35.00 ,  35.00 ,  100.00 ,,NO,SI
,2317,  169 ,  23 ,  0.0002 ,  0.0022 ,  0.0109 ,  10 ,  50 ,  0.05 ,  35.00 ,  35.00 ,  100.00 ,,NO,SI
,2318,  483 ,  41 ,  0.0002 ,  0.0022 ,  0.0109 ,  10 ,  50 ,  0.06 ,  35.00 ,  35.00 ,  100.00 ,,NO,SI
,2319,  308 ,  42 ,  0.0004 ,  0.0035 ,  0.0177 ,  10 ,  50 ,  -   ,  -   ,  -   ,  -   ,,NO,SI
,2320,  122 ,  19 ,  0.0003 ,  0.0030 ,  0.0150 ,  10 ,  50 ,  0.12 ,  45.00 ,  45.00 ,  100.00 ,,NO,SI
,2321,  112 ,  11 ,  0.0002 ,  0.0018 ,  0.0092 ,  10 ,  50 ,  0.07 ,  35.00 ,  35.00 ,  100.00 ,,NO,SI
,2322,  281 ,  54 ,  0.0002 ,  0.0022 ,  0.0109 ,  10 ,  50 ,  -   ,  -   ,  -   ,  -   ,,NO,SI
,2323,  211 ,  36 ,  0.0002 ,  0.0018 ,  0.0090 ,  10 ,  50 ,  0.06 ,  35.00 ,  35.00 ,  100.00 ,,NO,SI
,2324,  191 ,  27 ,  0.0002 ,  0.0022 ,  0.0109 ,  10 ,  50 ,  0.05 ,  35.00 ,  35.00 ,  100.00 ,,NO,SI
,2325,  164 ,  24 ,  0.0002 ,  0.0018 ,  0.0090 ,  10 ,  50 ,  0.08 ,  35.00 ,  35.00 ,  100.00 ,,NO,SI
,2326,  303 ,  51 ,  0.0055 ,  -   ,  0.0546 ,  -   ,  10 ,  -   ,  -   ,  -   ,  -   ,,NO,SI
,2327,"  1,839 ",  168 ,  0.0002 ,  0.0044 ,  0.0266 ,  20 ,  120 ,  0.18 ,  12.50 ,  120.00 ,  220.00 ,,NO,SI
,2328,"  6,884 ","  1,222 ",  0.0003 ,  0.0031 ,  0.0311 ,  12 ,  120 ,  0.20 ,  22.22 ,  260.00 ,  135.00 ,,NO,SI
,2329,"  6,540 ",  968 ,  0.0003 ,  0.0037 ,  0.0374 ,  12 ,  120 ,  0.13 ,  18.70 ,  260.00 ,  135.00 ,,NO,SI
,2330,"  1,665 ",  280 ,  0.0047 ,  -   ,  0.0281 ,  -   ,  6 ,  -   ,  -   ,  -   ,  -   ,,NO,SI
,2331,  431 ,  165 ,  0.0144 ,  -   ,  0.0144 ,  -   ,  1 ,  -   ,  -   ,  -   ,  -   ,,NO,SI
,5226,  130 ,  -   ,  0.0005 , #VALUE!,  0.0005 , -,  1 ,  0.32 ,  219.00 ,  49.00 ,  49.00 ,,NO,SI
,2332,  201 ,  60 ,  0.0077 ,  -   ,  0.0077 ,  -   ,  1 ,  -   ,  -   ,  -   ,  -   ,,NO,SI
,5227,  12 ,  -   ,  0.0005 , #VALUE!,  0.0005 , -,  1 ,  0.32 ,  219.00 ,  49.00 ,  49.00 ,,NO,SI
,2333,  143 ,  60 ,  0.0006 ,  -   ,  0.0006 ,  -   ,  1 ,  0.32 ,#N/A,#N/A,#N/A,,NO,SI
,2334,  184 ,  20 ,  0.0077 ,  -   ,  0.0077 ,  -   ,  1 ,  -   ,  -   ,  -   ,  -   ,,NO,SI
,5228,  4 ,  -   ,  0.0005 , #VALUE!,  0.0005 , -,  1 ,  0.33 ,  219.00 ,  49.00 ,  49.00 ,,NO,SI
,2335,  215 ,  60 ,  0.0144 ,  -   ,  0.0144 ,  -   ,  1 ,  -   ,  -   ,  -   ,  -   ,,NO,SI
,5229,  4 ,  -   ,  0.0004 , #VALUE!,  0.0004 , -,  1 ,  0.32 ,  217.00 ,  45.00 ,  45.00 ,,NO,SI
,2336,"  1,090 ",  170 ,  0.0016 ,  -   ,  0.0323 ,  -   ,  20 ,  0.33 ,  35.70 ,  155.00 ,  245.00 ,,NO,SI
,2337,"  2,443 ",  384 ,  0.0005 ,  0.0055 ,  0.0442 ,  12 ,  96 ,  0.17 ,  22.90 ,  105.00 ,  250.00 ,,NO,SI
,2338,  409 ,  76 ,  0.0033 ,  0.0197 ,  0.0786 ,  6 ,  24 ,  0.63 ,  24.00 ,  210.00 ,  630.00 ,,NO,SI
,2339,  243 ,  37 ,  0.0040 ,  0.0241 ,  0.0964 ,  6 ,  24 ,  0.68 ,  23.70 ,  220.00 ,  705.00 ,,NO,SI
,2340,  223 ,  25 ,  0.0050 ,  0.0303 ,  0.1210 ,  6 ,  24 ,  0.79 ,  23.74 ,  235.00 ,  855.00 ,,NO,SI
,2341,  263 ,  44 ,  0.0001 ,  0.0031 ,  0.0122 ,  50 ,  200 ,  0.06 ,  1.90 ,  30.00 ,  560.00 ,,NO,SI
,2342,  297 ,  60 ,  0.0001 ,  0.0031 ,  0.0122 ,  50 ,  200 ,  0.06 ,  1.81 ,  30.00 ,  555.00 ,,NO,SI
,2343,  228 ,  33 ,  0.0001 ,  0.0036 ,  0.0142 ,  50 ,  200 ,  0.07 ,  1.91 ,  29.54 ,  635.00 ,,NO,SI
,2344,  199 ,  39 ,  0.0001 ,  0.0036 ,  0.0142 ,  50 ,  200 ,  0.06 ,  1.90 ,  29.50 ,  635.00 ,,NO,SI
,2345,  127 ,  16 ,  0.0001 ,  0.0043 ,  0.0170 ,  50 ,  200 ,  0.08 ,  2.00 ,  29.55 ,  790.00 ,,NO,SI
,2346,  142 ,  21 ,  0.0001 ,  0.0043 ,  0.0170 ,  50 ,  200 ,  0.08 ,  2.50 ,  29.22 ,  790.00 ,,NO,SI
,2347,  471 ,  91 ,  0.0022 ,  0.0110 ,  0.0439 ,  5 ,  20 ,  0.76 ,  40.20 ,  85.00 ,  355.00 ,,NO,SI
,2348,"  5,638 ",  947 ,  0.0004 ,  0.0045 ,  0.0223 ,  10 ,  50 ,  0.13 ,  20.00 ,  85.00 ,  260.00 ,,NO,SI
,2349,"  6,015 ",  936 ,  0.0000 ,  0.0050 ,  0.0200 ,  250 ,"  1,000 ",  0.02 ,  6.70 ,  30.00 ,  160.00 ,,NO,SI
,2350,"  31,018 ","  5,113 ",  0.0000 ,  0.0050 ,  0.0250 ,  200 ,"  1,000 ",  0.03 ,  7.30 ,  30.00 ,  160.00 ,,NO,SI
,2351,"  27,636 ","  4,470 ",  0.0000 ,  0.0039 ,  0.0155 ,  125 ,  500 ,  0.03 ,  7.50 ,  30.00 ,  180.00 ,,NO,SI
,2352,"  16,183 ","  2,384 ",  0.0000 ,  0.0038 ,  0.0190 ,  100 ,  500 ,  0.04 ,  8.70 ,  30.00 ,  180.00 ,,NO,SI
,2353,"  5,302 ",  732 ,  0.0001 ,  0.0057 ,  0.0171 ,  100 ,  300 ,  -   ,  -   ,  -   ,  -   ,,NO,SI
,2354,"  1,915 ",  294 ,  0.0003 ,  0.0071 ,  0.0564 ,  25 ,  200 ,  0.12 ,  10.03 ,  90.00 ,  200.00 ,,NO,SI
,2355,  854 ,  104 ,  0.0003 ,  0.0071 ,  0.0846 ,  25 ,  300 ,  0.08 ,  7.85 ,  90.00 ,  202.00 ,,NO,SI
,2356,"  3,044 ",  550 ,  0.0030 ,  -   ,  0.0482 ,  -   ,  16 ,  0.28 ,  27.00 ,  130.00 ,  155.00 ,,NO,SI
,2357,"  1,763 ",  307 ,  0.0063 ,  -   ,  0.0504 ,  -   ,  8 ,  2.15 ,  100.00 ,  225.00 ,  262.00 ,,NO,SI
,2358,"  1,092 ",  216 ,  0.0069 ,  -   ,  0.0550 ,  -   ,  8 ,  -   ,  -   ,  -   ,  -   ,,NO,SI
,2359,"  1,037 ",  202 ,  0.0069 ,  -   ,  0.0550 ,  -   ,  8 ,  -   ,  -   ,  -   ,  -   ,,NO,SI
,2360,"  1,492 ",  278 ,  0.0012 ,  0.0072 ,  0.0289 ,  6 ,  24 ,  0.29 ,  50.50 ,  150.00 ,  78.00 ,,NO,SI
,2361,  534 ,  70 ,  0.0006 ,  -   ,  0.0296 ,  -   ,  48 ,  0.30 ,  19.10 ,  107.00 ,  277.00 ,,NO,SI
,2362,"  1,111 ",  187 ,  0.0006 ,  0.0049 ,  0.0296 ,  8 ,  48 ,  -   ,  -   ,  -   ,  -   ,,NO,SI
,2363,  496 ,  82 ,  0.0006 ,  0.0049 ,  0.0296 ,  8 ,  48 ,  0.30 ,  16.00 ,  105.00 ,  275.00 ,,NO,SI
,2364,  288 ,  40 ,  0.0005 ,  0.0128 ,  0.0255 ,  25 ,  50 ,  -   ,  -   ,  -   ,  -   ,,NO,SI
,2365,  905 ,  142 ,  0.0016 ,  -   ,  0.0392 ,  -   ,  24 ,  -   ,  -   ,  -   ,  -   ,,NO,SI
,2366,"  1,345 ",  179 ,  0.0016 ,  -   ,  0.0392 ,  -   ,  24 ,  0.67 ,  60.00 ,  260.00 ,  385.00 ,,NO,SI
,2367,"  1,412 ",  225 ,  0.0016 ,  -   ,  0.0392 ,  -   ,  24 ,  -   ,  -   ,  -   ,  -   ,,NO,SI
,2368,  574 ,  95 ,  0.0004 ,  0.0103 ,  0.0207 ,  25 ,  50 ,  0.36 ,  35.27 ,  35.00 ,  145.00 ,,NO,SI
,2369,  518 ,  93 ,  0.0004 ,  0.0103 ,  0.0207 ,  25 ,  50 ,  0.38 ,  35.24 ,  35.18 ,  145.00 ,,NO,SI
,2370,  220 ,  41 ,  0.0004 ,  0.0103 ,  0.0207 ,  25 ,  50 ,  -   ,  -   ,  -   ,  -   ,,NO,SI
,2371,  537 ,  72 ,  0.0004 ,  0.0103 ,  0.0207 ,  25 ,  50 ,  0.46 ,  38.47 ,  38.80 ,  150.00 ,,NO,SI
,2372,"  1,404 ",  240 ,  0.0012 ,  0.0121 ,  0.0485 ,  10 ,  40 ,  0.35 ,  21.18 ,  51.54 ,  800.00 ,,NO,SI
,2373,  855 ,  150 ,  0.0016 ,  0.0165 ,  0.0658 ,  10 ,  40 ,  0.43 ,  21.35 ,  51.07 ,"  1,000.00 ",,NO,SI
,2374,  502 ,  82 ,  0.0018 ,  0.0180 ,  0.0720 ,  10 ,  40 ,  0.51 ,  21.25 ,  51.75 ,  120.00 ,,NO,SI
,2375,  940 ,  144 ,  0.0041 ,  -   ,  0.0406 ,  -   ,  10 ,  -   ,  -   ,  -   ,  -   ,,NO,SI
,2376,  553 ,  108 ,  0.0088 ,  -   ,  0.0530 ,  -   ,  6 ,  -   ,  -   ,  -   ,  -   ,,NO,SI
,2377,"  1,325 ",  233 ,  0.0061 ,  -   ,  0.0368 ,  -   ,  6 ,  -   ,  -   ,  -   ,  -   ,,NO,SI
,2378,  13 ,  4 ,  0.0002 ,  -   ,  0.0081 ,  -   ,  50 ,  0.34 ,  37.60 ,  37.60 ,  79.65 ,,NO,SI
,2379,  5 ,  3 ,  0.0002 ,  -   ,  0.0081 ,  -   ,  50 ,  0.22 ,  74.57 ,  74.57 ,  64.43 ,,NO,SI
,2380,  14 ,  4 ,  0.0002 ,  -   ,  0.0081 ,  -   ,  50 ,  0.16 ,  23.50 ,  23.50 ,  76.24 ,,NO,SI
,2381,  7 ,  6 ,  0.0002 ,  -   ,  0.0081 ,  -   ,  50 ,  0.01 ,  16.00 ,  16.00 ,  57.25 ,,NO,SI
,2382,"  5,236 ",  891 ,  0.0005 ,  0.0056 ,  0.0677 ,  12 ,  144 ,  0.11 ,  18.00 ,  105.00 ,  260.00 ,,NO,SI
,2383,"  1,075 ",  162 ,  0.0029 ,  -   ,  0.0571 ,  -   ,  20 ,  0.65 ,  110.00 ,  160.00 ,  137.00 ,,NO,SI
,2384,"  1,378 ",  213 ,  0.0009 ,  -   ,  0.0351 ,  -   ,  40 ,  0.30 ,  60.00 ,  130.00 ,  90.00 ,,NO,SI
,2385,"  1,699 ",  287 ,  0.0114 ,  -   ,  0.0456 ,  -   ,  4 ,  2.15 ,  247.00 ,  285.00 ,  132.00 ,,NO,SI
,2386,"  10,393 ","  1,666 ",  0.0010 ,  0.0102 ,  0.0408 ,  10 ,  40 ,  0.35 ,  33.59 ,  136.74 ,  270.00 ,,NO,SI
,2387,"  4,179 ",  877 ,  0.0053 ,  -   ,  0.0526 ,  -   ,  10 ,  -   ,  -   ,  -   ,  -   ,,NO,SI
,2388,"  2,354 ",  496 ,  0.0055 ,  -   ,  0.0276 ,  -   ,  5 ,  -   ,  -   ,  -   ,  -   ,,NO,SI
,2389,"  1,826 ",  385 ,  0.0021 ,  0.0126 ,  0.0753 ,  6 ,  36 ,  0.33 ,  31.80 ,  120.00 ,  650.00 ,,NO,SI
,2390,"  1,688 ",  167 ,  0.0013 ,  0.0157 ,  0.0627 ,  12 ,  48 ,  0.49 ,  32.26 ,  205.00 ,  330.00 ,,NO,SI
,2391,"  1,126 ",  172 ,  0.0021 ,  0.0129 ,  0.0773 ,  6 ,  36 ,  0.59 ,  31.35 ,  205.00 ,  485.00 ,,NO,SI
,2392,  969 ,  152 ,  0.0027 ,  0.0164 ,  0.0655 ,  6 ,  24 ,  0.70 ,  32.50 ,  200.00 ,  640.00 ,,NO,SI
,2393,  813 ,  111 ,  0.0034 ,  0.0201 ,  0.0805 ,  6 ,  24 ,  2.50 ,  50.00 ,  100.00 ,  300.00 ,,NO,SI
,2394,  655 ,  63 ,  0.0047 ,  0.0282 ,  0.0564 ,  6 ,  12 ,  -   ,  -   ,  -   ,  -   ,,NO,SI
,2395,"  3,913 ",  510 ,  0.0002 ,  -   ,  0.0207 ,  -   ,  100 ,  -   ,  -   ,  -   ,  -   ,,NO,SI
,2396,"  7,782 ","  1,125 ",  0.0015 ,  -   ,  0.0367 ,  -   ,  24 ,  0.54 ,  50.00 ,  170.00 ,  320.00 ,,NO,SI
,2397,  184 ,#N/A,  0.0001 ,  -   ,  0.0049 ,  -   ,  50 ,  0.11 ,  23.27 ,  40.52 ,  102.91 ,,NO,SI
,2398,  67 ,  8 ,  0.0016 ,  -   ,  0.0326 ,  -   ,  20 ,  0.87 ,  46.75 ,  160.00 ,  180.00 ,,NO,SI
,2399,"  1,954 ",  476 ,  0.0010 ,  -   ,  0.0496 ,  -   ,  50 ,  -   ,  -   ,  -   ,  -   ,,NO,SI
,5230,"  1,482 ",  -   ,  0.0008 , #VALUE!,  0.0415 , -,  50 ,  0.21 ,  85.00 ,  85.00 ,  115.00 ,,NO,SI
,2400,"  2,186 ",  600 ,  0.0002 ,  -   ,  0.0099 ,  -   ,  50 ,  0.04 ,  17.70 ,  45.00 ,  200.00 ,,NO,SI
,5231,"  2,108 ",  -   ,  0.0002 , #VALUE!,  0.0084 , -,  50 ,  0.04 ,  18.50 ,  44.80 ,  202.00 ,,NO,SI
,5231,  128 ,  -   ,  0.0002 , #VALUE!,  0.0084 , -,  50 ,  0.04 ,  18.50 ,  44.80 ,  202.00 ,,NO,SI
,2401,  20 ,  5 ,  0.0010 ,  -   ,  0.0417 ,  -   ,  40 ,  0.32 ,  68.40 ,  85.00 ,  150.00 ,,NO,SI
,2402,  932 ,  160 ,  0.0004 ,  0.0047 ,  0.0474 ,  12 ,  120 ,  0.20 ,  25.00 ,  125.00 ,  160.00 ,,NO,SI
,2403,"  1,100 ",  201 ,  0.0004 ,  0.0047 ,  0.0376 ,  12 ,  96 ,  0.29 ,  21.70 ,  125.00 ,  160.00 ,,NO,SI
,2404,  975 ,  184 ,  0.0005 ,  0.0062 ,  0.0311 ,  12 ,  60 ,  0.40 ,  25.00 ,  140.00 ,  185.00 ,,NO,SI
,2405,  212 ,  485 ,  0.0008 ,  0.0083 ,  0.0500 ,  10 ,  60 ,  0.26 ,  24.50 ,  90.00 ,  270.00 ,,NO,SI
,5233,  679 ,  -   ,  0.0006 ,  0.0060 ,  0.0357 ,  10 ,  60 ,  0.26 ,  24.50 ,  90.00 ,  270.00 ,,NO,SI
,2406,  372 ,  305 ,  0.0001 ,  0.0135 ,  0.0540 ,  100 ,  400 ,  -   ,  -   ,  -   ,  -   ,,NO,SI
,5234,  66 ,  -   ,#N/A,#N/A,#N/A,  100 ,  400 ,#N/A,#N/A,#N/A,#N/A,,NO,SI
,2407,  288 ,  130 ,  0.0001 ,  0.0100 ,  0.0200 ,  200 ,  400 ,  -   ,  -   ,  -   ,  -   ,,NO,SI
,5235,  41 ,  -   ,  0.0000 ,  0.0072 ,  0.0143 ,  200 ,  400 ,  0.03 ,  10.00 ,  55.00 ,  65.00 ,,NO,SI
,2408,  147 ,  62 ,  0.0008 ,  0.0083 ,  0.0500 ,  10 ,  60 ,  0.21 ,  20.86 ,  90.00 ,  270.00 ,,NO,SI
,5236,  171 ,  -   ,  0.0005 ,  0.0051 ,  0.0304 ,  10 ,  60 ,  0.21 ,  20.90 ,  90.00 ,  270.00 ,,NO,SI
,2409,  172 ,  23 ,  0.0080 ,  -   ,  0.0320 ,  -   ,  4 ,  3.81 ,  51.15 ,  445.00 ,  270.00 ,,NO,SI
,2410,  711 ,  144 ,  0.0003 ,  0.0034 ,  0.0341 ,  12 ,  120 ,  -   ,  -   ,  -   ,  -   ,,NO,SI
,2411,"  1,350 ",  251 ,  0.0003 ,  0.0021 ,  0.0246 ,  6 ,  72 ,  0.19 ,  22.50 ,  120.00 ,  155.00 ,,NO,SI
,2412,"  1,025 ",  202 ,  0.0005 ,  0.0032 ,  0.0386 ,  6 ,  72 ,  0.28 ,  23.35 ,  120.00 ,  160.00 ,,NO,SI
,2413,  487 ,  91 ,  0.0004 ,  0.0024 ,  0.0292 ,  6 ,  72 ,  0.36 ,  25.50 ,  120.00 ,  157.00 ,,NO,SI
,2414,  391 ,  78 ,  0.0008 ,  0.0050 ,  0.0399 ,  6 ,  48 ,  0.37 ,  24.00 ,  135.00 ,  185.00 ,,NO,SI
,2415,"  15,605 ","  2,610 ",  0.0001 ,  -   ,  0.0564 ,  -   ,  600 ,  0.03 ,  13.60 ,  40.00 ,  210.00 ,,NO,SI
,2416,"  18,490 ","  2,800 ",  0.0001 ,  -   ,  0.0701 ,  -   ,  480 ,  0.03 ,  15.00 ,  45.00 ,  230.00 ,,NO,SI
,2417,"  18,687 ","  2,859 ",  0.0002 ,  -   ,  0.0912 ,  -   ,  480 ,  0.27 ,  15.25 ,  60.00 ,  235.00 ,,NO,SI
,2418,"  12,528 ","  1,888 ",  0.0003 ,  -   ,  0.0816 ,  -   ,  240 ,  0.06 ,  18.25 ,  70.00 ,  240.00 ,,NO,SI
,2419,"  7,213 ","  1,009 ",  0.0004 ,  -   ,  0.0760 ,  -   ,  180 ,  0.08 ,  20.00 ,  90.00 ,  250.00 ,,NO,SI
,2420,"  3,616 ",  519 ,  0.0005 ,  -   ,  0.0636 ,  -   ,  120 ,  0.10 ,  20.00 ,  115.00 ,  260.00 ,,NO,SI
,2421,"  2,230 ",  519 ,  0.0002 ,  -   ,  0.1158 ,  -   ,  600 ,  0.05 ,  21.30 ,  26.35 ,  280.00 ,,NO,SI
,5237,  24 ,  -   ,  0.0002 ,  0.0019 ,  0.0942 ,  12 ,  600 ,  0.05 ,  21.30 ,  26.40 ,  280.00 ,,NO,SI
,2422,"  3,096 ",  520 ,  0.0003 ,  -   ,  0.1500 ,  -   ,  600 ,  -   ,  -   ,  -   ,  -   ,,NO,SI
,5238,  24 ,  -   ,  0.0002 ,  0.0025 ,  0.1267 ,  12 ,  600 ,  0.59 ,  20.00 ,  44.00 ,  240.00 ,,NO,SI
,2423,"  3,135 ",  538 ,  0.0004 ,  -   ,  0.1819 ,  -   ,  480 ,  0.08 ,  21.06 ,  53.65 ,  275.00 ,,NO,SI
,5239,  12 ,  -   ,  0.0003 ,  0.0037 ,  0.1488 ,  12 ,  480 ,  0.08 ,  21.10 ,  53.70 ,  275.00 ,,NO,SI
,2424,"  2,200 ",  418 ,  0.0005 ,  -   ,  0.1840 ,  -   ,  360 ,  0.11 ,  22.00 ,  65.00 ,  280.00 ,,NO,SI
,5240,  12 ,  -   ,  0.0004 ,  0.0048 ,  0.1440 ,  12 ,  360 ,  0.11 ,  22.00 ,  65.00 ,  280.00 ,,NO,SI
,2425,  832 ,  163 ,  0.0007 ,  -   ,  0.1670 ,  -   ,  240 ,  0.14 ,  23.35 ,  80.00 ,  315.00 ,,NO,SI
,5241,  14 ,  -   ,  0.0006 ,  0.0035 ,  0.1411 ,  6 ,  240 ,  0.14 ,  23.40 ,  80.00 ,  315.00 ,,NO,SI
,2426,  583 ,  95 ,  0.0010 ,  -   ,  0.1240 ,  -   ,  120 ,  0.18 ,  26.00 ,  105.00 ,  320.00 ,,NO,SI
,5242,  38 ,  -   ,  0.0009 ,  0.0052 ,  0.1048 ,  6 ,  120 ,  0.18 ,  26.00 ,  105.00 ,  320.00 ,,NO,SI
,2427,  14 ,  5 ,  0.0000 ,  -   ,  0.0055 ,  -   ,  500 ,  0.07 ,  4.08 ,  60.00 ,  85.00 ,,NO,SI
,2428,  320 ,  53 ,  0.0014 ,  0.0068 ,  0.0270 ,  5 ,  20 ,  0.54 ,  45.00 ,  105.00 ,  270.00 ,,NO,SI
,2429,  282 ,  55 ,  0.0025 ,  0.0127 ,  0.0253 ,  5 ,  10 ,  0.85 ,  45.80 ,  140.00 ,  300.00 ,,NO,SI
,2430,  246 ,  54 ,  0.0025 ,  0.0127 ,  0.0253 ,  5 ,  10 ,  0.98 ,  47.05 ,  140.00 ,  300.00 ,,NO,SI
,2431,  128 ,  29 ,  0.0032 ,  0.0129 ,  0.0258 ,  4 ,  8 ,  1.64 ,  34.43 ,  240.00 ,  280.00 ,,NO,SI
,2432,  672 ,  122 ,  0.0007 ,  0.0042 ,  0.0168 ,  6 ,  24 ,  0.52 ,  29.50 ,  140.00 ,  110.00 ,,NO,SI
,2433,  574 ,  99 ,  0.0011 ,  0.0107 ,  0.0214 ,  10 ,  20 ,  0.66 ,  14.80 ,  185.00 ,  315.00 ,,NO,SI
,2434,  145 ,  34 ,  0.0008 ,  0.0048 ,  0.0193 ,  6 ,  24 ,  0.52 ,  21.36 ,  200.00 ,  115.00 ,,NO,SI
,2435,"  1,404 ",  244 ,  0.0005 ,  0.0031 ,  0.0246 ,  6 ,  48 ,  0.30 ,  33.50 ,  90.00 ,  115.00 ,,NO,SI
,2436,  649 ,  129 ,  0.0008 ,  0.0049 ,  0.0392 ,  6 ,  48 ,  0.22 ,  35.00 ,  110.00 ,  143.00 ,,NO,SI
,2437,  289 ,  57 ,  0.0010 ,  0.0097 ,  0.0193 ,  10 ,  20 ,  0.35 ,  35.36 ,  115.00 ,  165.00 ,,NO,SI
,2438,"  4,578 ",  758 ,  0.0008 ,  0.0083 ,  0.0417 ,  10 ,  50 ,  0.25 ,  23.50 ,  105.00 ,  245.00 ,,NO,SI
,2439,"  1,387 ",  216 ,  0.0007 ,  0.0073 ,  0.0440 ,  10 ,  60 ,  0.17 ,  53.30 ,  105.00 ,  185.00 ,,NO,SI
,2440,  579 ,  86 ,  0.0001 ,  -   ,  0.0220 ,  -   ,  200 ,  -   ,  -   ,  -   ,  -   ,,NO,SI
,2441,  454 ,  92 ,  0.0109 ,  0.0545 ,  0.1091 ,  5 ,  10 ,  0.76 ,  103.00 ,  230.00 ,  660.00 ,,NO,SI
,2442,"  6,238 ",  924 ,  0.0036 ,  -   ,  0.0712 ,  -   ,  20 ,  -   ,  -   ,  -   ,  -   ,,NO,SI
,2443,"  1,674 ",  275 ,  0.0006 ,  0.0035 ,  0.0415 ,  6 ,  72 ,  0.13 ,  28.00 ,  60.89 ,  215.00 ,,NO,SI
,5243,  13 ,  -   ,  0.0004 ,  0.0022 ,  0.0264 ,  6 ,  72 ,  0.13 ,  28.00 ,  60.90 ,  215.00 ,,NO,SI
,2444,"  1,061 ",  191 ,  0.0006 ,  0.0038 ,  0.0453 ,  6 ,  72 ,  0.19 ,  31.30 ,  66.81 ,  245.00 ,,NO,SI
,2445,  718 ,  145 ,  0.0001 ,  0.0017 ,  0.0133 ,  20 ,  160 ,  0.12 ,  20.00 ,  20.00 ,  88.00 ,,NO,SI
,2446,  515 ,  88 ,  0.0103 ,  0.0206 ,  0.0618 ,  2 ,  6 ,  8.88 ,  45.00 ,  580.00 ,  800.00 ,,NO,SI
,2447,  361 ,  50 ,  0.0003 ,  0.0033 ,  0.0196 ,  12 ,  72 ,  0.03 ,  22.30 ,  66.85 ,  190.00 ,,NO,SI
,2448,  354 ,  70 ,  0.0004 ,  0.0096 ,  0.0193 ,  24 ,  48 ,  0.12 ,  21.00 ,  100.00 ,  180.00 ,,NO,SI
,2449,  933 ,  154 ,  0.0017 ,  -   ,  0.0206 ,  -   ,  12 ,  0.17 ,  35.00 ,  90.00 ,  155.00 ,,NO,SI
,2450,"  1,025 ",  148 ,  0.0014 ,  0.0164 ,  0.0655 ,  12 ,  48 ,  0.23 ,  33.00 ,  150.00 ,  220.00 ,,NO,SI
,2451,  294 ,  47 ,  0.0084 ,  -   ,  0.0337 ,  -   ,  4 ,  1.64 ,  90.00 ,  250.00 ,  300.00 ,,NO,SI
,2452,"  4,843 ",  723 ,  0.0022 ,  0.0130 ,  0.0520 ,  6 ,  24 ,  0.35 ,  51.31 ,  160.00 ,  245.00 ,,NO,SI
,2453,  941 ,  188 ,  0.0057 ,  0.0344 ,  0.0689 ,  6 ,  12 ,  -   ,  -   ,  -   ,  -   ,,NO,SI
,5244,  76 ,  -   ,  0.0050 ,  0.0302 ,  0.0604 ,  6 ,  12 ,  1.01 ,  475.00 ,  265.00 ,  40.00 ,,NO,SI
,2454,  534 ,  93 ,  0.0057 ,  0.0344 ,  0.0689 ,  6 ,  12 ,  -   ,  -   ,  -   ,  -   ,,NO,SI
,5245,  31 ,  -   ,  0.0050 ,  0.0302 ,  0.0604 ,  6 ,  12 ,  0.98 ,  475.00 ,  265.00 ,  40.00 ,,NO,SI
,2455,  385 ,  55 ,  0.0004 ,  0.0026 ,  0.0208 ,  6 ,  48 ,  0.19 ,  18.00 ,  76.75 ,  220.00 ,,NO,SI
,2456,  237 ,  47 ,  0.0005 ,  0.0031 ,  0.0187 ,  6 ,  36 ,  0.38 ,  21.90 ,  88.00 ,  270.00 ,,NO,SI
,2457,  835 ,  117 ,  0.0022 ,  0.0129 ,  0.0518 ,  6 ,  24 ,  0.82 ,  25.50 ,  175.00 ,  350.00 ,,NO,SI
,2458,  665 ,  82 ,  0.0021 ,  0.0043 ,  0.0340 ,  2 ,  16 ,  0.72 ,  98.30 ,  100.30 ,  285.00 ,,NO,SI
,2459,  248 ,  39 ,  0.0021 ,  0.0063 ,  0.0504 ,  3 ,  24 ,  0.56 ,  69.00 ,  115.00 ,  270.00 ,,NO,SI
,2460,  931 ,  125 ,  0.0009 ,  0.0055 ,  0.0329 ,  6 ,  36 ,  0.52 ,  22.40 ,  103.00 ,  295.00 ,,NO,SI
,2461,  165 ,  28 ,  0.0019 ,  0.0095 ,  0.0190 ,  5 ,  10 ,  1.05 ,  36.00 ,  120.00 ,  330.00 ,,NO,SI
,2462,  165 ,  23 ,  0.0033 ,  -   ,  0.0330 ,  -   ,  10 ,  -   ,  -   ,  -   ,  -   ,,NO,SI
,2463,  25 ,  23 ,  0.1396 ,  -   ,  0.1396 ,  -   ,  1 ,  -   ,  -   ,  -   ,  -   ,,NO,SI
,2464,"  1,497 ",  232 ,  0.0005 ,  0.0047 ,  0.0189 ,  10 ,  40 ,  0.40 ,  20.60 ,  130.00 ,  255.00 ,,NO,SI
,2465,  675 ,  111 ,  0.0005 ,  0.0032 ,  0.0322 ,  6 ,  60 ,  0.40 ,  17.17 ,  91.26 ,  285.00 ,,NO,SI
,2466,  508 ,  92 ,  0.0012 ,  0.0074 ,  0.0443 ,  6 ,  36 ,  0.58 ,  88.60 ,  400.00 ,  115.00 ,,NO,SI
,2467,  3 ,  5 ,  0.0001 ,  -   ,  0.0001 ,  -   ,  1 ,  0.20 ,  34.15 ,  34.15 ,  57.76 ,,NO,SI
,2468,  3 ,  3 ,  0.0001 ,  -   ,  0.0001 ,  -   ,  1 ,  0.15 ,  69.40 ,  69.40 ,  42.00 ,,NO,SI
,2469,  6 ,  1 ,  0.0001 ,  -   ,  0.0001 ,  -   ,  1 ,  0.08 ,  21.00 ,  21.00 ,  52.70 ,,NO,SI
,2470,  14 ,  4 ,  0.0001 ,  -   ,  0.0001 ,  -   ,  1 ,  0.02 ,  17.50 ,  17.50 ,  65.00 ,,NO,SI
,2471,  642 ,  111 ,  0.0006 ,  0.0097 ,  0.0194 ,  15 ,  30 ,  0.53 ,  4.00 ,  250.00 ,  282.00 ,,NO,SI
,2472,  985 ,  170 ,  0.0006 ,  0.0097 ,  0.0194 ,  15 ,  30 ,  0.54 ,  4.65 ,  250.00 ,  282.00 ,,NO,SI
,2473,  529 ,  86 ,  0.0006 ,  0.0097 ,  0.0194 ,  15 ,  30 ,  0.55 ,  4.44 ,  250.00 ,  285.00 ,,NO,SI
,2474,  251 ,  42 ,  0.0011 ,  0.0106 ,  0.0424 ,  10 ,  40 ,  0.19 ,  35.00 ,  105.00 ,  195.00 ,,NO,SI
,2475,"  1,274 ",  194 ,  0.0011 ,  0.0106 ,  0.0424 ,  10 ,  40 ,  0.22 ,  35.14 ,  105.00 ,  195.00 ,,NO,SI
,2476,"  1,264 ",  187 ,  0.0011 ,  0.0106 ,  0.0424 ,  10 ,  40 ,  -   ,  -   ,  -   ,  -   ,,NO,SI
,2477,  722 ,  107 ,  0.0011 ,  0.0106 ,  0.0424 ,  10 ,  40 ,  0.35 ,  35.06 ,  105.00 ,  195.00 ,,NO,SI
,2478,  271 ,  45 ,  0.0011 ,  0.0106 ,  0.0424 ,  10 ,  40 ,  0.47 ,  35.00 ,  105.00 ,  195.00 ,,NO,SI
,2479,  583 ,  92 ,  0.0011 ,  0.0106 ,  0.0424 ,  10 ,  40 ,  0.34 ,  34.97 ,  105.00 ,  195.00 ,,NO,SI
,2480,  352 ,  51 ,  0.0011 ,  0.0106 ,  0.0424 ,  10 ,  40 ,  0.46 ,  35.03 ,  105.00 ,  195.00 ,,NO,SI
,2481,  524 ,  64 ,  0.0011 ,  0.0106 ,  0.0424 ,  10 ,  40 ,  -   ,  -   ,  -   ,  -   ,,NO,SI
,2482,  375 ,  64 ,  0.0011 ,  0.0106 ,  0.0424 ,  10 ,  40 ,  0.59 ,  35.05 ,  105.00 ,  195.00 ,,NO,SI
,2483,  537 ,  74 ,  0.0000 ,  -   ,  0.0096 ,  -   ,  200 ,  0.03 ,  12.12 ,  60.00 ,  100.00 ,,NO,SI
,2484,  257 ,  42 ,  0.0001 ,  -   ,  0.0184 ,  -   ,  200 ,  0.03 ,  14.56 ,  60.00 ,  100.00 ,,NO,SI
,2485,  364 ,  58 ,  0.0001 ,  -   ,  0.0184 ,  -   ,  200 ,  0.04 ,  14.44 ,  60.00 ,  100.00 ,,NO,SI
,2486,  314 ,  48 ,  0.0001 ,  -   ,  0.0184 ,  -   ,  200 ,  0.05 ,  16.65 ,  60.00 ,  120.00 ,,NO,SI
,2487,  147 ,  30 ,  0.0017 ,  -   ,  0.0166 ,  -   ,  10 ,  1.04 ,  32.00 ,  150.00 ,  230.00 ,,NO,SI
,2488,  18 ,  60 ,  0.0007 ,  0.0040 ,  0.0397 ,  6 ,  60 ,  0.35 ,  45.00 ,  110.00 ,  270.00 ,,NO,SI
,5246,  345 ,  -   ,  0.0013 ,  0.0080 ,  0.0798 ,  6 ,  60 ,  0.35 ,  45.00 ,  110.00 ,  270.00 ,,NO,SI
,2489,  329 ,  56 ,  0.0006 ,  0.0033 ,  0.0331 ,  6 ,  60 ,  0.36 ,  31.50 ,  110.00 ,  275.00 ,,NO,SI
,2490,  329 ,  66 ,  0.0006 ,  0.0033 ,  0.0331 ,  6 ,  60 ,  0.40 ,  24.00 ,  110.00 ,  280.00 ,,NO,SI
,2491,  35 ,  -   ,  0.0000 ,  0.0010 ,  0.0010 ,  100 ,  100 ,  0.02 ,  12.40 ,  28.00 ,  30.00 ,,NO,SI
,2492,  3 ,  -   ,  0.0000 ,  0.0021 ,  0.0021 ,  100 ,  100 ,  0.02 ,  19.35 ,  28.60 ,  38.83 ,,NO,SI
,2493,  162 ,  24 ,  0.0003 ,  -   ,  0.0155 ,  -   ,  50 ,  0.37 ,  22.50 ,  45.00 ,  445.00 ,,NO,SI
,2494,  115 ,  18 ,  0.0003 ,  -   ,  0.0155 ,  -   ,  50 ,  0.40 ,  22.50 ,  45.00 ,  445.00 ,,NO,SI
,2495,  94 ,  17 ,  0.0003 ,  -   ,  0.0105 ,  -   ,  40 ,  -   ,  -   ,  -   ,  -   ,,NO,SI
,2496,  126 ,  14 ,  0.0003 ,  -   ,  0.0085 ,  -   ,  25 ,  0.55 ,  22.50 ,  40.00 ,  440.00 ,,NO,SI
,2497,  56 ,  10 ,  0.0002 ,  -   ,  0.0051 ,  -   ,  25 ,  0.60 ,  22.50 ,  40.00 ,  450.00 ,,NO,SI
,2498,  60 ,  9 ,  0.0004 ,  -   ,  0.0102 ,  -   ,  25 ,  0.70 ,  22.50 ,  40.00 ,  440.00 ,,NO,SI
,2499,  35 ,  6 ,  0.0002 ,  -   ,  0.0062 ,  -   ,  25 ,  0.78 ,  22.11 ,  40.00 ,  445.00 ,,NO,SI
,2500,  29 ,  4 ,  0.0006 ,  -   ,  0.0090 ,  -   ,  15 ,  0.89 ,  22.02 ,  40.00 ,  445.00 ,,NO,SI
,2501,  11 ,  4 ,  0.0002 ,  -   ,  0.0034 ,  -   ,  15 ,  1.14 ,  30.00 ,  40.00 ,  450.00 ,,NO,SI
,2502,  19 ,  3 ,  0.0004 ,  -   ,  0.0148 ,  -   ,  40 ,  0.50 ,  22.10 ,  40.00 ,  630.00 ,,NO,SI
,2503,  39 ,  4 ,  0.0004 ,  -   ,  0.0148 ,  -   ,  40 ,  0.55 ,  22.20 ,  40.00 ,  635.00 ,,NO,SI
,2504,  32 ,  6 ,  0.0005 ,  -   ,  0.0119 ,  -   ,  25 ,  -   ,  -   ,  -   ,  -   ,,NO,SI
,2505,  46 ,  13 ,  0.0005 ,  -   ,  0.0119 ,  -   ,  25 ,  0.83 ,  21.91 ,  40.00 ,  640.00 ,,NO,SI
,2506,  48 ,  6 ,  0.0003 ,  -   ,  0.0071 ,  -   ,  25 ,  0.89 ,  22.10 ,  40.00 ,  645.00 ,,NO,SI
,2507,  37 ,  5 ,  0.0002 ,  -   ,  0.0036 ,  -   ,  15 ,  1.03 ,  22.25 ,  40.00 ,  635.00 ,,NO,SI
,2508,  24 ,  4 ,  0.0009 ,  -   ,  0.0087 ,  -   ,  10 ,  1.21 ,  22.91 ,  40.00 ,  635.00 ,,NO,SI
,2509,  70 ,  7 ,  0.0002 ,  -   ,  0.0019 ,  -   ,  10 ,  1.34 ,  25.14 ,  40.00 ,  635.00 ,,NO,SI
,2510,  15 ,  4 ,  0.0012 ,  -   ,  0.0119 ,  -   ,  10 ,  1.90 ,  30.00 ,  40.00 ,  635.00 ,,NO,SI
,2511,  160 ,  32 ,  0.0004 ,  0.0103 ,  0.0207 ,  25 ,  50 ,#N/A,#N/A,#N/A,#N/A,,NO,SI
,2512,  306 ,  59 ,  0.0004 ,  0.0103 ,  0.0207 ,  25 ,  50 ,  -   ,  -   ,  -   ,  -   ,,NO,SI
,2513,  237 ,  43 ,  0.0004 ,  0.0081 ,  0.0163 ,  20 ,  40 ,  0.53 ,  35.00 ,  35.00 ,  155.00 ,,NO,SI
,2514,"  1,898 ",  315 ,  0.0004 ,  0.0087 ,  0.0175 ,  20 ,  40 ,  0.60 ,  40.00 ,  40.00 ,  155.00 ,,NO,SI
,2515,  466 ,  82 ,  0.0004 ,  0.0103 ,  0.0207 ,  25 ,  50 ,  0.33 ,  38.38 ,  38.87 ,  160.00 ,,NO,SI
,2516,  459 ,  74 ,  0.0004 ,  0.0103 ,  0.0207 ,  25 ,  50 ,  0.35 ,  38.82 ,  38.61 ,  150.00 ,,NO,SI
,2517,  176 ,  35 ,  0.0004 ,  0.0103 ,  0.0207 ,  25 ,  50 ,#N/A,#N/A,#N/A,#N/A,,NO,SI
,2518,  615 ,  97 ,  0.0004 ,  0.0103 ,  0.0207 ,  25 ,  50 ,  0.40 ,  38.80 ,  38.12 ,  165.00 ,,NO,SI
,2519,  153 ,  32 ,  0.0004 ,  0.0103 ,  0.0207 ,  25 ,  50 ,#N/A,#N/A,#N/A,#N/A,,NO,SI
,2520,  239 ,  38 ,  0.0004 ,  0.0103 ,  0.0207 ,  25 ,  50 ,  0.42 ,  40.00 ,  40.00 ,  165.00 ,,NO,SI
,2521,  155 ,  25 ,  0.0004 ,  0.0103 ,  0.0207 ,  25 ,  50 ,#N/A,#N/A,#N/A,#N/A,,NO,SI
,2522,"  1,330 ",  212 ,  0.0004 ,  0.0087 ,  0.0175 ,  20 ,  40 ,#N/A,#N/A,#N/A,#N/A,,NO,SI
,2523,  222 ,  36 ,  0.0004 ,  0.0087 ,  0.0175 ,  20 ,  40 ,#N/A,#N/A,#N/A,#N/A,,NO,SI
,2524,  311 ,  53 ,  0.0004 ,  0.0087 ,  0.0175 ,  20 ,  40 ,  -   ,  -   ,  -   ,  -   ,,NO,SI
,2525,  206 ,  35 ,  0.0004 ,  0.0081 ,  0.0163 ,  20 ,  40 ,  0.20 ,  40.00 ,  40.00 ,  175.00 ,,NO,SI
,2526,  958 ,  133 ,  0.0004 ,  0.0087 ,  0.0175 ,  20 ,  40 ,  0.58 ,  40.00 ,  40.00 ,  175.00 ,,NO,SI
,2527,  284 ,  37 ,  0.0027 ,  0.0275 ,  0.1099 ,  10 ,  40 ,  0.67 ,  43.87 ,  250.00 ,  260.00 ,,NO,SI
,2528,  524 ,  77 ,  0.0048 ,  -   ,  0.0476 ,  -   ,  10 ,  1.43 ,  61.05 ,  260.00 ,  275.00 ,,NO,SI
,2529,  299 ,  51 ,  0.0094 ,  -   ,  0.0378 ,  -   ,  4 ,  5.15 ,  75.00 ,  295.00 ,  380.00 ,,NO,SI
,2530,  203 ,  36 ,  0.0000 ,  -   ,  0.0039 ,  -   ,  100 ,  0.02 ,  26.88 ,  26.88 ,  130.00 ,,NO,SI
,2531,"  2,088 ",  413 ,  0.0002 ,  0.0028 ,  0.0562 ,  12 ,  240 ,  0.04 ,  17.00 ,  95.00 ,  155.00 ,,NO,SI
,2532,"  2,509 ",  473 ,  0.0002 ,  0.0029 ,  0.0344 ,  12 ,  144 ,  0.07 ,  22.00 ,  90.00 ,  155.00 ,,NO,SI
,2533,"  1,750 ",  273 ,  0.0002 ,  0.0029 ,  0.0344 ,  12 ,  144 ,  0.10 ,  18.00 ,  95.00 ,  155.00 ,,NO,SI
,2534,  749 ,  120 ,  0.0013 ,  0.0128 ,  0.0257 ,  10 ,  20 ,  0.58 ,  45.00 ,  110.00 ,  160.00 ,,NO,SI
,2535,  39 ,  243 ,  0.0023 ,  0.0114 ,  0.0229 ,  5 ,  10 ,  1.26 ,  60.00 ,  115.00 ,  200.00 ,,NO,SI
,5247,"  1,545 ",  -   ,  0.0014 ,  0.0069 ,  0.0138 ,  5 ,  10 ,  1.26 ,  60.00 ,  115.00 ,  200.00 ,,NO,SI
,2536,  452 ,  70 ,  0.0001 ,  -   ,  0.0207 ,  -   ,  150 ,  0.16 ,  35.00 ,  35.00 ,  85.00 ,,NO,SI
,2537,  435 ,  73 ,  0.0003 ,  0.0132 ,  0.0526 ,  50 ,  200 ,  -   ,  -   ,  -   ,  -   ,,NO,SI
,2538,  759 ,  99 ,  0.0003 ,  0.0132 ,  0.0528 ,  50 ,  200 ,  -   ,  -   ,  -   ,  -   ,,NO,SI
,2539,  704 ,  87 ,  0.0003 ,  0.0132 ,  0.0526 ,  50 ,  200 ,  -   ,  -   ,  -   ,  -   ,,NO,SI
,2540,  677 ,  89 ,  0.0003 ,  0.0132 ,  0.0526 ,  50 ,  200 ,  -   ,  -   ,  -   ,  -   ,,NO,SI
,2541,  237 ,  45 ,  0.0000 ,  0.0009 ,  0.0223 ,  30 ,  720 ,  0.03 ,  7.33 ,  14.70 ,  111.90 ,,NO,SI
,2542,  226 ,  39 ,  0.0000 ,  0.0010 ,  0.0228 ,  25 ,  600 ,  0.03 ,  8.77 ,  17.87 ,  130.22 ,,NO,SI
,2543,  383 ,  70 ,  0.0001 ,  0.0013 ,  0.0200 ,  25 ,  400 ,  0.05 ,  10.30 ,  22.42 ,  150.00 ,,NO,SI
,2544,  438 ,  74 ,  0.0001 ,  0.0013 ,  0.0202 ,  20 ,  320 ,  0.07 ,  12.85 ,  23.50 ,  160.00 ,,NO,SI
,2545,  486 ,  81 ,  0.0001 ,  0.0013 ,  0.0202 ,  20 ,  320 ,  0.09 ,  13.00 ,  28.40 ,  180.00 ,,NO,SI
,2546,  343 ,  63 ,  0.0001 ,  0.0020 ,  0.0162 ,  20 ,  160 ,  0.10 ,  14.40 ,  30.40 ,  190.00 ,,NO,SI
,2547,  173 ,  36 ,  0.0001 ,  0.0020 ,  0.0162 ,  15 ,  120 ,  0.12 ,  14.00 ,  33.16 ,  210.00 ,,NO,SI
,2548,  127 ,  28 ,  0.0002 ,  0.0026 ,  0.0155 ,  15 ,  90 ,  0.15 ,  14.60 ,  35.40 ,  220.00 ,,NO,SI
,2549,  142 ,  37 ,  0.0003 ,  0.0035 ,  0.0210 ,  12 ,  72 ,  0.19 ,  17.40 ,  40.00 ,  240.00 ,,NO,SI
,2550,  84 ,  22 ,  0.0003 ,  0.0035 ,  0.0210 ,  12 ,  72 ,  0.24 ,  16.45 ,  42.88 ,  260.00 ,,NO,SI
,2551,  131 ,  25 ,  0.0003 ,  0.0035 ,  0.0210 ,  12 ,  72 ,  0.25 ,  20.56 ,  44.72 ,  265.00 ,,NO,SI
,2552,  107 ,  20 ,  0.0003 ,  0.0035 ,  0.0210 ,  12 ,  72 ,  0.31 ,  17.34 ,  49.16 ,  290.00 ,,NO,SI
,2553,  84 ,  24 ,  0.0004 ,  0.0035 ,  0.0211 ,  10 ,  60 ,  0.32 ,  20.29 ,  55.34 ,  300.00 ,,NO,SI
,2554,  646 ,  127 ,  0.0000 ,  0.0009 ,  0.0223 ,  30 ,  720 ,  0.03 ,  7.06 ,  14.07 ,  111.11 ,,NO,SI
,5248,  13 ,  -   ,  0.0000 ,  0.0003 ,  0.0079 ,  30 ,  720 ,  0.03 ,  7.10 ,  14.10 ,  111.10 ,,NO,SI
,2555,"  1,113 ",  204 ,  0.0000 ,  0.0009 ,  0.0223 ,  30 ,  720 ,  0.03 ,  8.50 ,  16.77 ,  121.00 ,,NO,SI
,5249,  8 ,  -   ,  0.0000 ,  0.0005 ,  0.0124 ,  30 ,  720 ,  0.03 ,  8.50 ,  16.80 ,  121.00 ,,NO,SI
,2556,"  1,756 ",  336 ,  0.0000 ,  0.0010 ,  0.0228 ,  25 ,  600 ,  0.03 ,  9.50 ,  17.92 ,  130.00 ,,NO,SI
,5250,  8 ,  -   ,  0.0000 ,  0.0006 ,  0.0133 ,  25 ,  600 ,  0.03 ,  9.50 ,  17.90 ,  130.00 ,,NO,SI
,2557,  861 ,  177 ,  0.0001 ,  0.0013 ,  0.0200 ,  25 ,  400 ,  0.05 ,  8.17 ,  20.16 ,  140.00 ,,NO,SI
,5251,  7 ,  -   ,  0.0000 ,  0.0006 ,  0.0092 ,  25 ,  400 ,  0.05 ,  8.20 ,  20.20 ,  140.00 ,,NO,SI
,2558,"  2,973 ",  542 ,  0.0001 ,  0.0013 ,  0.0202 ,  20 ,  320 ,  0.05 ,  11.00 ,  22.00 ,  150.00 ,,NO,SI
,2559,"  2,359 ",  391 ,  0.0001 ,  0.0013 ,  0.0202 ,  20 ,  320 ,  0.07 ,  11.40 ,  23.10 ,  160.00 ,,NO,SI
,2560,"  1,258 ",  243 ,  0.0001 ,  0.0013 ,  0.0202 ,  20 ,  320 ,  0.07 ,  9.60 ,  25.55 ,  170.00 ,,NO,SI
,2561,"  2,602 ",  430 ,  0.0001 ,  0.0020 ,  0.0162 ,  20 ,  160 ,  0.08 ,  14.26 ,  28.50 ,  180.00 ,,NO,SI
,2562,"  1,468 ",  278 ,  0.0001 ,  0.0020 ,  0.0162 ,  20 ,  160 ,  0.10 ,  14.30 ,  30.10 ,  190.00 ,,NO,SI
,2563,"  1,127 ",  193 ,  0.0001 ,  0.0020 ,  0.0162 ,  20 ,  160 ,  -   ,  -   ,  -   ,  -   ,,NO,SI
,2564,  979 ,  178 ,  0.0001 ,  0.0020 ,  0.0162 ,  15 ,  120 ,  0.12 ,  14.27 ,  33.30 ,  210.00 ,,NO,SI
,2565,"  1,416 ",  251 ,  0.0002 ,  0.0026 ,  0.0155 ,  15 ,  90 ,  0.15 ,  15.90 ,  35.35 ,  120.00 ,,NO,SI
,2566,  699 ,  131 ,  0.0002 ,  0.0026 ,  0.0155 ,  15 ,  90 ,  0.16 ,  18.81 ,  37.56 ,  230.00 ,,NO,SI
,2567,"  1,152 ",  190 ,  0.0003 ,  0.0035 ,  0.0210 ,  12 ,  72 ,  0.19 ,  21.07 ,  40.48 ,  240.00 ,,NO,SI
,2568,  409 ,  78 ,  0.0003 ,  0.0035 ,  0.0210 ,  12 ,  72 ,  0.21 ,  20.62 ,  41.25 ,  250.00 ,,NO,SI
,2569,  416 ,  82 ,  0.0003 ,  0.0035 ,  0.0210 ,  12 ,  72 ,  0.25 ,  18.00 ,  43.55 ,  260.00 ,,NO,SI
,2570,  597 ,  113 ,  0.0003 ,  0.0035 ,  0.0210 ,  12 ,  72 ,  -   ,  -   ,  -   ,  -   ,,NO,SI
,2571,  338 ,  66 ,  0.0003 ,  0.0035 ,  0.0210 ,  12 ,  72 ,  0.27 ,  21.66 ,  46.37 ,  280.00 ,,NO,SI
,2572,  684 ,  126 ,  0.0003 ,  0.0035 ,  0.0210 ,  12 ,  72 ,  0.31 ,  23.16 ,  48.66 ,  290.00 ,,NO,SI
,2573,  297 ,  52 ,  0.0015 ,  0.0175 ,  0.0350 ,  12 ,  24 ,  0.60 ,  30.00 ,  155.00 ,  235.00 ,,NO,SI
,5252,  3 ,  -   ,  0.0011 ,  0.0131 ,  0.0262 ,  12 ,  24 ,  0.60 ,  30.00 ,  155.00 ,  235.00 ,,NO,SI
,2574,  513 ,  82 ,  0.0028 ,  0.0165 ,  0.0330 ,  6 ,  12 ,  0.90 ,  36.10 ,  220.00 ,  240.00 ,,NO,SI
,5253,  6 ,  -   ,  0.0019 ,  0.0114 ,  0.0228 ,  6 ,  12 ,  0.90 ,  36.10 ,  220.00 ,  240.00 ,,NO,SI
,2575,  401 ,  88 ,  0.0010 ,  -   ,  0.0200 ,  -   ,  20 ,  1.00 ,  48.30 ,  64.00 ,  325.00 ,,NO,SI
,2576,  288 ,  48 ,  0.0024 ,  0.0120 ,  0.0480 ,  5 ,  20 ,  0.25 ,  35.98 ,  170.00 ,  280.00 ,,NO,SI
,2577,  301 ,  48 ,  0.0024 ,  0.0120 ,  0.0480 ,  5 ,  20 ,  -   ,  -   ,  -   ,  -   ,,NO,SI
,2578,  678 ,  107 ,  0.0006 ,  -   ,  0.0282 ,  -   ,  50 ,  0.34 ,  28.44 ,  105.00 ,  140.00 ,,NO,SI
,2579,"  1,841 ",  244 ,  0.0006 ,  -   ,  0.0282 ,  -   ,  50 ,  0.32 ,  28.44 ,  105.00 ,  140.00 ,,NO,SI
,2580,  456 ,  81 ,  0.0001 ,  0.0040 ,  0.0079 ,  50 ,  100 ,  -   ,  -   ,  -   ,  -   ,,NO,SI
,2581,"  2,011 ",  303 ,  0.0001 ,  0.0045 ,  0.0090 ,  50 ,  100 ,  0.14 ,  17.64 ,  17.18 ,  170.00 ,,NO,SI
,2582,  609 ,  103 ,  0.0026 ,  -   ,  0.0922 ,  -   ,  36 ,  0.44 ,  61.40 ,  200.00 ,  180.00 ,,NO,SI
,2583,  334 ,  48 ,  0.0034 ,  -   ,  0.0678 ,  -   ,  20 ,  0.42 ,  63.30 ,  135.00 ,  335.00 ,,NO,SI
,2584,  668 ,  92 ,  0.0002 ,  0.0090 ,  0.0180 ,  50 ,  100 ,  0.08 ,  25.00 ,  25.00 ,  190.00 ,,NO,SI
,2585,"  1,411 ",  237 ,  0.0004 ,  0.0045 ,  0.0180 ,  12 ,  48 ,  0.25 ,  34.00 ,  65.00 ,  105.00 ,,NO,SI
,2586,"  1,688 ",  279 ,  0.0004 ,  0.0025 ,  0.0302 ,  6 ,  72 ,  0.18 ,  27.30 ,  110.00 ,  140.00 ,,NO,SI
,2587,  438 ,  83 ,  0.0096 ,  -   ,  0.0480 ,  -   ,  5 ,  2.57 ,  81.00 ,  310.00 ,  240.00 ,,NO,SI
,2588,  433 ,  92 ,  0.0095 ,  -   ,  0.0762 ,  -   ,  8 ,  3.06 ,  56.60 ,  250.00 ,  350.00 ,,NO,SI
,5254,  11 ,  -   ,  0.0050 , #VALUE!,  0.0396 , -,  8 ,  3.06 ,  56.60 ,  250.00 ,  350.00 ,,NO,SI
,2589,  172 ,  76 ,  0.0002 ,  -   ,  0.0229 ,  -   ,  100 ,  0.06 ,  22.07 ,  60.00 ,  260.00 ,,NO,SI
,5255,  415 ,  -   ,  0.0003 , #VALUE!,  0.0344 , -,  100 ,  0.06 ,  22.10 ,  60.00 ,  260.00 ,,NO,SI
,2590,  148 ,  31 ,  0.0072 ,  -   ,  0.0360 ,  -   ,  5 ,  3.94 ,  81.81 ,  300.00 ,  235.00 ,,NO,SI
,2591,  96 ,  53 ,  0.0004 ,  0.0020 ,  0.0160 ,  5 ,  40 ,  0.30 ,  31.60 ,  70.00 ,  290.00 ,,NO,SI
,5256,  281 ,  -   ,  0.0006 ,  0.0032 ,  0.0256 ,  5 ,  40 ,  0.30 ,  31.60 ,  70.00 ,  290.00 ,,NO,SI
,2592,  705 ,  124 ,  0.0163 ,  -   ,  0.0654 ,  -   ,  4 ,  5.31 ,  205.00 ,  215.00 ,  330.00 ,,NO,SI
,2593,  67 ,  9 ,  0.0184 ,  -   ,  0.0368 ,  -   ,  2 ,  -   ,  -   ,  -   ,  -   ,,NO,SI
,2594,  49 ,  163 ,  0.0009 ,  0.0051 ,  0.0306 ,  6 ,  36 ,  0.52 ,  31.00 ,  90.00 ,  360.00 ,,NO,SI
,5257,  875 ,  -   ,  0.0010 ,  0.0060 ,  0.0360 ,  6 ,  36 ,  0.52 ,  31.00 ,  90.00 ,  360.00 ,,NO,SI
,2595,  168 ,  33 ,  0.0004 ,  0.0024 ,  0.0192 ,  6 ,  48 ,  0.35 ,  18.74 ,  55.41 ,  300.00 ,,NO,SI
,2596,  183 ,  36 ,  0.0004 ,  0.0024 ,  0.0192 ,  6 ,  48 ,  0.38 ,  24.42 ,  57.13 ,  310.00 ,,NO,SI
,2597,  396 ,  50 ,  0.0004 ,  0.0025 ,  0.0200 ,  6 ,  48 ,  0.43 ,  26.16 ,  59.50 ,  320.00 ,,NO,SI
,2598,  279 ,  53 ,  0.0004 ,  0.0024 ,  0.0194 ,  6 ,  48 ,  0.47 ,  24.21 ,  68.78 ,  330.00 ,,NO,SI
,2599,  183 ,  31 ,  0.0006 ,  0.0035 ,  0.0139 ,  6 ,  24 ,  0.45 ,  17.55 ,  64.00 ,  340.00 ,,NO,SI
,2600,  234 ,  44 ,  0.0006 ,  0.0035 ,  0.0139 ,  6 ,  24 ,  0.56 ,  24.18 ,  65.35 ,  350.00 ,,NO,SI
,2601,  323 ,  51 ,  0.0006 ,  0.0035 ,  0.0139 ,  6 ,  24 ,  0.66 ,  27.77 ,  70.70 ,  365.00 ,,NO,SI
,2602,  424 ,  58 ,  0.0007 ,  0.0022 ,  0.0090 ,  3 ,  12 ,  0.72 ,  25.68 ,  64.31 ,  400.00 ,,NO,SI
,2603,  369 ,  55 ,  0.0007 ,  0.0022 ,  0.0090 ,  3 ,  12 ,  0.72 ,  18.36 ,  64.64 ,  405.00 ,,NO,SI
,2604,  535 ,  87 ,  0.0011 ,  0.0032 ,  0.0129 ,  3 ,  12 ,  1.08 ,  27.50 ,  77.70 ,  450.00 ,,NO,SI
,2605,  228 ,  33 ,  0.0011 ,  0.0032 ,  0.0130 ,  3 ,  12 ,  0.98 ,  19.40 ,  76.47 ,  445.00 ,,NO,SI
,2606,  337 ,  50 ,  0.0011 ,  0.0032 ,  0.0130 ,  3 ,  12 ,  1.09 ,  20.00 ,  77.70 ,  445.00 ,,NO,SI
,2607,  287 ,  44 ,  0.0014 ,  0.0043 ,  0.0085 ,  3 ,  6 ,  1.55 ,  21.00 ,  85.65 ,  470.00 ,,NO,SI
,2608,  288 ,  44 ,  0.0014 ,  0.0043 ,  0.0085 ,  3 ,  6 ,  1.63 ,  23.00 ,  87.02 ,  470.00 ,,NO,SI
,2609,  93 ,  16 ,  0.0008 ,  0.0031 ,  0.0184 ,  4 ,  24 ,  1.00 ,  90.00 ,  90.00 ,  90.00 ,,NO,SI
,2610,  69 ,  9 ,  0.0011 ,  -   ,  0.0138 ,  -   ,  12 ,  1.66 ,  75.28 ,  75.28 ,  74.65 ,,NO,SI
,5258,  4 ,  -   ,  0.0004 , #VALUE!,  0.0051 , -,  12 ,  1.66 ,  75.30 ,  75.30 ,  74.70 ,,NO,SI
,2611,"  2,347 ",  355 ,  0.0002 ,  0.0018 ,  0.0360 ,  12 ,  240 ,  0.05 ,  18.50 ,  51.00 ,  195.00 ,,NO,SI
,2612,"  4,051 ",  563 ,  0.0002 ,  0.0018 ,  0.0360 ,  12 ,  240 ,  -   ,  -   ,  -   ,  -   ,,NO,SI
,2613,"  6,259 ",  985 ,  0.0002 ,  0.0018 ,  0.0360 ,  12 ,  240 ,  0.06 ,  18.50 ,  55.00 ,  205.00 ,,NO,SI
,2614,"  7,605 ",  985 ,  0.0002 ,  0.0018 ,  0.0360 ,  12 ,  240 ,  0.06 ,  18.50 ,  65.00 ,  210.00 ,,NO,SI
,2615,"  6,417 ",  983 ,  0.0002 ,  0.0018 ,  0.0360 ,  12 ,  240 ,  0.07 ,  18.50 ,  80.00 ,  210.00 ,,NO,SI
,2616,"  3,023 ",  385 ,  0.0002 ,  0.0018 ,  0.0360 ,  12 ,  240 ,  0.07 ,  18.00 ,  80.00 ,  210.00 ,,NO,SI
,2617,"  4,821 ",  747 ,  0.0002 ,  0.0025 ,  0.0502 ,  12 ,  240 ,  0.08 ,  18.00 ,  100.00 ,  210.00 ,,NO,SI
,2618,"  3,720 ",  580 ,  0.0002 ,  0.0025 ,  0.0252 ,  12 ,  120 ,  0.10 ,  18.00 ,  130.00 ,  210.00 ,,NO,SI
,2619,"  3,757 ",  577 ,  0.0002 ,  0.0028 ,  0.0284 ,  12 ,  120 ,  0.10 ,  18.00 ,  150.00 ,  210.00 ,,NO,SI
,2620,  224 ,  40 ,  0.0007 ,  -   ,  0.0073 ,  -   ,  10 ,  1.94 ,  40.92 ,  120.00 ,  135.00 ,,NO,SI
,5259,  6 ,  -   ,  0.0007 , #VALUE!,  0.0066 , -,  10 ,  1.94 ,  40.90 ,  120.00 ,  135.00 ,,NO,SI
,2621,  288 ,  35 ,  0.0022 ,  -   ,  0.0219 ,  -   ,  10 ,  2.19 ,  60.00 ,  95.00 ,  135.00 ,,NO,SI
,5260,  8 ,  -   ,  0.0008 , #VALUE!,  0.0077 , -,  10 ,  2.19 ,  60.00 ,  95.00 ,  135.00 ,,NO,SI
,2622,  261 ,  37 ,  0.0011 ,  -   ,  0.0063 ,  -   ,  6 ,  2.62 ,  70.00 ,  95.00 ,  135.00 ,,NO,SI
,5261,  2 ,  -   ,  0.0009 , #VALUE!,  0.0054 , -,  6 ,  2.62 ,  70.00 ,  95.00 ,  135.00 ,,NO,SI
,2623,  218 ,  33 ,  0.0013 ,  -   ,  0.0081 ,  -   ,  6 ,  3.43 ,  90.00 ,  95.00 ,  135.00 ,,NO,SI
,5262,  2 ,  -   ,  0.0012 , #VALUE!,  0.0069 , -,  6 ,  3.43 ,  90.00 ,  95.00 ,  135.00 ,,NO,SI
,2624,  403 ,  80 ,  0.0001 ,  0.0085 ,  0.0340 ,  100 ,  400 ,  0.06 ,  3.50 ,  90.00 ,  220.00 ,,NO,SI
,2625,  418 ,  74 ,  0.0001 ,  0.0100 ,  0.0400 ,  100 ,  400 ,  0.05 ,  3.50 ,  70.00 ,  250.00 ,,NO,SI
,2626,  409 ,  66 ,  0.0001 ,  0.0078 ,  0.0312 ,  100 ,  400 ,  0.05 ,  3.15 ,  90.00 ,  200.00 ,,NO,SI
,2627,  185 ,  43 ,  0.0001 ,  0.0066 ,  0.0264 ,  100 ,  400 ,  0.03 ,  3.50 ,  80.00 ,  170.00 ,,NO,SI
,2628,  443 ,  60 ,  0.0003 ,  0.0056 ,  0.0222 ,  20 ,  80 ,  0.06 ,  4.85 ,  120.00 ,  170.00 ,,NO,SI
,2629,  397 ,  70 ,  0.0020 ,  0.0100 ,  0.0600 ,  5 ,  30 ,  0.72 ,  20.00 ,  275.00 ,  255.00 ,,NO,SI
,2630,  194 ,  40 ,  0.0006 ,  0.0038 ,  0.0230 ,  6 ,  36 ,  0.36 ,  22.00 ,  140.00 ,  260.00 ,,NO,SI
,2631,  807 ,  151 ,  0.0033 ,  -   ,  0.0329 ,  -   ,  10 ,  -   ,  -   ,  -   ,  -   ,,NO,SI
,2632,"  1,148 ",  184 ,  0.0004 ,  -   ,  0.0078 ,  -   ,  20 ,  1.00 ,  18.70 ,  90.00 ,  340.00 ,,NO,SI
,2633,"  1,556 ",  289 ,  0.0019 ,  -   ,  0.0078 ,  -   ,  4 ,  -   ,  -   ,  -   ,  -   ,,NO,SI
,2634,"  7,012 ","  1,024 ",  0.0004 ,  -   ,  0.0081 ,  -   ,  20 ,  1.00 ,  15.00 ,  60.00 ,  350.00 ,,NO,SI
,2635,"  8,645 ","  1,540 ",  0.0020 ,  -   ,  0.0081 ,  -   ,  4 ,  5.00 ,  55.00 ,  85.00 ,  360.00 ,,NO,SI
,2636,"  1,778 ",  251 ,  0.0004 ,  -   ,  0.0081 ,  -   ,  20 ,  1.02 ,  18.50 ,  80.00 ,  435.00 ,,NO,SI
,2637,"  2,944 ",  509 ,  0.0020 ,  -   ,  0.0081 ,  -   ,  4 ,  5.00 ,  60.00 ,  360.00 ,  85.00 ,,NO,SI
,2638,  762 ,  137 ,  0.0019 ,  -   ,  0.0078 ,  -   ,  4 ,  5.10 ,  60.00 ,  310.00 ,  90.00 ,,NO,SI
,2639,"  1,025 ",  151 ,  0.0020 ,  -   ,  0.0081 ,  -   ,  4 ,  5.13 ,  59.65 ,  83.00 ,  360.00 ,,NO,SI
,2640,  214 ,  39 ,  0.0023 ,  -   ,  0.0092 ,  -   ,  4 ,  5.00 ,  25.74 ,  82.00 ,  410.00 ,,NO,SI
,2641,"  6,466 ",  966 ,  0.0007 ,  -   ,  0.0136 ,  -   ,  20 ,  -   ,  -   ,  -   ,  -   ,,NO,SI
,2642,  739 ,  125 ,  0.0006 ,  -   ,  0.0006 ,  -   ,  1 ,  5.46 ,  58.59 ,  215.00 ,  215.00 ,,NO,SI
,2643,"  3,339 ",  474 ,  0.0007 ,  -   ,  0.0136 ,  -   ,  20 ,  1.11 ,  50.00 ,  110.00 ,  110.00 ,,NO,SI
,2644,  413 ,  76 ,  0.0006 ,  -   ,  0.0006 ,  -   ,  1 ,  5.44 ,  59.10 ,  210.00 ,  210.00 ,,NO,SI
,2645,  43 ,  50 ,  0.0016 ,  -   ,  0.0564 ,  -   ,  36 ,  0.33 ,  55.65 ,  87.50 ,  230.00 ,,NO,SI
,2647,  810 ,  113 ,  0.0008 ,  0.0046 ,  0.0276 ,  6 ,  36 ,  0.45 ,  28.00 ,  100.00 ,  300.00 ,,NO,SI
,2648,"  1,939 ",  297 ,  0.0006 ,  0.0063 ,  0.0375 ,  10 ,  60 ,  -   ,  -   ,  -   ,  -   ,,NO,SI
,2649,"  2,098 ",  330 ,  0.0009 ,  0.0092 ,  0.0368 ,  10 ,  40 ,  -   ,  -   ,  -   ,  -   ,,NO,SI
,2650,"  1,099 ",  169 ,  0.0016 ,  0.0327 ,  0.0327 ,  20 ,  20 ,  -   ,  -   ,  -   ,  -   ,,NO,SI
,2651,  267 ,  40 ,  0.0003 ,  0.0033 ,  0.0264 ,  12 ,  96 ,  0.03 ,  15.00 ,  95.00 ,  125.00 ,,NO,SI
,2652,  214 ,  34 ,  0.0003 ,  0.0033 ,  0.0264 ,  12 ,  96 ,  0.03 ,  14.80 ,  95.00 ,  135.00 ,,NO,SI
,2653,  363 ,  55 ,  0.0003 ,  0.0033 ,  0.0264 ,  12 ,  96 ,  0.04 ,  15.00 ,  95.00 ,  150.00 ,,NO,SI
,2654,  321 ,  47 ,  0.0005 ,  0.0056 ,  0.0337 ,  12 ,  72 ,  0.08 ,  19.00 ,  115.00 ,  155.00 ,,NO,SI
,2655,  209 ,  34 ,  0.0005 ,  0.0056 ,  0.0337 ,  12 ,  72 ,  0.10 ,  18.60 ,  115.00 ,  180.00 ,,NO,SI
,2656,  178 ,  25 ,  0.0014 ,  0.0169 ,  0.0338 ,  12 ,  24 ,  0.17 ,  22.45 ,  135.00 ,  195.00 ,,NO,SI
,2657,  123 ,  19 ,  0.0014 ,  0.0169 ,  0.0338 ,  12 ,  24 ,  0.23 ,  23.35 ,  135.00 ,  190.00 ,,NO,SI
,2658,  184 ,  35 ,  0.0041 ,  0.0245 ,  0.0489 ,  6 ,  12 ,  0.83 ,  30.00 ,  300.00 ,  360.00 ,,NO,SI
,5263,  1 ,  -   ,  0.0032 ,  0.0194 ,  0.0389 ,  6 ,  12 ,  0.83 ,  30.00 ,  300.00 ,  360.00 ,,NO,SI
,2659,  27 ,  6 ,  0.0039 ,  -   ,  0.0386 ,  -   ,  10 ,  -   ,  -   ,  -   ,  -   ,,NO,SI
,2660,"  3,397 ",  774 ,  0.0306 ,  -   ,  0.0613 ,  -   ,  2 ,  14.32 ,  110.00 ,  403.00 ,  595.00 ,,NO,SI
,2661,"  1,003 ",  137 ,  0.0002 ,  -   ,  0.1090 ,  -   ,  500 ,  -   ,  -   ,  -   ,  -   ,,NO,SI
,2662,"  1,535 ",  181 ,  0.0002 ,  -   ,  0.1090 ,  -   ,  500 ,  -   ,  -   ,  -   ,  -   ,,NO,SI
,2663,"  1,363 ",  209 ,  0.0002 ,  -   ,  0.1090 ,  -   ,  500 ,  -   ,  -   ,  -   ,  -   ,,NO,SI
,2664,  980 ,  170 ,  0.0002 ,  -   ,  0.1086 ,  -   ,  600 ,  -   ,  -   ,  -   ,  -   ,,NO,SI
,2665,"  1,382 ",  215 ,  0.0002 ,  -   ,  0.1086 ,  -   ,  600 ,  -   ,  -   ,  -   ,  -   ,,NO,SI
,2666,"  2,565 ",  263 ,  0.0002 ,  -   ,  0.1086 ,  -   ,  600 ,  -   ,  -   ,  -   ,  -   ,,NO,SI
,2667,  28 ,#N/A,#N/A,#N/A,#N/A,  -   ,  1 ,#N/A,#N/A,#N/A,#N/A,,NO,SI
,2668,"  1,408 ",  224 ,  0.0014 ,  -   ,  0.0278 ,  -   ,  20 ,  -   ,  -   ,  -   ,  -   ,,NO,SI
,2669,"  1,126 ",  175 ,  0.0013 ,  -   ,  0.0251 ,  -   ,  20 ,  -   ,  -   ,  -   ,  -   ,,NO,SI
,2670,"  1,301 ",  194 ,  0.0010 ,  -   ,  0.0206 ,  -   ,  20 ,  -   ,  -   ,  -   ,  -   ,,NO,SI
,2671,  973 ,  170 ,  0.0009 ,  -   ,  0.0173 ,  -   ,  20 ,  -   ,  -   ,  -   ,  -   ,,NO,SI
,2672,  991 ,  172 ,  0.0008 ,  -   ,  0.0158 ,  -   ,  20 ,  -   ,  -   ,  -   ,  -   ,,NO,SI
,2673,  664 ,  92 ,  0.0008 ,  -   ,  0.0158 ,  -   ,  20 ,  -   ,  -   ,  -   ,  -   ,,NO,SI
,2674,  409 ,  76 ,  0.0008 ,  0.0082 ,  0.0820 ,  10 ,  100 ,  -   ,  -   ,  -   ,  -   ,,NO,SI
,2675,  289 ,  52 ,  0.0009 ,  0.0086 ,  0.0856 ,  10 ,  100 ,  -   ,  -   ,  -   ,  -   ,,NO,SI
,2676,  336 ,  50 ,  0.0009 ,  0.0086 ,  0.0856 ,  10 ,  100 ,  -   ,  -   ,  -   ,  -   ,,NO,SI
,2677,  319 ,  46 ,  0.0009 ,  0.0086 ,  0.0856 ,  10 ,  100 ,  -   ,  -   ,  -   ,  -   ,,NO,SI
,2678,"  1,678 ",  275 ,  0.0019 ,  -   ,  0.0152 ,  -   ,  8 ,#N/A,#N/A,#N/A,#N/A,,NO,SI
,2679,  259 ,  44 ,  0.0027 ,  0.0164 ,  0.0329 ,  6 ,  12 ,  -   ,  -   ,  -   ,  -   ,,NO,SI
,2680,  405 ,  52 ,  0.0003 ,  0.0040 ,  0.0158 ,  12 ,  48 ,  -   ,  -   ,  -   ,  -   ,,NO,SI
,2681,  494 ,  71 ,  0.0005 ,  0.0061 ,  0.0182 ,  12 ,  36 ,  -   ,  -   ,  -   ,  -   ,,NO,SI
,2682,  481 ,  60 ,  0.0008 ,  0.0046 ,  0.0183 ,  6 ,  24 ,  -   ,  -   ,  -   ,  -   ,,NO,SI
,2683,  300 ,  40 ,  0.0011 ,  0.0063 ,  0.0252 ,  6 ,  24 ,  -   ,  -   ,  -   ,  -   ,,NO,SI
,2684,  11 ,  74 ,  0.0105 ,  0.2094 ,  0.0838 ,  20 ,  8 ,  -   ,  -   ,  -   ,  -   ,,NO,SI
,5264,  460 ,  -   ,  0.0078 , #VALUE!,  0.0627 , -,  8 ,  0.56 ,  160.00 ,  200.00 ,  245.00 ,,NO,SI
,2685,  5 ,  61 ,  0.0105 ,  0.2094 ,  0.0838 ,  20 ,  8 ,  -   ,  -   ,  -   ,  -   ,,NO,SI
,5265,  388 ,  -   ,  0.0078 , #VALUE!,  0.0627 , -,  8 ,  0.62 ,  160.00 ,  200.00 ,  245.00 ,,NO,SI
,2686,  106 ,  12 ,  0.0196 ,  -   ,  0.1570 ,  -   ,  8 ,  -   ,  -   ,  -   ,  -   ,,NO,SI
,2687,  92 ,  15 ,  0.0196 ,  -   ,  0.1570 ,  -   ,  8 ,  -   ,  -   ,  -   ,  -   ,,NO,SI
,2688,"  2,072 ",  279 ,  0.0003 ,  0.0016 ,  0.0129 ,  6 ,  48 ,  0.17 ,  31.40 ,  79.00 ,  218.00 ,,NO,SI
,5266,  23 ,  -   ,  0.0005 ,  0.0032 ,  0.0259 ,  6 ,  48 ,  0.17 ,  31.40 ,  79.00 ,  218.00 ,,NO,SI
,2689,"  1,997 ",  321 ,  0.0006 ,  0.0038 ,  0.0305 ,  6 ,  48 ,  0.23 ,  30.00 ,  92.00 ,  250.00 ,,NO,SI
,5267,  150 ,  -   ,  0.0007 ,  0.0041 ,  0.0331 ,  6 ,  48 ,  0.23 ,  30.00 ,  92.00 ,  250.00 ,,NO,SI
,2690,"  1,820 ",  240 ,  0.0004 ,  0.0042 ,  0.0339 ,  12 ,  96 ,  0.18 ,  28.00 ,  79.00 ,  218.00 ,,NO,SI
,2691,  838 ,  132 ,  0.0002 ,  0.0096 ,  0.0191 ,  50 ,  100 ,  -   ,  -   ,  -   ,  -   ,,NO,SI
,2692,  987 ,  308 ,  0.0007 ,  0.0089 ,  0.0443 ,  12 ,  60 ,  -   ,  -   ,  -   ,  -   ,,NO,SI
,5268,  996 ,  -   ,  0.0006 ,  0.0076 ,  0.0378 ,  12 ,  60 ,  0.31 ,  275.00 ,  91.70 ,  25.00 ,,NO,SI
,2693,  35 ,#N/A,#N/A,#N/A,#N/A,#N/A,#N/A,  -   ,  -   ,  -   ,  -   ,,NO,SI
,5269,  4 ,  -   ,  0.0000 , #VALUE!,  0.0000 , -,  1 ,  0.04 ,  5.00 ,  35.00 ,  110.00 ,,NO,SI
,2694,  123 ,#N/A,#N/A,#N/A,#N/A,#N/A,#N/A,  -   ,  -   ,  -   ,  -   ,,NO,SI
,5270,  30 ,  -   ,  0.0000 , #VALUE!,  0.0000 , -,  1 ,  0.00 ,  12.00 ,  12.00 ,  45.00 ,,NO,SI
,2695,  150 ,  13 ,  0.0778 ,  -   ,  0.0778 ,  -   ,  1 ,  -   ,  -   ,  -   ,  -   ,,NO,SI
,2696,  79 ,  4 ,  0.0176 ,  -   ,  0.0352 ,  -   ,  2 ,  -   ,  -   ,  -   ,  -   ,,NO,SI
,2697,  585 ,  74 ,  0.0004 ,  -   ,  0.0307 ,  -   ,  80 ,  -   ,  -   ,  -   ,  -   ,,NO,SI
,2698,"  1,311 ",  178 ,  0.0005 ,  -   ,  0.0308 ,  -   ,  60 ,  -   ,  -   ,  -   ,  -   ,,NO,SI
,2699,  834 ,  101 ,  0.0006 ,  -   ,  0.0362 ,  -   ,  60 ,  -   ,  -   ,  -   ,  -   ,,NO,SI
,2700,  518 ,  87 ,  0.0001 ,  0.0013 ,  0.0130 ,  10 ,  100 ,#N/A,#N/A,#N/A,#N/A,,NO,SI
,2701,  645 ,  103 ,  0.0001 ,  0.0013 ,  0.0130 ,  10 ,  100 ,#N/A,#N/A,#N/A,#N/A,,NO,SI
,2702,  927 ,  140 ,  0.0002 ,  0.0010 ,  0.0105 ,  5 ,  50 ,#N/A,#N/A,#N/A,#N/A,,NO,SI
,2703,  968 ,  198 ,  0.0006 ,  -   ,  0.0117 ,  -   ,  20 ,#N/A,#N/A,#N/A,#N/A,,NO,SI
,5271,  46 ,  -   ,  0.0009 , #VALUE!,  0.0180 , -,  20 ,  0.75 ,  500.00 ,  90.00 ,  20.00 ,,NO,SI
,2704,  622 ,  91 ,  0.0002 ,  0.0016 ,  0.0158 ,  10 ,  100 ,#N/A,#N/A,#N/A,#N/A,,NO,SI
,2705,  793 ,  108 ,  0.0003 ,  0.0026 ,  0.0262 ,  10 ,  100 ,#N/A,#N/A,#N/A,#N/A,,NO,SI
,2706,"  1,150 ",  142 ,  0.0003 ,  0.0026 ,  0.0262 ,  10 ,  100 ,#N/A,#N/A,#N/A,#N/A,,NO,SI
,2707,  974 ,  141 ,  0.0004 ,  0.0038 ,  0.0375 ,  10 ,  100 ,#N/A,#N/A,#N/A,#N/A,,NO,SI
,2708,  586 ,  79 ,  0.0004 ,  0.0038 ,  0.0375 ,  10 ,  100 ,#N/A,#N/A,#N/A,#N/A,,NO,SI
,2709,  369 ,  59 ,  0.0007 ,  0.0042 ,  0.0416 ,  6 ,  60 ,#N/A,#N/A,#N/A,#N/A,,NO,SI
,2710,"  2,141 ",  236 ,  0.0005 ,  0.0064 ,  0.0256 ,  12 ,  48 ,#N/A,#N/A,#N/A,#N/A,,NO,SI
,2711,  662 ,  77 ,  0.0355 ,  -   ,  0.0710 ,  -   ,  2 ,#N/A,#N/A,#N/A,#N/A,,NO,SI
,2712,"  3,574 ",  540 ,  0.0007 ,  0.0083 ,  0.0826 ,  12 ,  120 ,  0.13 ,  75.00 ,  29.60 ,  260.00 ,,NO,SI
,2713,  560 ,  110 ,  0.0001 ,  0.0007 ,  0.0426 ,  10 ,  600 ,  0.05 ,  8.30 ,  21.10 ,  143.60 ,,NO,SI
,2714,  810 ,  147 ,  0.0001 ,  0.0007 ,  0.0219 ,  10 ,  300 ,  0.07 ,  8.70 ,  23.80 ,  152.90 ,,NO,SI
,2715,  579 ,  116 ,  0.0001 ,  0.0014 ,  0.0282 ,  10 ,  200 ,  0.11 ,  10.10 ,  27.00 ,  172.30 ,,NO,SI
,2716,  515 ,  105 ,  0.0001 ,  0.0014 ,  0.0282 ,  10 ,  200 ,  0.14 ,  10.60 ,  32.20 ,  195.60 ,,NO,SI
,2717,  528 ,  72 ,  0.0005 ,  0.0030 ,  0.0240 ,  6 ,  48 ,  0.25 ,  14.50 ,  100.00 ,  170.00 ,,NO,SI
,2718,  299 ,  49 ,  0.0134 ,  0.0802 ,  0.6415 ,  6 ,  48 ,  0.34 ,  15.50 ,  100.00 ,  170.00 ,,NO,SI
,2719,  336 ,  36 ,  0.0019 ,  -   ,  0.0189 ,  -   ,  10 ,  0.93 ,  33.00 ,  185.00 ,  220.00 ,,NO,SI
,2720,  159 ,  18 ,  0.0019 ,  -   ,  0.0189 ,  -   ,  10 ,  1.01 ,  33.00 ,  185.00 ,  220.00 ,,NO,SI
,2721,  835 ,  136 ,  0.0008 ,  0.0094 ,  0.0754 ,  12 ,  96 ,  0.14 ,  60.00 ,  115.00 ,  165.00 ,,NO,SI
,2722,  280 ,  49 ,  0.0028 ,  -   ,  0.0276 ,  -   ,  10 ,  2.03 ,  175.00 ,  120.00 ,  100.00 ,,NO,SI
,2723,  251 ,  37 ,  0.0034 ,  -   ,  0.0274 ,  -   ,  8 ,  2.86 ,  210.00 ,  125.00 ,  110.00 ,,NO,SI
,2724,  265 ,  47 ,  0.0043 ,  -   ,  0.0257 ,  -   ,  6 ,  3.67 ,  210.00 ,  130.00 ,  120.00 ,,NO,SI
,2725,  219 ,  40 ,  0.0059 ,  -   ,  0.0236 ,  -   ,  4 ,  4.82 ,  225.00 ,  145.00 ,  140.00 ,,NO,SI
,2726,  220 ,  32 ,  0.0091 ,  -   ,  0.0182 ,  -   ,  2 ,  9.20 ,  255.00 ,  180.00 ,  165.00 ,,NO,SI
,2727,  220 ,  40 ,  0.0113 ,  -   ,  0.0227 ,  -   ,  2 ,  11.52 ,  300.00 ,  180.00 ,  180.00 ,,NO,SI
,2728,  102 ,  15 ,  0.0155 ,  -   ,  0.0155 ,  -   ,  1 ,  20.10 ,  325.00 ,  230.00 ,  220.00 ,,NO,SI
,2729,  258 ,  37 ,  0.0004 ,  -   ,  0.0236 ,  -   ,  60 ,  0.28 ,  89.00 ,  74.00 ,  68.00 ,,NO,SI
,2731,  162 ,  31 ,  0.0010 ,  -   ,  0.0198 ,  -   ,  20 ,  0.88 ,  108.00 ,  105.00 ,  100.00 ,,NO,SI
,2732,  269 ,  397 ,  0.0008 ,  0.0050 ,  0.0398 ,  6 ,  48 ,  0.49 ,  30.00 ,  93.00 ,  315.00 ,,NO,SI
,5272,"  1,917 ",  -   ,  0.0009 ,  0.0053 ,  0.0421 ,  6 ,  48 ,  0.49 ,  30.00 ,  93.00 ,  315.00 ,,NO,SI
,2733,  408 ,  86 ,  0.0063 ,  -   ,  0.0379 ,  -   ,  6 ,  2.15 ,  55.00 ,  50.00 ,  670.00 ,,NO,SI
,5273,  46 ,  -   ,  0.0018 , #VALUE!,  0.0110 , -,  6 ,  2.15 ,  55.00 ,  50.00 ,  670.00 ,,NO,SI
,2734,  1 ,  40 ,  0.0027 ,  -   ,  0.0162 ,  -   ,  6 ,  2.03 ,  60.00 ,  125.00 ,  605.00 ,,NO,SI
,5274,  193 ,  -   ,  0.0045 , #VALUE!,  0.0272 , -,  6 ,  2.03 ,  60.00 ,  125.00 ,  605.00 ,,NO,SI
,2735,  304 ,  40 ,  0.0002 ,  0.0096 ,  0.0191 ,  50 ,  100 ,  0.18 ,  23.40 ,  22.80 ,  180.00 ,,NO,SI
,2736,"  1,702 ",  245 ,  0.0002 ,  0.0096 ,  0.0191 ,  50 ,  100 ,  0.18 ,  23.40 ,  23.03 ,  200.00 ,,NO,SI
,2737,  455 ,  75 ,  0.0002 ,  0.0096 ,  0.0191 ,  50 ,  100 ,  0.19 ,  25.00 ,  25.00 ,  205.00 ,,NO,SI
,2738,  545 ,  75 ,  0.0002 ,  0.0096 ,  0.0191 ,  50 ,  100 ,  0.21 ,  25.00 ,  25.00 ,  205.00 ,,NO,SI
,2739,  141 ,  27 ,  0.0002 ,  0.0096 ,  0.0191 ,  50 ,  100 ,  0.23 ,  22.58 ,  22.82 ,  210.00 ,,NO,SI
,2740,  542 ,  82 ,  0.0002 ,  0.0096 ,  0.0191 ,  50 ,  100 ,  -   ,  -   ,  -   ,  -   ,,NO,SI
,2741,  92 ,  16 ,  0.0002 ,  0.0076 ,  0.0153 ,  40 ,  80 ,  0.26 ,  23.11 ,  22.76 ,  220.00 ,,NO,SI
,2742,  675 ,  40 ,  0.0002 ,  0.0076 ,  0.0153 ,  40 ,  80 ,  0.27 ,  23.17 ,  22.60 ,  225.00 ,,NO,SI
,2743,  281 ,  14 ,  0.0002 ,  0.0054 ,  0.0108 ,  25 ,  50 ,  0.30 ,  22.83 ,  22.80 ,  225.00 ,,NO,SI
,2744,  588 ,  87 ,  0.0004 ,  0.0093 ,  0.0186 ,  25 ,  50 ,  0.30 ,  25.00 ,  25.00 ,  225.00 ,,NO,SI
,2745,  86 ,  16 ,  0.0004 ,  0.0092 ,  0.0183 ,  25 ,  50 ,  -   ,  -   ,  -   ,  -   ,,NO,SI
,2746,  185 ,  33 ,  0.0004 ,  0.0092 ,  0.0183 ,  25 ,  50 ,  0.37 ,  30.00 ,  30.00 ,  230.00 ,,NO,SI
,2747,  40 ,  12 ,  0.0004 ,  0.0092 ,  0.0183 ,  25 ,  50 ,  0.37 ,  30.00 ,  30.00 ,  225.00 ,,NO,SI
,2748,  352 ,  64 ,  0.0004 ,  0.0092 ,  0.0183 ,  25 ,  50 ,  0.38 ,  30.00 ,  30.00 ,  240.00 ,,NO,SI
,2749,  70 ,  13 ,  0.0004 ,  0.0092 ,  0.0183 ,  25 ,  50 ,  0.41 ,  30.00 ,  30.00 ,  230.00 ,,NO,SI
,2750,  103 ,  17 ,  0.0004 ,  0.0092 ,  0.0183 ,  25 ,  50 ,  -   ,  -   ,  -   ,  -   ,,NO,SI
,2751,  31 ,  7 ,  0.0004 ,  0.0092 ,  0.0183 ,  25 ,  50 ,  0.45 ,  30.00 ,  30.00 ,  225.00 ,,NO,SI
,2752,  99 ,  16 ,  0.0004 ,  0.0092 ,  0.0183 ,  25 ,  50 ,  0.44 ,  30.00 ,  30.00 ,  250.00 ,,NO,SI
,2753,  42 ,  11 ,  0.0004 ,  0.0092 ,  0.0183 ,  25 ,  50 ,  0.48 ,  28.50 ,  28.50 ,  230.00 ,,NO,SI
,2754,  141 ,  23 ,  0.0004 ,  0.0073 ,  0.0146 ,  20 ,  40 ,  0.49 ,  30.00 ,  30.00 ,  250.00 ,,NO,SI
,2755,  70 ,  27 ,  0.0000 ,  0.0056 ,  0.0112 ,  200 ,  400 ,#N/A,#N/A,#N/A,#N/A,,NO,SI
,5275,  107 ,  -   ,  0.0000 ,  0.0005 ,  0.0011 ,  200 ,  400 ,  0.00 ,  1.00 ,  45.00 ,  60.00 ,,NO,SI
,2756,  29 ,  23 ,  0.0000 ,  0.0056 ,  0.0112 ,  200 ,  400 ,#N/A,#N/A,#N/A,#N/A,,NO,SI
,5276,  73 ,  -   ,  0.0000 ,  0.0005 ,  0.0010 ,  200 ,  400 ,  0.00 ,  1.00 ,  45.00 ,  60.00 ,,NO,SI
,2757,  49 ,  28 ,  0.0000 ,  0.0056 ,  0.0112 ,  200 ,  400 ,#N/A,#N/A,#N/A,#N/A,,NO,SI
,5277,  99 ,  -   ,  0.0000 ,  0.0005 ,  0.0010 ,  200 ,  400 ,  0.01 ,  1.00 ,  40.00 ,  60.00 ,,NO,SI
,2758,  32 ,  23 ,  0.0000 ,  0.0056 ,  0.0112 ,  200 ,  400 ,#N/A,#N/A,#N/A,#N/A,,NO,SI
,5278,  85 ,  -   ,#N/A,#N/A,#N/A,  200 ,  400 ,#N/A,#N/A,#N/A,#N/A,,NO,SI
,2759,  783 ,  109 ,  0.0003 ,  0.0071 ,  0.0141 ,  25 ,  50 ,#N/A,#N/A,#N/A,#N/A,,NO,SI
,2760,  105 ,  21 ,  0.0003 ,  0.0071 ,  0.0141 ,  25 ,  50 ,#N/A,#N/A,#N/A,#N/A,,NO,SI
,2761,  148 ,  22 ,  0.0003 ,  0.0071 ,  0.0141 ,  25 ,  50 ,#N/A,#N/A,#N/A,#N/A,,NO,SI
,2762,  67 ,  15 ,  0.0003 ,  0.0071 ,  0.0141 ,  25 ,  50 ,#N/A,#N/A,#N/A,#N/A,,NO,SI
,2763,  156 ,  26 ,  0.0003 ,  0.0071 ,  0.0141 ,  25 ,  50 ,#N/A,#N/A,#N/A,#N/A,,NO,SI
,2764,  56 ,  14 ,  0.0003 ,  0.0071 ,  0.0141 ,  25 ,  50 ,#N/A,#N/A,#N/A,#N/A,,NO,SI
,2765,  81 ,  18 ,  0.0003 ,  0.0071 ,  0.0141 ,  25 ,  50 ,#N/A,#N/A,#N/A,#N/A,,NO,SI
,2766,  51 ,  14 ,  0.0003 ,  0.0087 ,  0.0174 ,  25 ,  50 ,#N/A,#N/A,#N/A,#N/A,,NO,SI
,2767,  396 ,  56 ,  0.0003 ,  0.0087 ,  0.0174 ,  25 ,  50 ,#N/A,#N/A,#N/A,#N/A,,NO,SI
,2768,  67 ,  16 ,  0.0003 ,  0.0087 ,  0.0174 ,  25 ,  50 ,#N/A,#N/A,#N/A,#N/A,,NO,SI
,2769,  103 ,  20 ,  0.0003 ,  0.0087 ,  0.0174 ,  25 ,  50 ,#N/A,#N/A,#N/A,#N/A,,NO,SI
,2770,  66 ,  15 ,  0.0003 ,  0.0087 ,  0.0174 ,  25 ,  50 ,#N/A,#N/A,#N/A,#N/A,,NO,SI
,2771,  194 ,  28 ,  0.0003 ,  0.0087 ,  0.0174 ,  25 ,  50 ,#N/A,#N/A,#N/A,#N/A,,NO,SI
,2772,  162 ,  74 ,  0.0000 ,  0.0056 ,  0.0112 ,  200 ,  400 ,#N/A,#N/A,#N/A,#N/A,,NO,SI
,5279,  306 ,  -   ,  0.0000 ,  0.0023 ,  0.0046 ,  200 ,  400 ,  0.01 ,  95.00 ,  40.00 ,  3.00 ,,NO,SI
,2773,  99 ,  39 ,  0.0000 ,  0.0056 ,  0.0112 ,  200 ,  400 ,#N/A,#N/A,#N/A,#N/A,,NO,SI
,5280,  131 ,  -   ,  0.0000 ,  0.0025 ,  0.0050 ,  200 ,  400 ,  0.02 ,  100.00 ,  42.00 ,  3.00 ,,NO,SI
,2774,  152 ,  79 ,  0.0000 ,  0.0056 ,  0.0112 ,  200 ,  400 ,#N/A,#N/A,#N/A,#N/A,,NO,SI
,5281,  337 ,  -   ,  0.0000 ,  0.0034 ,  0.0067 ,  200 ,  400 ,  0.02 ,  100.00 ,  42.00 ,  4.00 ,,NO,SI
,2775,  114 ,  94 ,  0.0000 ,  0.0056 ,  0.0112 ,  200 ,  400 ,#N/A,#N/A,#N/A,#N/A,,NO,SI
,5282,  321 ,  -   ,  0.0000 ,  0.0034 ,  0.0067 ,  200 ,  400 ,  0.02 ,  100.00 ,  42.00 ,  4.40 ,,NO,SI
,2776,  411 ,  140 ,  0.0000 ,  0.0056 ,  0.0112 ,  200 ,  400 ,#N/A,#N/A,#N/A,#N/A,,NO,SI
,5283,  642 ,  -   ,  0.0002 ,  0.0352 ,  0.0704 ,  200 ,  400 ,  0.03 ,  100.00 ,  40.00 ,  4.40 ,,NO,SI
,2777,  114 ,  46 ,  0.0001 ,  0.0100 ,  0.0200 ,  200 ,  400 ,#N/A,#N/A,#N/A,#N/A,,NO,SI
,5284,  196 ,  -   ,  0.0000 ,  0.0048 ,  0.0097 ,  200 ,  400 ,  0.03 ,  110.00 ,  55.00 ,  4.00 ,,NO,SI
,2778,  122 ,  59 ,  0.0001 ,  0.0100 ,  0.0200 ,  200 ,  400 ,#N/A,#N/A,#N/A,#N/A,,NO,SI
,5285,  257 ,  -   ,  0.0000 ,  0.0062 ,  0.0124 ,  200 ,  400 ,  0.03 ,  110.00 ,  55.00 ,  4.00 ,,NO,SI
,2779,  129 ,  53 ,  0.0001 ,  0.0100 ,  0.0200 ,  200 ,  400 ,#N/A,#N/A,#N/A,#N/A,,NO,SI
,5286,  234 ,  -   ,  0.0000 ,  0.0055 ,  0.0111 ,  200 ,  400 ,  0.05 ,  120.00 ,  55.00 ,  4.20 ,,NO,SI
,2780,  378 ,  137 ,  0.0001 ,  0.0100 ,  0.0200 ,  200 ,  400 ,#N/A,#N/A,#N/A,#N/A,,NO,SI
,5287,  570 ,  -   ,  0.0003 ,  0.0600 ,  0.1200 ,  200 ,  400 ,  0.06 ,  120.00 ,  50.00 ,  5.00 ,,NO,SI
,2781,  181 ,  62 ,  0.0001 ,  0.0111 ,  0.0222 ,  100 ,  200 ,#N/A,#N/A,#N/A,#N/A,,NO,SI
,5288,  237 ,  -   ,  0.0000 ,  0.0046 ,  0.0091 ,  100 ,  200 ,  0.07 ,  130.00 ,  70.00 ,  5.00 ,,NO,SI
,2782,  110 ,  56 ,  0.0001 ,  0.0111 ,  0.0222 ,  100 ,  200 ,#N/A,#N/A,#N/A,#N/A,,NO,SI
,5289,  221 ,  -   ,  0.0000 ,  0.0046 ,  0.0091 ,  100 ,  200 ,  0.08 ,  130.00 ,  70.00 ,  5.00 ,,NO,SI
,2783,  68 ,  30 ,  0.0001 ,  0.0111 ,  0.0222 ,  100 ,  200 ,#N/A,#N/A,#N/A,#N/A,,NO,SI
,5290,  121 ,  -   ,  0.0000 ,  0.0020 ,  0.0040 ,  100 ,  200 ,  0.09 ,  85.00 ,  47.00 ,  5.00 ,,NO,SI
,2784,"  1,356 ",  198 ,  0.0014 ,  0.0087 ,  0.0348 ,  6 ,  24 ,  0.92 ,  26.00 ,  150.00 ,  365.00 ,,NO,SI
,2785,  435 ,  176 ,  0.0006 ,  0.0051 ,  0.0306 ,  8 ,  48 ,  0.27 ,  30.00 ,  90.00 ,  280.00 ,,NO,SI
,5291,  488 ,  -   ,  0.0008 ,  0.0060 ,  0.0360 ,  8 ,  48 ,  0.27 ,  30.00 ,  90.00 ,  280.00 ,,NO,SI
,2786,"  3,440 ",  604 ,  0.0003 ,  0.0025 ,  0.0622 ,  8 ,  200 ,  0.04 ,  19.00 ,  65.00 ,  195.00 ,,NO,SI
,2787,  721 ,  105 ,  0.0012 ,  0.0115 ,  0.0230 ,  10 ,  20 ,#N/A,#N/A,#N/A,#N/A,,NO,SI
,2788,  627 ,  106 ,  0.0022 ,  0.0109 ,  0.0218 ,  5 ,  10 ,#N/A,#N/A,#N/A,#N/A,,NO,SI
,2789,"  2,246 ",  379 ,  0.0005 ,  -   ,  0.0185 ,  -   ,  40 ,  0.07 ,  45.00 ,  200.00 ,  45.00 ,,NO,SI
,2790,"  2,597 ",  429 ,  0.0044 ,  -   ,  0.0444 ,  -   ,  10 ,  1.49 ,  63.00 ,  170.00 ,  365.00 ,,NO,SI
,2791,  44 ,  8 ,  0.0001 ,  -   ,  0.0001 ,  -   ,  1 ,  0.03 ,  -   ,  12.00 ,  128.30 ,,NO,SI
,2792,  70 ,  7 ,  0.0001 ,  -   ,  0.0001 ,  -   ,  1 ,  0.03 ,  -   ,  11.90 ,  128.30 ,,NO,SI
,2793,  105 ,  13 ,  0.0000 ,  -   ,  0.0000 ,  -   ,  1 ,  0.03 ,  -   ,  11.90 ,  128.30 ,,NO,SI
,2794,  59 ,  10 ,  0.0000 ,  -   ,  0.0000 ,  -   ,  1 ,  0.04 ,  -   ,  12.00 ,  128.30 ,,NO,SI
,2795,  42 ,  6 ,  0.0000 ,  -   ,  0.0000 ,  -   ,  1 ,  0.05 ,  20.30 ,  46.40 ,  46.60 ,,NO,SI
,2796,  194 ,  33 ,  0.0133 ,  -   ,  0.1061 ,  -   ,  8 ,  0.91 ,  430.00 ,  170.00 ,  162.00 ,,NO,SI
,2797,  376 ,  139 ,  0.0001 ,  0.0111 ,  0.0222 ,  100 ,  200 ,#N/A,#N/A,#N/A,#N/A,,NO,SI
,5292,  620 ,  -   ,  0.0001 ,  0.0059 ,  0.0118 ,  100 ,  200 ,  0.09 ,  140.00 ,  70.00 ,  6.00 ,,NO,SI
,2798,  104 ,  58 ,  0.0001 ,  0.0111 ,  0.0222 ,  100 ,  200 ,#N/A,#N/A,#N/A,#N/A,,NO,SI
,5293,  236 ,  -   ,  0.0001 ,  0.0059 ,  0.0118 ,  100 ,  200 ,  0.11 ,  140.00 ,  70.00 ,  6.00 ,,NO,SI
,2799,  104 ,  45 ,  0.0001 ,  0.0111 ,  0.0222 ,  100 ,  200 ,#N/A,#N/A,#N/A,#N/A,,NO,SI
,5294,  189 ,  -   ,  0.0001 ,  0.0064 ,  0.0127 ,  100 ,  200 ,  0.13 ,  140.00 ,  70.00 ,  6.50 ,,NO,SI
,2800,  2 ,  59 ,  0.0037 ,  -   ,  0.0365 ,  -   ,  10 ,#N/A,#N/A,#N/A,#N/A,,NO,SI
,5295,  306 ,  -   ,  0.0031 , #VALUE!,  0.0305 , -,  10 ,  2.23 ,  75.00 ,  220.00 ,  185.00 ,,NO,SI
,2801,  10 ,  41 ,  0.0084 ,  -   ,  0.0422 ,  -   ,  5 ,  -   ,  90.00 ,  270.00 ,  285.00 ,,NO,SI
,5296,  217 ,  -   ,  0.0074 , #VALUE!,  0.0371 , -,  5 ,  4.05 ,  100.00 ,  265.00 ,  280.00 ,,NO,SI
,2802,  15 ,#N/A,#N/A,#N/A,#N/A,#N/A,#N/A,  0.06 ,  11.80 ,  50.00 ,  91.40 ,,NO,SI
,5297,  8 ,  -   ,  0.0001 , #VALUE!,  0.0001 , -,  1 ,  0.06 ,  11.80 ,  50.00 ,  91.40 ,,NO,SI
,2803,  21 ,#N/A,#N/A,#N/A,#N/A,#N/A,#N/A,#N/A,#N/A,#N/A,#N/A,,NO,SI
,5298,  19 ,  -   ,  0.0001 , #VALUE!,  0.0001 , -,  1 ,  0.18 ,  5.00 ,  85.00 ,  250.00 ,,NO,SI
,2804,"  10,312 ","  1,800 ",  0.0002 ,  0.0024 ,  0.0472 ,  10 ,  200 ,  124.00 ,  5.00 ,  150.00 ,  180.00 ,,NO,SI
,2805,"  1,538 ",  574 ,  0.0028 ,  -   ,  0.0672 ,  -   ,  24 ,  0.58 ,  90.00 ,  90.00 ,  310.00 ,,NO,SI
,5299,  22 ,  -   ,  0.0025 , #VALUE!,  0.0602 , -,  24 ,  0.58 ,  90.00 ,  90.00 ,  310.00 ,,NO,SI
,5299,"  1,172 ",  -   ,  0.0025 , #VALUE!,  0.0602 , -,  24 ,  0.58 ,  90.00 ,  90.00 ,  310.00 ,,NO,SI
,2806,"  1,222 ",  406 ,  0.0028 ,  -   ,  0.0672 ,  -   ,  24 ,  0.58 ,  90.00 ,  90.00 ,  310.00 ,,NO,SI
,5301,  780 ,  -   ,  0.0025 , #VALUE!,  0.0602 , -,  24 ,  0.58 ,  90.00 ,  90.00 ,  310.00 ,,NO,SI
,5301,  13 ,  -   ,  0.0025 , #VALUE!,  0.0602 , -,  24 ,  0.58 ,  90.00 ,  90.00 ,  310.00 ,,NO,SI
,2807,"  1,201 ",  404 ,  0.0028 ,  -   ,  0.0672 ,  -   ,  24 ,  0.58 ,  90.00 ,  90.00 ,  310.00 ,,NO,SI
,5303,  733 ,  -   ,  0.0025 , #VALUE!,  0.0602 , -,  24 ,  0.58 ,  90.00 ,  90.00 ,  310.00 ,,NO,SI
,5303,  17 ,  -   ,  0.0025 , #VALUE!,  0.0602 , -,  24 ,  0.58 ,  90.00 ,  90.00 ,  310.00 ,,NO,SI
,2808,  252 ,  93 ,  0.0002 ,  -   ,  0.0672 ,  -   ,  420 ,#N/A,#N/A,#N/A,#N/A,,NO,SI
,5305,  442 ,  -   ,  0.0001 , #VALUE!,  0.0554 , -,  420 ,  0.04 ,  51.00 ,  51.00 ,  51.00 ,,NO,SI
,2809,  97 ,  34 ,  0.0003 ,  -   ,  0.0672 ,  -   ,  210 ,#N/A,#N/A,#N/A,#N/A,,NO,SI
,5306,  75 ,  -   ,  0.0002 , #VALUE!,  0.0515 , -,  210 ,  0.06 ,  50.00 ,  70.00 ,  70.00 ,,NO,SI
,2810,  618 ,  141 ,  0.0008 ,  0.0050 ,  0.0300 ,  6 ,  36 ,  322.00 ,  25.00 ,  82.00 ,  330.00 ,,NO,SI
,5307,  85 ,  -   ,  0.0007 ,  0.0041 ,  0.0243 ,  6 ,  36 ,  0.32 ,  25.00 ,  82.00 ,  330.00 ,,NO,SI
,2811,  471 ,  119 ,  0.0008 ,  0.0050 ,  0.0300 ,  6 ,  36 ,  322.00 ,  40.00 ,  82.00 ,  330.00 ,,NO,SI
,5308,  74 ,  -   ,  0.0011 ,  0.0065 ,  0.0389 ,  6 ,  36 ,  0.32 ,  40.00 ,  82.00 ,  330.00 ,,NO,SI
,2812,  735 ,  131 ,  0.0007 ,  0.0041 ,  0.0248 ,  6 ,  36 ,  323.00 ,  25.00 ,  82.00 ,  300.00 ,,NO,SI
,5309,  91 ,  -   ,  0.0062 ,  0.0369 ,  0.2214 ,  6 ,  36 ,  0.32 ,  25.00 ,  82.00 ,  300.00 ,,NO,SI
,2813,"  2,994 ",  625 ,  0.0002 ,  0.0100 ,  0.0200 ,  50 ,  100 ,  0.11 ,  5.00 ,  147.00 ,  180.00 ,,NO,SI
,2814,  781 ,  175 ,  0.0016 ,  -   ,  0.0637 ,  -   ,  40 ,  0.42 ,  70.00 ,  95.00 ,  120.00 ,,NO,SI
,2815,  729 ,  247 ,  0.0020 ,  -   ,  0.0591 ,  -   ,  30 ,  0.42 ,  80.00 ,  85.00 ,  260.00 ,,NO,SI
,5310,  651 ,  -   ,  0.0018 , #VALUE!,  0.0530 , -,  30 ,  0.42 ,  80.00 ,  85.00 ,  260.00 ,,NO,SI
,5310,  2 ,  -   ,  0.0018 , #VALUE!,  0.0530 , -,  30 ,  0.42 ,  80.00 ,  85.00 ,  260.00 ,,NO,SI
,2816,  711 ,  261 ,  0.0020 ,  -   ,  0.0591 ,  -   ,  30 ,  0.42 ,  80.00 ,  85.00 ,  260.00 ,,NO,SI
,5312,  452 ,  -   ,  0.0018 , #VALUE!,  0.0530 , -,  30 ,  0.42 ,  80.00 ,  85.00 ,  260.00 ,,NO,SI
,5312,  6 ,  -   ,  0.0018 , #VALUE!,  0.0530 , -,  30 ,  0.42 ,  80.00 ,  85.00 ,  260.00 ,,NO,SI
,2817,  21 ,  15 ,  0.0005 ,  -   ,  0.0707 ,  -   ,  140 ,#N/A,#N/A,#N/A,#N/A,,NO,SI
,5314,  33 ,  -   ,  0.0002 , #VALUE!,  0.0343 , -,  140 ,  0.04 ,  50.00 ,  70.00 ,  70.00 ,,NO,SI
,2818,  17 ,  14 ,  0.0005 ,  -   ,  0.0707 ,  -   ,  140 ,#N/A,#N/A,#N/A,#N/A,,NO,SI
,5315,  10 ,  -   ,  0.0002 , #VALUE!,  0.0343 , -,  140 ,  0.04 ,  50.00 ,  70.00 ,  70.00 ,,NO,SI
,2819,  75 ,  21 ,  0.0361 ,  -   ,  0.0361 ,  -   ,  1 ,  6.35 ,  385.00 ,  225.00 ,  475.00 ,,NO,SI
,2820,  506 ,  255 ,  0.0020 ,  -   ,  0.0818 ,  -   ,  40 ,  0.36 ,  80.00 ,  80.00 ,  270.00 ,,NO,SI
,5316,  5 ,  -   ,  0.0017 , #VALUE!,  0.0691 , -,  40 ,  0.36 ,  80.00 ,  80.00 ,  270.00 ,,NO,SI
,5316,  624 ,  -   ,  0.0017 , #VALUE!,  0.0691 , -,  40 ,  0.36 ,  80.00 ,  80.00 ,  270.00 ,,NO,SI
,2821,  506 ,  249 ,  0.0020 ,  -   ,  0.0818 ,  -   ,  40 ,  0.36 ,  80.00 ,  80.00 ,  270.00 ,,NO,SI
,5318,  7 ,  -   ,  0.0017 , #VALUE!,  0.0691 , -,  40 ,  0.36 ,  80.00 ,  80.00 ,  270.00 ,,NO,SI
,5318,  601 ,  -   ,  0.0017 , #VALUE!,  0.0691 , -,  40 ,  0.36 ,  80.00 ,  80.00 ,  270.00 ,,NO,SI
,2822,  83 ,  17 ,  0.0005 ,  -   ,  0.0909 ,  -   ,  196 ,#N/A,#N/A,#N/A,#N/A,,NO,SI
,5320,  48 ,  -   ,  0.0003 , #VALUE!,  0.0576 , -,  196 ,  0.06 ,  60.00 ,  70.00 ,  70.00 ,,NO,SI
,2823,  38 ,  14 ,  0.0004 ,  -   ,  0.0760 ,  -   ,  196 ,#N/A,#N/A,#N/A,#N/A,,NO,SI
,5321,  30 ,  -   ,  0.0003 , #VALUE!,  0.0576 , -,  196 ,  0.06 ,  60.00 ,  70.00 ,  70.00 ,,NO,SI
,2824,"  11,679 ","  1,741 ",  0.0009 ,  -   ,  0.0562 ,  -   ,  60 ,#N/A,#N/A,#N/A,#N/A,,NO,SI
,2825,  692 ,  233 ,  0.0065 ,  -   ,  0.1040 ,  -   ,  16 ,  1.02 ,  130.00 ,  130.00 ,  330.00 ,,NO,SI
,5322,  372 ,  -   ,  0.0056 , #VALUE!,  0.0892 , -,  16 ,  1.02 ,  130.00 ,  130.00 ,  330.00 ,,NO,SI
,5322,  6 ,  -   ,  0.0056 , #VALUE!,  0.0892 , -,  16 ,  1.02 ,  130.00 ,  130.00 ,  330.00 ,,NO,SI
,2826,  660 ,  235 ,  0.0065 ,  -   ,  0.1040 ,  -   ,  16 ,  1.02 ,  130.00 ,  130.00 ,  330.00 ,,NO,SI
,5324,  384 ,  -   ,  0.0056 , #VALUE!,  0.0892 , -,  16 ,  1.02 ,  130.00 ,  130.00 ,  330.00 ,,NO,SI
,2827,  12 ,  6 ,  0.0010 ,  -   ,  0.0010 ,  -   ,  1 ,#N/A,#N/A,#N/A,#N/A,,NO,SI
,5325,  33 ,  -   ,  0.0007 , #VALUE!,  0.0007 , -,  1 ,  0.12 ,  70.00 ,  100.00 ,  100.00 ,,NO,SI
,2828,  31 ,  8 ,  0.0008 ,  -   ,  0.0008 ,  -   ,  1 ,#N/A,#N/A,#N/A,#N/A,,NO,SI
,5326,  22 ,  -   ,  0.0007 , #VALUE!,  0.0007 , -,  1 ,  0.11 ,  70.00 ,  100.00 ,  100.00 ,,NO,SI
,2829,  218 ,  71 ,  0.0002 ,  -   ,  0.0229 ,  -   ,  100 ,#N/A,#N/A,#N/A,#N/A,,NO,SI
,5327,  410 ,  -   ,  0.0002 , #VALUE!,  0.0176 , -,  100 ,  0.06 ,  24.00 ,  35.00 ,  210.00 ,,NO,SI
,2830,  125 ,  29 ,  0.0002 ,  -   ,  0.0230 ,  -   ,  100 ,#N/A,#N/A,#N/A,#N/A,,NO,SI
,5328,  59 ,  -   ,  0.0002 , #VALUE!,  0.0176 , -,  100 ,  0.06 ,  24.00 ,  35.00 ,  210.00 ,,NO,SI
,2831,  720 ,  114 ,  0.0013 ,  -   ,  0.0257 ,  -   ,  20 ,  0.55 ,  80.00 ,  100.00 ,  135.00 ,,NO,SI
,2832,  791 ,  119 ,  0.0024 ,  -   ,  0.0486 ,  -   ,  20 ,  1.11 ,  105.00 ,  115.00 ,  165.00 ,,NO,SI
,2833,  444 ,  75 ,  0.0063 ,  -   ,  0.0626 ,  -   ,  10 ,  2.52 ,  135.00 ,  161.00 ,  250.00 ,,NO,SI
,2834,  188 ,  33 ,  0.0118 ,  -   ,  0.0709 ,  -   ,  6 ,  4.22 ,  95.00 ,  240.00 ,  250.00 ,,NO,SI
,2835,"  5,369 ",  952 ,  0.0007 ,  0.0041 ,  0.0408 ,  6 ,  60 ,  0.19 ,  30.00 ,  85.00 ,  270.00 ,,NO,SI
,2836,"  13,311 ","  1,626 ",  0.0007 ,  0.0045 ,  0.0448 ,  6 ,  60 ,  0.24 ,  30.00 ,  85.00 ,  225.00 ,,NO,SI
,2837,"  4,308 ",  774 ,  0.0008 ,  0.0049 ,  0.0486 ,  6 ,  60 ,  0.28 ,  30.00 ,  85.00 ,  220.00 ,,NO,SI
,2838,"  1,292 ",  207 ,  0.0008 ,  0.0050 ,  0.0497 ,  6 ,  60 ,#N/A,#N/A,#N/A,#N/A,,NO,SI
,2839,"  6,904 ","  1,103 ",  0.0007 ,  0.0040 ,  0.0402 ,  6 ,  60 ,  0.18 ,  29.00 ,  85.00 ,  225.00 ,,NO,SI
,2840,"  4,069 ",  743 ,  0.0008 ,  0.0049 ,  0.0486 ,  6 ,  60 ,  0.25 ,  31.00 ,  85.00 ,  270.00 ,,NO,SI
,2841,"  9,334 ","  1,242 ",  0.0007 ,  0.0041 ,  0.0408 ,  6 ,  60 ,  0.23 ,  30.00 ,  85.00 ,  225.00 ,,NO,SI
,2842,"  10,107 ","  1,601 ",  0.0009 ,  0.0051 ,  0.0515 ,  6 ,  60 ,  0.29 ,  32.00 ,  85.00 ,  270.00 ,,NO,SI
,2843,"  5,411 ","  1,122 ",  0.0009 ,  0.0053 ,  0.0525 ,  6 ,  60 ,#N/A,#N/A,#N/A,#N/A,,NO,SI
,2844,"  1,418 ",  255 ,  0.0008 ,  0.0048 ,  0.0483 ,  6 ,  60 ,  0.24 ,  30.00 ,  85.00 ,  270.00 ,,NO,SI
,2845,  978 ,  187 ,  0.0030 ,  -   ,  0.0030 ,  -   ,  1 ,  5.35 ,  60.00 ,  205.00 ,  207.00 ,,NO,SI
,2846,"  1,084 ",  210 ,  0.0031 ,  -   ,  0.0031 ,  -   ,  1 ,  5.36 ,  60.00 ,  205.00 ,  207.00 ,,NO,SI
,2847,  97 ,  25 ,  0.0085 ,  -   ,  0.0085 ,  -   ,  1 ,  15.86 ,  108.00 ,  275.00 ,  275.00 ,,NO,SI
,2848,"  1,171 ",  250 ,  0.0083 ,  -   ,  0.0083 ,  -   ,  1 ,  15.86 ,  110.00 ,  275.00 ,  275.00 ,,NO,SI
,2849,"  1,026 ",  100 ,  0.0083 ,  -   ,  0.0083 ,  -   ,  1 ,  15.85 ,  107.00 ,  275.00 ,  280.00 ,,NO,SI
,2850,  572 ,  70 ,  0.0005 ,  -   ,  0.0100 ,  -   ,  20 ,  1.01 ,  14.50 ,  65.00 ,  300.00 ,,NO,SI
,2851,  145 ,  31 ,  0.0025 ,  -   ,  0.0100 ,  -   ,  4 ,  5.04 ,  85.00 ,  65.00 ,  305.00 ,,NO,SI
,2852,  97 ,  101 ,  0.0004 ,  -   ,  0.0081 ,  -   ,  20 ,  1.01 ,  13.80 ,  70.00 ,  350.00 ,,NO,SI
,2853,  417 ,  50 ,  0.0018 ,  -   ,  0.0072 ,  -   ,  4 ,  5.01 ,  83.00 ,  55.00 ,  355.00 ,,NO,SI
,2854,  58 ,  12 ,  0.0005 ,  -   ,  0.0100 ,  -   ,  20 ,  0.99 ,  11.00 ,  65.00 ,  400.00 ,,NO,SI
,2855,  83 ,  15 ,  0.0025 ,  -   ,  0.0100 ,  -   ,  4 ,  5.18 ,  80.00 ,  50.00 ,  405.00 ,,NO,SI
,2856,  756 ,  115 ,  0.0002 ,  0.0032 ,  0.0322 ,  20 ,  200 ,  0.06 ,  105.00 ,  32.00 ,  32.00 ,,NO,SI
,2857,"  1,105 ",  162 ,  0.0002 ,  0.0032 ,  0.0322 ,  20 ,  200 ,  0.07 ,  105.00 ,  32.00 ,  32.00 ,,NO,SI
,2858,"  1,232 ",  176 ,  0.0002 ,  0.0023 ,  0.0225 ,  10 ,  100 ,  0.09 ,  107.00 ,  42.00 ,  42.00 ,,NO,SI
,2859,"  1,524 ",  216 ,  0.0002 ,  0.0023 ,  0.0225 ,  10 ,  100 ,  0.11 ,  107.00 ,  42.00 ,  42.00 ,,NO,SI
,2860,"  1,485 ",  168 ,  0.0004 ,  0.0039 ,  0.0385 ,  10 ,  100 ,  0.13 ,  105.00 ,  52.00 ,  52.00 ,,NO,SI
,2861,  757 ,  97 ,  0.0003 ,  0.0034 ,  0.0340 ,  10 ,  100 ,  0.15 ,  105.00 ,  52.00 ,  52.00 ,,NO,SI
,2862,  757 ,  108 ,  0.0005 ,  0.0032 ,  0.0321 ,  6 ,  60 ,  0.19 ,  106.00 ,  62.00 ,  62.00 ,,NO,SI
,2863,  465 ,  69 ,  0.0007 ,  0.0040 ,  0.0397 ,  6 ,  60 ,  0.24 ,  108.00 ,  72.00 ,  72.00 ,,NO,SI
,2864,  6 ,#N/A,  0.0001 ,  -   ,  0.0029 ,  -   ,  50 ,  0.01 ,  30.00 ,  30.00 ,  65.00 ,,NO,SI
,2865,  5 ,  2 ,  0.0005 ,  -   ,  0.0259 ,  -   ,  50 ,  0.74 ,  63.20 ,  48.40 ,  101.00 ,,NO,SI
,2866,  2 ,  2 ,  0.0003 ,  -   ,  0.0125 ,  -   ,  50 ,  0.47 ,  90.00 ,  90.00 ,  95.40 ,,NO,SI
,2867,  16 ,  5 ,  0.0005 ,  -   ,  0.0259 ,  -   ,  50 ,  0.34 ,  32.00 ,  32.00 ,  102.00 ,,NO,SI
,2868,  511 ,  100 ,  0.0008 ,  0.0077 ,  0.0153 ,  10 ,  20 ,  0.49 ,  42.00 ,  227.00 ,  187.00 ,,NO,SI
,2869,  506 ,  77 ,  0.0008 ,  0.0077 ,  0.0153 ,  10 ,  20 ,#N/A,#N/A,#N/A,#N/A,,NO,SI
,2870,"  2,636 ",  428 ,  0.0006 ,  -   ,  0.0253 ,  -   ,  40 ,  0.14 ,  42.27 ,  160.00 ,  87.00 ,,NO,SI
,2871,  18 ,  4 ,  0.0006 ,  -   ,  0.0089 ,  -   ,  16 ,  0.80 ,  73.00 ,  74.50 ,  78.70 ,,NO,SI
,2872,  24 ,  5 ,  0.0007 ,  -   ,  0.0111 ,  -   ,  16 ,  1.32 ,  75.80 ,  76.00 ,  95.50 ,,NO,SI
,2873,"  3,555 ",  497 ,  0.0005 ,  -   ,  0.0329 ,  -   ,  60 ,  0.64 ,  20.00 ,  95.00 ,  360.00 ,,NO,SI
,2874,"  3,116 ",  550 ,  0.0004 ,  0.0026 ,  0.0262 ,  6 ,  60 ,  0.34 ,  22.00 ,  85.00 ,  320.00 ,,NO,SI
,2875,  127 ,  292 ,  0.0009 ,  -   ,  0.0323 ,  -   ,  36 ,  0.32 ,  21.00 ,  90.00 ,  290.00 ,,NO,SI
,5329,"  1,578 ",  -   ,  0.0005 , #VALUE!,  0.0197 , -,  36 ,  0.32 ,  21.00 ,  90.00 ,  290.00 ,,NO,SI
,2876,  122 ,  21 ,  0.0004 ,  -   ,  0.0074 ,  -   ,  20 ,  0.45 ,  55.10 ,  56.60 ,  94.50 ,,NO,SI
,2877,  171 ,  31 ,  0.0004 ,  -   ,  0.0075 ,  -   ,  20 ,  0.51 ,  55.00 ,  55.30 ,  95.80 ,,NO,SI
,2878,  124 ,  21 ,  0.0004 ,  -   ,  0.0075 ,  -   ,  20 ,  0.54 ,  64.00 ,  55.60 ,  95.40 ,,NO,SI
,2879,  308 ,  35 ,  0.0004 ,  -   ,  0.0075 ,  -   ,  20 ,  0.51 ,  53.30 ,  56.70 ,  95.10 ,,NO,SI
,2880,  252 ,  37 ,  0.0004 ,  -   ,  0.0074 ,  -   ,  20 ,  0.63 ,  57.20 ,  55.50 ,  94.80 ,,NO,SI
,2881,  210 ,  30 ,  0.0004 ,  -   ,  0.0075 ,  -   ,  20 ,  0.65 ,  55.00 ,  56.90 ,  94.00 ,,NO,SI
,2882,  271 ,  37 ,  0.0004 ,  -   ,  0.0075 ,  -   ,  20 ,  0.64 ,  52.80 ,  55.70 ,  94.40 ,,NO,SI
,2883,  392 ,  40 ,  0.0004 ,  -   ,  0.0074 ,  -   ,  20 ,  0.71 ,  54.80 ,  55.70 ,  95.30 ,,NO,SI
,2884,  255 ,  33 ,  0.0004 ,  -   ,  0.0075 ,  -   ,  20 ,#N/A,#N/A,#N/A,#N/A,,NO,SI
,2885,  129 ,  22 ,  0.0004 ,  -   ,  0.0075 ,  -   ,  20 ,  0.76 ,  64.00 ,  63.30 ,  94.50 ,,NO,SI
,2886,  251 ,  35 ,  0.0004 ,  -   ,  0.0074 ,  -   ,  20 ,  0.83 ,  64.10 ,  62.30 ,  96.10 ,,NO,SI
,2887,  191 ,  29 ,  0.0005 ,  -   ,  0.0097 ,  -   ,  20 ,  0.86 ,  63.50 ,  63.50 ,  95.00 ,,NO,SI
,2888,  403 ,  71 ,  0.0073 ,  -   ,  0.0291 ,  -   ,  4 , -,  77.00 ,  354.00 ,  237.00 ,,NO,SI
,2889,  31 ,  16 ,  0.0000 ,  -   ,  0.0000 ,  -   ,  1 ,#N/A,#N/A,#N/A,#N/A,,NO,SI
,5330,  29 ,  -   ,  0.0000 , #VALUE!,  0.0000 , -,  1 ,  0.04 ,  100.00 ,  50.00 ,  4.00 ,,NO,SI
,2890,  25 ,  17 ,  0.0001 ,  -   ,  0.0001 ,  -   ,  1 ,#N/A,#N/A,#N/A,#N/A,,NO,SI
,5331,  22 ,  -   ,  0.0000 , #VALUE!,  0.0000 , -,  1 ,  0.02 ,  15.00 ,  35.00 ,  44.00 ,,NO,SI
,2891,  26 ,  21 ,  0.0001 ,  0.0111 ,  0.0222 ,  100 ,  200 ,#N/A,#N/A,#N/A,#N/A,,NO,SI
,5332,  73 ,  -   ,  0.0000 ,  0.0043 ,  0.0087 ,  100 ,  200 ,  0.14 ,  95.00 ,  57.00 ,  8.00 ,,NO,SI
,2892,  351 ,  135 ,  0.0001 ,  0.0111 ,  0.0222 ,  100 ,  200 ,#N/A,#N/A,#N/A,#N/A,,NO,SI
,5333,  614 ,  -   ,  0.0001 ,  0.0063 ,  0.0125 ,  100 ,  200 ,  0.15 ,  140.00 ,  70.00 ,  6.40 ,,NO,SI
,2893,  116 ,  37 ,  0.0002 ,  0.0099 ,  0.0197 ,  50 ,  100 ,#N/A,#N/A,#N/A,#N/A,,NO,SI
,5334,  156 ,  -   ,  0.0001 ,  0.0037 ,  0.0074 ,  50 ,  100 ,  0.17 ,  150.00 ,  70.00 ,  7.00 ,,NO,SI
,2894,"  1,343 ",  299 ,  0.0009 ,  0.0055 ,  0.0547 ,  6 ,  60 ,  0.28 ,  39.00 ,  78.42 ,  343.00 ,,NO,SI
,5335,  375 ,  -   ,  0.0010 ,  0.0062 ,  0.0624 ,  6 ,  60 ,  0.28 ,  39.00 ,  78.40 ,  343.00 ,,NO,SI
,2895,  143 ,  16 ,  0.0794 ,  -   ,  0.0794 ,  -   ,  1 ,#N/A,#N/A,#N/A,#N/A,,NO,SI
,2896,  388 ,  44 ,  0.0002 ,  0.0022 ,  0.0444 ,  12 ,  240 ,  0.32 ,  30.00 ,  68.00 ,  105.00 ,,NO,SI
,2897,"  2,551 ",  237 ,  0.0029 ,  -   ,  0.0177 ,  -   ,  6 ,  2.59 ,  80.00 ,  95.00 ,  350.00 ,,NO,SI
,2898,"  1,029 ","  3,216 ",  0.0004 ,  0.0048 ,  0.0385 ,  12 ,  96 ,#N/A,#N/A,#N/A,#N/A,,NO,SI
,2899,"  1,165 ","  4,824 ",  0.0005 ,  0.0031 ,  0.0373 ,  6 ,  72 ,#N/A,#N/A,#N/A,#N/A,,NO,SI
,2900,  743 ,"  2,640 ",  0.0006 ,  0.0034 ,  0.0269 ,  6 ,  48 ,#N/A,#N/A,#N/A,#N/A,,NO,SI
,2901,  879 ,  229 ,  0.0012 ,  -   ,  0.0485 ,  -   ,  40 ,#N/A,#N/A,#N/A,#N/A,,NO,SI
,2902,"  2,392 ",  363 ,  0.0007 ,  -   ,  0.0355 ,  -   ,  50 ,  0.24 ,  90.00 ,  90.00 ,  73.00 ,,NO,SI
,5336,  57 ,  -   ,  0.0006 , #VALUE!,  0.0295 , -,  50 ,  0.24 ,  90.00 ,  90.00 ,  73.00 ,,NO,SI
,2903,"  1,587 ",  434 ,  0.0020 ,  0.0121 ,  0.0482 ,  6 ,  24 ,  0.49 ,  47.00 ,  142.00 ,  265.00 ,,NO,SI
,5337,  44 ,  -   ,  0.0018 ,  0.0106 ,  0.0422 ,  6 ,  24 ,  0.49 ,  47.00 ,  142.00 ,  265.00 ,,NO,SI
,2904,"  1,217 ",  303 ,  0.0004 ,  -   ,  0.0190 ,  -   ,  50 ,  0.28 ,  42.00 ,  42.50 ,  154.00 ,,NO,SI
,2905,"  1,058 ",  196 ,  0.0011 ,  -   ,  0.0212 ,  -   ,  20 ,  592.00 ,  27.00 ,  112.00 ,  227.00 ,,NO,SI
,2906,"  1,173 ",  263 ,  0.0006 ,  0.0060 ,  0.0240 ,  10 ,  40 ,  0.36 ,  7.00 ,  222.00 ,  270.00 ,,NO,SI
,2907,"  1,799 ",  382 ,  0.0031 ,  -   ,  0.0310 ,  -   ,  10 ,#N/A,#N/A,#N/A,#N/A,,NO,SI
,2908,  29 ,#N/A,#N/A,#N/A,#N/A,#N/A,#N/A,#N/A,#N/A,#N/A,#N/A,,NO,SI
,5338,  51 ,  -   ,  0.0002 , #VALUE!,  0.0002 , -,  1 ,  0.09 ,  43.00 ,  73.00 ,  73.00 ,,NO,SI
,2909,  27 ,#N/A,#N/A,#N/A,#N/A,#N/A,#N/A,#N/A,#N/A,#N/A,#N/A,,NO,SI
,5339,  27 ,  -   ,  0.0002 , #VALUE!,  0.0002 , -,  1 ,  0.09 ,  43.00 ,  73.00 ,  73.00 ,,NO,SI
,2910,  20 ,#N/A,#N/A,#N/A,#N/A,#N/A,#N/A,#N/A,#N/A,#N/A,#N/A,,NO,SI
,5340,  27 ,  -   ,  0.0002 , #VALUE!,  0.0002 , -,  1 ,  0.09 ,  43.00 ,  73.00 ,  73.00 ,,NO,SI
,2911,  800 ,  76 ,  0.0012 ,  -   ,  0.0279 ,  -   ,  24 ,#N/A,#N/A,#N/A,#N/A,,NO,SI
,2912,  632 ,  130 ,  0.0012 ,  -   ,  0.0279 ,  -   ,  24 ,#N/A,#N/A,#N/A,#N/A,,NO,SI
,2913,  468 ,  122 ,  0.0012 ,  -   ,  0.0279 ,  -   ,  24 ,#N/A,#N/A,#N/A,#N/A,,NO,SI
,2914,  338 ,  82 ,  0.0021 ,  -   ,  0.0252 ,  -   ,  12 ,#N/A,#N/A,#N/A,#N/A,,NO,SI
,2915,  4 ,  384 ,  0.0017 ,  -   ,  0.0420 ,  -   ,  24 ,  338.00 ,  227.00 ,  77.00 ,  75.00 ,,NO,SI
,5341,  382 ,  -   ,  0.0013 , #VALUE!,  0.0314 , -,  24 ,  0.34 ,  227.00 ,  77.00 ,  75.00 ,,NO,SI
,5341,"  1,011 ",  -   ,  0.0013 , #VALUE!,  0.0314 , -,  24 ,  0.34 ,  227.00 ,  77.00 ,  75.00 ,,NO,SI
,2916,  3 ,  397 ,  0.0017 ,  -   ,  0.0420 ,  -   ,  24 ,  338.00 ,  227.00 ,  77.00 ,  75.00 ,,NO,SI
,5343,  417 ,  -   ,  0.0013 , #VALUE!,  0.0314 , -,  24 ,  0.34 ,  227.00 ,  77.00 ,  75.00 ,,NO,SI
,5343,  964 ,  -   ,  0.0013 , #VALUE!,  0.0314 , -,  24 ,  0.34 ,  227.00 ,  77.00 ,  75.00 ,,NO,SI
,2917,  2 ,  362 ,  0.0017 ,  -   ,  0.0420 ,  -   ,  24 ,  338.00 ,  227.00 ,  77.00 ,  75.00 ,,NO,SI
,5345,  369 ,  -   ,  0.0013 , #VALUE!,  0.0314 , -,  24 ,  0.34 ,  227.00 ,  77.00 ,  75.00 ,,NO,SI
,5345,  862 ,  -   ,  0.0013 , #VALUE!,  0.0314 , -,  24 ,  0.34 ,  227.00 ,  77.00 ,  75.00 ,,NO,SI
,2918,  37 ,  38 ,  0.0000 ,  0.0010 ,  0.0200 ,  50 ,"  1,000 ",  0.01 ,  7.50 ,  45.00 ,  165.00 ,,NO,SI
,2919,"  1,032 ",  292 ,  0.0000 ,  0.0010 ,  0.0200 ,  50 ,"  1,000 ",  0.02 ,  7.50 ,  45.00 ,  165.00 ,,NO,SI
,2920,"  1,452 ",  317 ,  0.0000 ,  0.0010 ,  0.0200 ,  50 ,"  1,000 ",  0.02 ,  7.50 ,  45.00 ,  165.00 ,,NO,SI
,2921,"  4,179 ",  705 ,  0.0000 ,  0.0010 ,  0.0200 ,  50 ,"  1,000 ",  0.02 ,  7.65 ,  45.00 ,  165.00 ,,NO,SI
,2922,"  3,691 ",  658 ,  0.0000 ,  0.0015 ,  0.0300 ,  50 ,"  1,000 ",  0.03 ,  7.50 ,  45.00 ,  165.00 ,,NO,SI
,2923,"  2,091 ",  393 ,  0.0001 ,  0.0025 ,  0.0250 ,  50 ,  500 ,  0.03 ,  12.00 ,  45.00 ,  165.00 ,,NO,SI
,2924,"  1,122 ",  247 ,  0.0001 ,  0.0025 ,  0.0250 ,  50 ,  500 ,  0.04 ,  11.50 ,  45.00 ,  165.00 ,,NO,SI
,2925,"  2,988 ",  456 ,  0.0003 ,  -   ,  0.0127 ,  -   ,  40 ,#N/A,#N/A,#N/A,#N/A,,NO,SI
,2926,  636 ,  88 ,  0.0078 ,  -   ,  0.0157 ,  -   ,  2 , -,  82.00 ,  366.00 ,  288.00 ,,NO,SI
,2927,"  8,309 ","  1,346 ",  0.0005 ,  -   ,  0.0244 ,  -   ,  48 ,  0.16 ,  43.00 ,  249.00 ,  56.00 ,,NO,SI
,2928,"  2,630 ",  646 ,  0.0007 ,  -   ,  0.0680 ,  -   ,  100 ,  0.28 ,  33.00 ,  105.00 ,  200.00 ,,NO,SI
,2929,"  2,252 ",  531 ,  0.0009 ,  -   ,  0.0455 ,  -   ,  50 ,  0.41 ,  33.00 ,  115.00 ,  245.00 ,,NO,SI
,2930,  703 ,  300 ,  0.0130 ,  -   ,  0.1560 ,  -   ,  12 ,#N/A,#N/A,#N/A,#N/A,,NO,SI
,2931,  667 ,  151 ,  0.0157 ,  -   ,  0.0945 ,  -   ,  6 ,#N/A,#N/A,#N/A,#N/A,,NO,SI
,2932,  479 ,  139 ,  0.0196 ,  -   ,  0.1176 ,  -   ,  6 ,#N/A,#N/A,#N/A,#N/A,,NO,SI
,2933,  402 ,  123 ,  0.0394 ,  -   ,  0.0394 ,  -   ,  1 ,#N/A,#N/A,#N/A,#N/A,,NO,SI
,2934,  566 ,  42 ,  0.0135 ,  -   ,  0.0135 ,  -   ,  1 ,#N/A,#N/A,#N/A,#N/A,,NO,SI
,2935,  522 ,  50 ,  0.0265 ,  -   ,  0.0265 ,  -   ,  1 ,#N/A,#N/A,#N/A,#N/A,,NO,SI
,2936,  322 ,  37 ,  0.0445 ,  -   ,  0.0445 ,  -   ,  1 ,#N/A,#N/A,#N/A,#N/A,,NO,SI
,2937,"  2,202 ",  750 ,  0.0588 ,  -   ,  0.0588 ,  -   ,  1 ,#N/A,#N/A,#N/A,#N/A,,NO,SI
,2938,"  2,482 ",  371 ,  0.0013 ,  -   ,  0.0510 ,  -   ,  40 ,  0.45 ,  40.00 ,  102.00 ,  280.00 ,,NO,SI
,5347,  31 ,  -   ,  0.0011 , #VALUE!,  0.0457 , -,  40 ,  0.45 ,  40.00 ,  102.00 ,  280.00 ,,NO,SI
,2939,"  2,771 ",  656 ,  0.0013 ,  -   ,  0.0510 ,  -   ,  40 ,  0.48 ,  40.00 ,  105.00 ,  285.00 ,,NO,SI
,5348,  57 ,  -   ,  0.0012 , #VALUE!,  0.0479 , -,  40 ,  0.48 ,  40.00 ,  105.00 ,  285.00 ,,NO,SI
,2940,  171 ,  17 ,  0.0002 ,  -   ,  0.0121 ,  -   ,  50 ,  0.12 ,  68.00 ,  134.00 ,  57.00 ,,NO,SI
,2941,  21 ,  147 ,  0.0115 ,  -   ,  0.0573 ,  -   ,  5 ,"  3,070.00 ",  90.00 ,  440.00 ,  240.00 ,,NO,SI
,5349,  529 ,  -   ,  0.0095 , #VALUE!,  0.0475 , -,  5 ,  3.07 ,  90.00 ,  440.00 ,  240.00 ,,NO,SI
,2942,  18 ,  84 ,  0.0115 ,  -   ,  0.0573 ,  -   ,  5 ,"  3,720.00 ",  90.00 ,  440.00 ,  240.00 ,,NO,SI
,5350,  283 ,  -   ,  0.0095 , #VALUE!,  0.0475 , -,  5 ,  3.72 ,  90.00 ,  440.00 ,  240.00 ,,NO,SI
,2943,  447 ,  160 ,  0.0020 ,  -   ,  0.0395 ,  -   ,  20 ,  315.00 ,  60.00 ,  135.00 ,  220.00 ,,NO,SI
,2944,  95 ,  100 ,  0.0012 ,  -   ,  0.0582 ,  -   ,  50 ,  231.00 ,  45.00 ,  105.00 ,  210.00 ,,NO,SI
,5351,  217 ,  -   ,  0.0010 , #VALUE!,  0.0496 , -,  50 ,  0.23 ,  45.00 ,  105.00 ,  210.00 ,,NO,SI
,2945,  302 ,  193 ,  0.0006 ,  -   ,  0.0190 ,  -   ,  30 ,#N/A,#N/A,#N/A,#N/A,,NO,SI
,5352,  540 ,  -   ,  0.0007 , #VALUE!,  0.0198 , -,  30 ,  0.61 ,  45.00 ,  140.00 ,  105.00 ,,NO,SI
,2946,  314 ,  149 ,  0.0004 ,  -   ,  0.0290 ,  -   ,  80 ,#N/A,#N/A,#N/A,#N/A,,NO,SI
,5353,  298 ,  -   ,  0.0004 , #VALUE!,  0.0300 , -,  80 ,  0.18 ,  52.00 ,  85.00 ,  85.00 ,,NO,SI
,2947,  298 ,  60 ,  0.0018 ,  -   ,  0.0367 ,  -   ,  20 ,  728.00 ,  57.00 ,  90.00 ,  265.00 ,,NO,SI
,2949,  561 ,  148 ,  0.0002 ,  0.0095 ,  0.0189 ,  50 ,  100 ,  0.08 ,  16.00 ,  71.00 ,  240.00 ,,NO,SI
,2950,  74 ,#N/A,  0.0000 ,  -   ,  0.0009 ,  -   ,  25 ,  0.04 ,  25.00 ,  25.00 ,  58.00 ,,NO,SI
,2951,  229 ,  99 ,  0.0000 ,  -   ,  0.0200 ,  -   ,  500 ,  0.04 ,  25.00 ,  25.00 ,  58.00 ,,NO,SI
,2952,  150 ,  69 ,  0.0000 ,  -   ,  0.0200 ,  -   ,  500 ,  0.04 ,  25.00 ,  25.00 ,  58.00 ,,NO,SI
,2953,  230 ,  108 ,  0.0000 ,  -   ,  0.0200 ,  -   ,  500 ,  0.04 ,  25.00 ,  25.00 ,  58.00 ,,NO,SI
,2954,  150 ,  69 ,  0.0000 ,  -   ,  0.0200 ,  -   ,  500 ,  0.04 ,  25.00 ,  25.00 ,  58.00 ,,NO,SI
,2955,  71 ,#N/A,  0.0000 ,  -   ,  0.0009 ,  -   ,  25 ,  0.05 ,  25.00 ,  25.00 ,  58.00 ,,NO,SI
,2956,  66 ,#N/A,  0.0000 ,  -   ,  0.0009 ,  -   ,  25 ,  0.06 ,  25.00 ,  25.00 ,  58.00 ,,NO,SI
,2957,  55 ,#N/A,  0.0000 ,  -   ,  0.0009 ,  -   ,  25 ,  0.04 ,  25.00 ,  25.00 ,  58.00 ,,NO,SI
,2958,  59 ,#N/A,  0.0000 ,  -   ,  0.0009 ,  -   ,  25 ,  0.06 ,  25.00 ,  25.00 ,  58.00 ,,NO,SI
,2959,  284 ,  137 ,  0.0001 ,  -   ,  0.0200 ,  -   ,  200 ,  0.04 ,  25.00 ,  25.00 ,  58.00 ,,NO,SI
,2960,  209 ,  99 ,  0.0000 ,  -   ,  0.0200 ,  -   ,  500 ,  0.04 ,  25.00 ,  25.00 ,  58.00 ,,NO,SI
,2961,  209 ,  74 ,  0.0000 ,  -   ,  0.0200 ,  -   ,  500 ,  0.05 ,  25.00 ,  25.00 ,  58.00 ,,NO,SI
,2962,  749 ,  237 ,  0.0008 ,  0.0193 ,  0.0771 ,  25 ,  100 ,  0.13 ,  25.00 ,  625.00 ,  25.00 ,,NO,SI
,2963,"  1,783 ","  1,500 ",  0.0003 ,  0.0027 ,  0.0536 ,  10 ,  200 ,#N/A,#N/A,#N/A,#N/A,,NO,SI
,2964,  313 ,  50 ,  0.0005 ,  0.0127 ,  0.0254 ,  25 ,  50 ,#N/A,#N/A,#N/A,#N/A,,NO,SI
,2965,  146 ,  120 ,  0.0007 ,  -   ,  0.0195 ,  -   ,  30 ,  0.73 ,  25.00 ,  50.00 ,  490.00 ,,NO,SI
,2966,  62 ,  120 ,  0.0003 ,  -   ,  0.0130 ,  -   ,  50 ,  0.51 ,  25.00 ,  50.00 ,  375.00 ,,NO,SI
,2967,  154 ,  122 ,  0.0008 ,  0.0046 ,  0.0276 ,  6 ,  36 ,#N/A,#N/A,#N/A,#N/A,,NO,SI
,2968,  155 ,  182 ,  0.0566 ,  -   ,  0.0566 ,  -   ,  1 ,  7.50 ,  285.00 ,  530.00 ,  375.00 ,,NO,SI
,5354,  331 ,  -   ,  0.0566 , #VALUE!,  0.0566 , -,  1 ,  7.50 ,  285.00 ,  530.00 ,  375.00 ,,NO,SI
,5354,  49 ,  -   ,  0.0566 , #VALUE!,  0.0566 , -,  1 ,  7.50 ,  285.00 ,  530.00 ,  375.00 ,,NO,SI
,2969,  115 ,  24 ,  0.0143 ,  -   ,  0.1285 ,  -   ,  9 ,  1.51 ,  180.00 ,  404.00 ,  200.00 ,,NO,SI
,5356,  14 ,  -   ,  0.0145 , #VALUE!,  0.1305 , -,  9 ,  1.51 ,  180.00 ,  404.00 ,  200.00 ,,NO,SI
,5356,  7 ,  -   ,  0.0145 , #VALUE!,  0.1305 , -,  9 ,  1.51 ,  180.00 ,  404.00 ,  200.00 ,,NO,SI
,2970,  98 ,  24 ,  0.0259 ,  -   ,  0.1553 ,  -   ,  6 ,  2.14 ,  220.00 ,  450.00 ,  250.00 ,,NO,SI
,5358,  1 ,  -   ,  0.0248 , #VALUE!,  0.1485 , -,  6 ,  2.14 ,  220.00 ,  450.00 ,  250.00 ,,NO,SI
,5358,  10 ,  -   ,  0.0248 , #VALUE!,  0.1485 , -,  6 ,  2.14 ,  220.00 ,  450.00 ,  250.00 ,,NO,SI
,5358,  6 ,  -   ,  0.0248 , #VALUE!,  0.1485 , -,  6 ,  2.14 ,  220.00 ,  450.00 ,  250.00 ,,NO,SI
,2971,  79 ,  17 ,  0.0438 ,  -   ,  0.1754 ,  -   ,  4 ,  2.60 ,  270.00 ,  530.00 ,  300.00 ,,NO,SI
,5361,  2 ,  -   ,  0.0429 , #VALUE!,  0.1717 , -,  4 ,  2.60 ,  270.00 ,  530.00 ,  300.00 ,,NO,SI
,5361,  7 ,  -   ,  0.0429 , #VALUE!,  0.1717 , -,  4 ,  2.60 ,  270.00 ,  530.00 ,  300.00 ,,NO,SI
,5361,  11 ,  -   ,  0.0429 , #VALUE!,  0.1717 , -,  4 ,  2.60 ,  270.00 ,  530.00 ,  300.00 ,,NO,SI
,2972,  141 ,  120 ,  0.0011 ,  0.0064 ,  0.0256 ,  6 ,  24 ,#N/A,#N/A,#N/A,#N/A,,NO,SI
,2973,  72 ,  100 ,  0.0043 ,  -   ,  0.1070 ,  -   ,  25 ,  0.62 ,  100.00 ,  100.00 ,  410.00 ,,NO,SI
,2974,  67 ,  100 ,  0.0043 ,  -   ,  0.1070 ,  -   ,  25 ,  0.61 ,  100.00 ,  100.00 ,  410.00 ,,NO,SI
,2975,  74 ,  100 ,  0.0043 ,  -   ,  0.1070 ,  -   ,  25 ,  0.55 ,  100.00 ,  100.00 ,  410.00 ,,NO,SI
,2976,  59 ,  100 ,  0.0043 ,  -   ,  0.1070 ,  -   ,  25 ,  0.51 ,  100.00 ,  100.00 ,  410.00 ,,NO,SI
,2977,  68 ,  100 ,  0.0043 ,  -   ,  0.1070 ,  -   ,  25 ,  0.47 ,  100.00 ,  100.00 ,  410.00 ,,NO,SI
,2978,  62 ,  100 ,  0.0043 ,  -   ,  0.1070 ,  -   ,  25 ,  0.41 ,  100.00 ,  100.00 ,  410.00 ,,NO,SI
,2979,  43 ,  100 ,  0.0043 ,  -   ,  0.1070 ,  -   ,  25 ,  0.40 ,  100.00 ,  100.00 ,  410.00 ,,NO,SI
,2980,  939 ,  234 ,  0.0017 ,  0.0101 ,  0.0406 ,  6 ,  24 ,  0.67 ,  95.00 ,  340.00 ,  60.00 ,,NO,SI
,2981,  12 ,  60 ,  0.0001 ,  -   ,  0.0170 ,  -   ,  200 ,#N/A,#N/A,#N/A,#N/A,,NO,SI
,2982,  69 ,  100 ,  0.0016 ,  -   ,  0.0805 ,  -   ,  50 ,  0.39 ,  80.00 ,  230.00 ,  75.00 ,,NO,SI
,2983,  103 ,  100 ,  0.0017 ,  -   ,  0.0843 ,  -   ,  50 ,  0.32 ,  72.00 ,  230.00 ,  75.00 ,,NO,SI
,2984,  214 ,  250 ,  0.0016 ,  -   ,  0.0805 ,  -   ,  50 ,  0.27 ,  67.00 ,  230.00 ,  75.00 ,,NO,SI
,2985,  233 ,  250 ,  0.0016 ,  -   ,  0.0805 ,  -   ,  50 ,  0.25 ,  50.00 ,  230.00 ,  75.00 ,,NO,SI
,2986,  306 ,  250 ,  0.0016 ,  -   ,  0.0805 ,  -   ,  50 ,  0.23 ,  47.00 ,  230.00 ,  75.00 ,,NO,SI
,2987,  188 ,  200 ,  0.0016 ,  -   ,  0.0805 ,  -   ,  50 ,  0.22 ,  70.00 ,  230.00 ,  75.00 ,,NO,SI
,2988,  207 ,  250 ,  0.0016 ,  -   ,  0.0805 ,  -   ,  50 ,  0.20 ,  60.00 ,  230.00 ,  75.00 ,,NO,SI
,2989,  146 ,  150 ,  0.0016 ,  -   ,  0.0805 ,  -   ,  50 ,  0.18 ,  60.00 ,  230.00 ,  75.00 ,,NO,SI
,2990,  139 ,  100 ,  0.0016 ,  -   ,  0.0805 ,  -   ,  50 ,  0.17 ,  60.00 ,  230.00 ,  75.00 ,,NO,SI
,2991,  145 ,  60 ,  0.0118 ,  -   ,  0.0941 ,  -   ,  8 ,  1.45 ,  132.00 ,  315.00 ,  255.00 ,,NO,SI
,5364,  8 ,  -   ,  0.0106 , #VALUE!,  0.0848 , -,  8 ,  1.45 ,  132.00 ,  315.00 ,  255.00 ,,NO,SI
,2992,  12 ,  15 ,  0.0023 ,  -   ,  0.1133 ,  -   ,  50 ,#N/A,#N/A,#N/A,#N/A,,NO,SI
,2993,  15 ,  4 ,  0.0009 ,  -   ,  0.0360 ,  -   ,  40 ,#N/A,#N/A,#N/A,#N/A,,NO,SI
,2994,  10 ,  4 ,  0.0009 ,  -   ,  0.0360 ,  -   ,  40 ,#N/A,#N/A,#N/A,#N/A,,NO,SI
,2995,  36 ,  5 ,  0.0002 ,  -   ,  0.0002 ,  -   ,  1 ,#N/A,#N/A,#N/A,#N/A,,NO,SI
,2996,  2 ,  3 ,  0.0002 ,  -   ,  0.0002 ,  -   ,  1 ,#N/A,#N/A,#N/A,#N/A,,NO,SI
,5365,  10 ,  -   ,  0.0001 , #VALUE!,  0.0001 , -,  1 ,  0.02 ,  23.00 ,  55.00 ,  45.00 ,,NO,SI
,2997,  12 ,  3 ,  0.0002 ,  -   ,  0.0002 ,  -   ,  1 ,#N/A,#N/A,#N/A,#N/A,,NO,SI
,2998,  600 ,  10 ,  0.0002 ,  -   ,  0.0210 ,  -   ,  100 ,  72.00 ,  20.00 ,  60.00 ,  200.00 ,,NO,SI
,2999,  18 ,  500 ,  0.0010 ,  -   ,  0.0496 ,  -   ,  50 ,  200.00 ,  114.00 ,  87.00 ,  87.00 ,,NO,SI
,5366,  882 ,  -   ,  0.0009 , #VALUE!,  0.0431 , -,  50 ,  0.20 ,  114.00 ,  87.00 ,  87.00 ,,NO,SI
,3000,  18 ,  500 ,  0.0010 ,  -   ,  0.0496 ,  -   ,  50 ,  208.00 ,  114.00 ,  87.00 ,  87.00 ,,NO,SI
,5367,  791 ,  -   ,  0.0009 , #VALUE!,  0.0431 , -,  50 ,  0.20 ,  114.00 ,  87.00 ,  87.00 ,,NO,SI
,3001,"  1,004 ",  720 ,  0.0016 ,  0.0196 ,  0.0785 ,  12 ,  48 ,  0.20 ,  230.00 ,  170.00 ,  50.00 ,,NO,SI
,3002,  743 ,  600 ,  0.0015 ,  0.0184 ,  0.0734 ,  12 ,  48 ,  0.18 ,  250.00 ,  150.00 ,  40.00 ,,NO,SI
,3003,  860 ,  720 ,  0.0005 ,  0.0059 ,  0.0588 ,  12 ,  120 ,  0.07 ,  180.00 ,  80.00 ,  40.00 ,,NO,SI
,3004,  722 ,  312 ,  0.0010 ,  0.0124 ,  0.0494 ,  12 ,  48 ,  0.17 ,  180.00 ,  130.00 ,  45.00 ,,NO,SI
,3005,"  1,846 ",  600 ,  0.0003 ,  0.0078 ,  0.0783 ,  24 ,  240 ,  0.03 ,  120.00 ,  90.00 ,  40.00 ,,NO,SI
,3006,"  2,461 ",  720 ,  0.0003 ,  0.0067 ,  0.0668 ,  24 ,  240 ,  0.05 ,  120.00 ,  90.00 ,  40.00 ,,NO,SI
,3007,"  1,307 ",  480 ,  0.0003 ,  0.0075 ,  0.0753 ,  24 ,  240 ,  0.05 ,  120.00 ,  90.00 ,  45.00 ,,NO,SI
,3008,"  1,061 ",  600 ,  0.0003 ,  0.0067 ,  0.0665 ,  24 ,  240 ,  0.04 ,  120.00 ,  90.00 ,  40.00 ,,NO,SI
,3009,  1 ,  11 ,  0.0002 ,  -   ,  0.0002 ,  -   ,  1 ,#N/A,#N/A,#N/A,#N/A,,NO,SI
,3010,  1 ,  11 ,  0.0002 ,  -   ,  0.0002 ,  -   ,  1 ,#N/A,#N/A,#N/A,#N/A,,NO,SI
,3011,  1 ,  11 ,  0.0002 ,  -   ,  0.0002 ,  -   ,  1 ,#N/A,#N/A,#N/A,#N/A,,NO,SI
,3012,  1 ,  11 ,  0.0002 ,  -   ,  0.0002 ,  -   ,  1 ,#N/A,#N/A,#N/A,#N/A,,NO,SI
,3013,  1 ,  5 ,  0.0004 ,  -   ,  0.0004 ,  -   ,  1 ,#N/A,#N/A,#N/A,#N/A,,NO,SI
,3014,  1 ,  5 ,  0.0004 ,  -   ,  0.0004 ,  -   ,  1 ,#N/A,#N/A,#N/A,#N/A,,NO,SI
,3015,  1 ,  5 ,  0.0004 ,  -   ,  0.0004 ,  -   ,  1 ,#N/A,#N/A,#N/A,#N/A,,NO,SI
,3016,  1 ,  5 ,  0.0012 ,  -   ,  0.0012 ,  -   ,  1 ,#N/A,#N/A,#N/A,#N/A,,NO,SI
,3017,  1 ,#N/A,#N/A,#N/A,#N/A,  -   ,  12 ,#N/A,#N/A,#N/A,#N/A,,NO,SI
,3018,  235 ,  120 ,  0.0002 ,  0.0012 ,  0.0120 ,  6 ,  60 ,  261.00 ,  45.00 ,  43.00 ,  43.00 ,,NO,SI
,3019,  281 ,  120 ,  0.0002 ,  0.0012 ,  0.0120 ,  6 ,  60 ,  256.00 ,  45.00 ,  43.00 ,  43.00 ,,NO,SI
,3020,  260 ,  120 ,  0.0002 ,  0.0012 ,  0.0120 ,  6 ,  60 ,  319.00 ,  45.00 ,  46.00 ,  46.00 ,,NO,SI
,3021,  178 ,  120 ,  0.0002 ,  0.0012 ,  0.0120 ,  6 ,  60 ,  243.00 ,  45.00 ,  43.00 ,  43.00 ,,NO,SI
,3022,  434 ,  120 ,  0.0002 ,  0.0012 ,  0.0120 ,  6 ,  60 ,  245.00 ,  45.00 ,  43.00 ,  43.00 ,,NO,SI
,3023,  195 ,  120 ,  0.0002 ,  0.0012 ,  0.0120 ,  6 ,  60 ,  293.00 ,  45.00 ,  46.00 ,  46.00 ,,NO,SI
,3024,  435 ,  150 ,  0.0006 ,  -   ,  0.0360 ,  -   ,  60 ,  0.34 ,  34.00 ,  120.00 ,  120.00 ,,NO,SI
,3025,  100 ,  240 ,  0.0000 ,  0.0007 ,  0.0130 ,  30 ,  600 ,  -   ,  5.00 ,  50.00 ,  80.00 ,,NO,SI
,3026,  115 ,  240 ,  0.0000 ,  0.0007 ,  0.0130 ,  30 ,  600 ,  -   ,  5.00 ,  50.00 ,  80.00 ,,NO,SI
,3027,  134 ,  240 ,  0.0000 ,  0.0007 ,  0.0130 ,  30 ,  600 ,  -   ,  5.00 ,  50.00 ,  80.00 ,,NO,SI
,3028,  115 ,  300 ,  0.0000 ,  0.0007 ,  0.0130 ,  30 ,  600 ,  -   ,  5.00 ,  50.00 ,  80.00 ,,NO,SI
,3029,  97 ,  60 ,  0.0000 ,  0.0007 ,  0.0130 ,  30 ,  600 ,  -   ,  5.00 ,  50.00 ,  80.00 ,,NO,SI
,3030,  146 ,  60 ,  0.0000 ,  0.0007 ,  0.0130 ,  30 ,  600 ,  -   ,  5.00 ,  50.00 ,  80.00 ,,NO,SI
,3031,  99 ,  600 ,  0.0000 ,  0.0007 ,  0.0130 ,  30 ,  600 ,  -   ,  5.00 ,  50.00 ,  80.00 ,,NO,SI
,3032,  94 ,  240 ,  0.0000 ,  0.0007 ,  0.0130 ,  30 ,  600 ,  -   ,  5.00 ,  50.00 ,  80.00 ,,NO,SI
,3033,  65 ,  120 ,  0.0000 ,  0.0007 ,  0.0130 ,  30 ,  600 ,#N/A,#N/A,#N/A,#N/A,,NO,SI
,3034,  64 ,  240 ,  0.0000 ,  0.0007 ,  0.0130 ,  30 ,  600 ,#N/A,#N/A,#N/A,#N/A,,NO,SI
,3035,  24 ,  120 ,  0.0000 ,  0.0007 ,  0.0130 ,  30 ,  600 ,#N/A,#N/A,#N/A,#N/A,,NO,SI
,3036,  47 ,  240 ,  0.0000 ,  0.0007 ,  0.0130 ,  30 ,  600 ,#N/A,#N/A,#N/A,#N/A,,NO,SI
,3037,  56 ,  240 ,  0.0000 ,  0.0007 ,  0.0130 ,  30 ,  600 ,#N/A,#N/A,#N/A,#N/A,,NO,SI
,3038,  52 ,  60 ,  0.0000 ,  0.0007 ,  0.0130 ,  30 ,  600 ,#N/A,#N/A,#N/A,#N/A,,NO,SI
,3039,  29 ,  60 ,  0.0000 ,  0.0007 ,  0.0130 ,  30 ,  600 ,#N/A,#N/A,#N/A,#N/A,,NO,SI
,3040,  24 ,  60 ,  0.0000 ,  0.0005 ,  0.0100 ,  30 ,  600 ,  -   ,  5.00 ,  50.00 ,  80.00 ,,NO,SI
,3041,  2 ,  100 ,  0.0001 ,  0.0010 ,  0.0104 ,  20 ,  200 ,#N/A,#N/A,#N/A,#N/A,,NO,SI
,3042,  2 ,  100 ,  0.0001 ,  0.0010 ,  0.0104 ,  20 ,  200 ,#N/A,#N/A,#N/A,#N/A,,NO,SI
,3043,  2 ,  100 ,  0.0001 ,  0.0010 ,  0.0104 ,  20 ,  200 ,#N/A,#N/A,#N/A,#N/A,,NO,SI
,3044,  2 ,  100 ,  0.0001 ,  0.0010 ,  0.0104 ,  20 ,  200 ,#N/A,#N/A,#N/A,#N/A,,NO,SI
,3045,  2 ,  100 ,  0.0001 ,  0.0010 ,  0.0104 ,  20 ,  200 ,#N/A,#N/A,#N/A,#N/A,,NO,SI
,3046,  510 ,  150 ,  0.0016 ,  -   ,  0.0191 ,  -   ,  12 ,  763.00 ,  37.00 ,  82.00 ,  365.00 ,,NO,SI
,5368,  23 ,  -   ,  0.0011 , #VALUE!,  0.0132 , -,  12 ,  0.76 ,  37.00 ,  82.00 ,  365.00 ,,NO,SI
,3047,  1 ,  5 ,  0.0007 ,  -   ,  0.0110 ,  -   ,  16 ,#N/A,#N/A,#N/A,#N/A,,NO,SI
,3048,  1 ,  5 ,  0.0007 ,  -   ,  0.0110 ,  -   ,  16 ,#N/A,#N/A,#N/A,#N/A,,NO,SI
,3049,  1 ,  5 ,  0.0008 ,  -   ,  0.0133 ,  -   ,  16 ,#N/A,#N/A,#N/A,#N/A,,NO,SI
,3050,  2 ,  6 ,  0.0007 ,  -   ,  0.0110 ,  -   ,  16 ,#N/A,#N/A,#N/A,#N/A,,NO,SI
,3051,  1 ,  5 ,  0.0009 ,  -   ,  0.0080 ,  -   ,  9 ,#N/A,#N/A,#N/A,#N/A,,NO,SI
,3052,  1 ,  3 ,  0.0009 ,  -   ,  0.0080 ,  -   ,  9 ,#N/A,#N/A,#N/A,#N/A,,NO,SI
,3053,  2 ,  4 ,  0.0009 ,  -   ,  0.0080 ,  -   ,  9 ,#N/A,#N/A,#N/A,#N/A,,NO,SI
,3054,  1 ,  3 ,  0.0009 ,  -   ,  0.0080 ,  -   ,  9 ,#N/A,#N/A,#N/A,#N/A,,NO,SI
,3055,  1 ,  2 ,  0.0014 ,  -   ,  0.0130 ,  -   ,  9 ,#N/A,#N/A,#N/A,#N/A,,NO,SI
,3056,  1 ,  2 ,  0.0018 ,  -   ,  0.0070 ,  -   ,  4 ,#N/A,#N/A,#N/A,#N/A,,NO,SI
,3057,  1 ,  2 ,  0.0018 ,  -   ,  0.0070 ,  -   ,  4 ,#N/A,#N/A,#N/A,#N/A,,NO,SI
,3058,  2 ,  2 ,  0.0033 ,  -   ,  0.0133 ,  -   ,  4 ,#N/A,#N/A,#N/A,#N/A,,NO,SI
,3059,  1 ,  4 ,  0.0005 ,  -   ,  0.0095 ,  -   ,  20 ,#N/A,#N/A,#N/A,#N/A,,NO,SI
,3060,  1 ,  5 ,  0.0007 ,  -   ,  0.0110 ,  -   ,  16 ,#N/A,#N/A,#N/A,#N/A,,NO,SI
,3061,  2 ,  5 ,  0.0007 ,  -   ,  0.0110 ,  -   ,  16 ,#N/A,#N/A,#N/A,#N/A,,NO,SI
,3062,  1 ,  3 ,  0.0009 ,  -   ,  0.0080 ,  -   ,  9 ,#N/A,#N/A,#N/A,#N/A,,NO,SI
,3063,  1 ,  3 ,  0.0009 ,  -   ,  0.0080 ,  -   ,  9 ,#N/A,#N/A,#N/A,#N/A,,NO,SI
,3064,  1 ,  2 ,  0.0009 ,  -   ,  0.0080 ,  -   ,  9 ,#N/A,#N/A,#N/A,#N/A,,NO,SI
,3065,  1 ,  2 ,  0.0014 ,  -   ,  0.0130 ,  -   ,  9 ,#N/A,#N/A,#N/A,#N/A,,NO,SI
,3066,  1 ,  2 ,  0.0014 ,  -   ,  0.0130 ,  -   ,  9 ,#N/A,#N/A,#N/A,#N/A,,NO,SI
,3067,  1 ,  2 ,  0.0014 ,  -   ,  0.0130 ,  -   ,  9 ,#N/A,#N/A,#N/A,#N/A,,NO,SI
,3068,  2 ,  1 ,  0.0018 ,  -   ,  0.0070 ,  -   ,  4 ,#N/A,#N/A,#N/A,#N/A,,NO,SI
,3069,  1 ,  4 ,  0.0002 ,  -   ,  0.0060 ,  -   ,  40 ,#N/A,#N/A,#N/A,#N/A,,NO,SI
,3070,  2 ,  8 ,  0.0002 ,  -   ,  0.0060 ,  -   ,  40 ,#N/A,#N/A,#N/A,#N/A,,NO,SI
,3071,  1 ,  8 ,  0.0002 ,  -   ,  0.0060 ,  -   ,  40 ,#N/A,#N/A,#N/A,#N/A,,NO,SI
,3072,  1 ,  8 ,  0.0002 ,  -   ,  0.0060 ,  -   ,  40 ,#N/A,#N/A,#N/A,#N/A,,NO,SI
,3073,  1 ,  8 ,  0.0003 ,  -   ,  0.0100 ,  -   ,  40 ,#N/A,#N/A,#N/A,#N/A,,NO,SI
,3074,  1 ,  8 ,  0.0002 ,  -   ,  0.0075 ,  -   ,  40 ,#N/A,#N/A,#N/A,#N/A,,NO,SI
,3075,  1 ,  8 ,  0.0002 ,  -   ,  0.0075 ,  -   ,  40 ,#N/A,#N/A,#N/A,#N/A,,NO,SI
,3076,  1 ,  8 ,  0.0002 ,  -   ,  0.0075 ,  -   ,  40 ,#N/A,#N/A,#N/A,#N/A,,NO,SI
,3077,  1 ,  8 ,  0.0002 ,  -   ,  0.0075 ,  -   ,  40 ,#N/A,#N/A,#N/A,#N/A,,NO,SI
,3078,  1 ,  8 ,  0.0002 ,  -   ,  0.0095 ,  -   ,  40 ,#N/A,#N/A,#N/A,#N/A,,NO,SI
,3079,  1 ,  8 ,  0.0003 ,  -   ,  0.0130 ,  -   ,  40 ,#N/A,#N/A,#N/A,#N/A,,NO,SI
,3080,  1 ,  3 ,  0.0007 ,  -   ,  0.0110 ,  -   ,  16 ,#N/A,#N/A,#N/A,#N/A,,NO,SI
,3081,  1 ,  3 ,  0.0007 ,  -   ,  0.0110 ,  -   ,  16 ,#N/A,#N/A,#N/A,#N/A,,NO,SI
,3082,  1 ,  3 ,  0.0007 ,  -   ,  0.0110 ,  -   ,  16 ,#N/A,#N/A,#N/A,#N/A,,NO,SI
,3083,  2 ,  5 ,  0.0007 ,  -   ,  0.0110 ,  -   ,  16 ,#N/A,#N/A,#N/A,#N/A,,NO,SI
,3084,  1 ,  3 ,  0.0007 ,  -   ,  0.0110 ,  -   ,  16 ,#N/A,#N/A,#N/A,#N/A,,NO,SI
,3085,  1 ,  3 ,  0.0007 ,  -   ,  0.0110 ,  -   ,  16 ,#N/A,#N/A,#N/A,#N/A,,NO,SI
,3086,  1 ,  2 ,  0.0009 ,  -   ,  0.0080 ,  -   ,  9 ,#N/A,#N/A,#N/A,#N/A,,NO,SI
,3087,  1 ,  3 ,  0.0009 ,  -   ,  0.0080 ,  -   ,  9 ,#N/A,#N/A,#N/A,#N/A,,NO,SI
,3088,  1 ,  2 ,  0.0009 ,  -   ,  0.0080 ,  -   ,  9 ,#N/A,#N/A,#N/A,#N/A,,NO,SI
,3089,  2 ,  1 ,  0.0009 ,  -   ,  0.0080 ,  -   ,  9 ,#N/A,#N/A,#N/A,#N/A,,NO,SI
,3090,  471 ,  810 ,  0.0003 ,  0.0034 ,  0.0203 ,  10 ,  60 ,  300.00 ,  20.00 ,  115.00 ,  180.00 ,,NO,SI
,3091,  545 ,  300 ,  0.0004 ,  0.0036 ,  0.0216 ,  10 ,  60 ,  287.00 ,  20.00 ,  115.00 ,  180.00 ,,NO,SI
,3092,  502 ,  300 ,  0.0003 ,  0.0033 ,  0.0196 ,  10 ,  60 ,  194.00 ,  17.00 ,  115.00 ,  180.00 ,,NO,SI
,3093,  388 ,  180 ,  0.0005 ,  0.0057 ,  0.0115 ,  12 ,  24 ,  270.00 ,  22.00 ,  115.00 ,  180.00 ,,NO,SI
,5369,  10 ,  -   ,  0.0005 ,  0.0055 ,  0.0109 ,  12 ,  24 ,  0.27 ,  22.00 ,  115.00 ,  180.00 ,,NO,SI
,3094,  517 ,  202 ,  0.0009 ,  0.0054 ,  0.0436 ,  6 ,  48 ,  0.30 ,  20.00 ,  130.00 ,  350.00 ,,NO,SI
,3095,  308 ,  75 ,  0.0015 ,  -   ,  0.0304 ,  -   ,  20 ,  0.73 ,  32.00 ,  185.00 ,  185.00 ,,NO,SI
,3097,  54 ,  20 ,  0.0002 ,  -   ,  0.0176 ,  -   ,  100 ,#N/A,#N/A,#N/A,#N/A,,NO,SI
,3098,  105 ,  84 ,  0.0046 ,  -   ,  0.0276 ,  -   ,  6 ,  1.53 ,  65.00 ,  140.00 ,  450.00 ,,NO,SI
,3099,  96 ,  84 ,  0.0046 ,  -   ,  0.0276 ,  -   ,  6 ,  1.36 ,  65.00 ,  140.00 ,  450.00 ,,NO,SI
,3100,  244 ,  101 ,  0.0022 ,  -   ,  0.0522 ,  -   ,  24 ,  0.38 ,  183.00 ,  150.00 ,  80.00 ,,NO,SI
,3101,  772 ,  396 ,  0.0038 ,  -   ,  0.0901 ,  -   ,  24 ,  0.31 ,  200.00 ,  215.00 ,  70.00 ,,NO,SI
,3102,  354 ,  120 ,  0.0099 ,  -   ,  0.0593 ,  -   ,  6 ,  0.70 ,  180.00 ,  525.00 ,  85.00 ,,NO,SI
,3103,  591 ,  480 ,  0.0003 ,  0.0077 ,  0.0770 ,  24 ,  240 ,  0.47 ,  120.00 ,  90.00 ,  40.00 ,,NO,SI
,3105,  1 ,  500 ,  0.0005 ,  -   ,  0.1052 ,  -   ,  200 ,#N/A,#N/A,#N/A,#N/A,,NO,SI
,3106,  18 ,  200 ,  0.0002 ,  -   ,  0.0200 ,  -   ,  100 ,  0.01 ,  16.00 ,  100.00 ,  150.00 ,,NO,SI
,3107,  3 ,  72 ,  0.0019 ,  -   ,  0.0456 ,  -   ,  24 ,#N/A,#N/A,#N/A,#N/A,,NO,SI
,3108,  484 ,  300 ,  0.0005 ,  0.0030 ,  0.0300 ,  6 ,  60 ,#N/A,#N/A,#N/A,#N/A,,NO,SI
,3109,  437 ,  300 ,  0.0006 ,  0.0036 ,  0.0360 ,  6 ,  60 ,  235.00 ,  20.00 ,  107.00 ,  251.00 ,,NO,SI
,3110,  3 ,  300 ,  0.0018 ,  0.0090 ,  0.0360 ,  5 ,  20 ,  7.16 ,  44.00 ,  80.00 ,  345.00 ,,NO,SI
,3111,  11 ,  10 ,  0.0003 ,  -   ,  0.0003 ,  -   ,  1 ,#N/A,#N/A,#N/A,#N/A,,NO,SI
,3112,  1 ,  10 ,  0.0002 ,  -   ,  0.0002 ,  -   ,  1 ,#N/A,#N/A,#N/A,#N/A,,NO,SI
,3113,  1 ,#N/A,  0.0012 ,#N/A,  0.0012 ,#N/A,  1 ,  0.80 ,  105.00 ,  105.00 ,  110.00 ,,NO,SI
,3114,  1 ,#N/A,#N/A,#N/A,#N/A,#N/A,  1 ,#N/A,#N/A,#N/A,#N/A,,NO,SI
,3115,  1 ,#N/A,  0.0003 ,#N/A,  0.0003 ,#N/A,  1 ,  0.41 ,  47.00 ,  45.00 ,  130.00 ,,NO,SI
,3116,  4 ,#N/A,  0.0006 ,#N/A,  0.0006 ,#N/A,  1 ,  0.38 ,  70.00 ,  60.00 ,  140.00 ,,NO,SI
,3117,  1 ,#N/A,  0.0000 ,#N/A,  0.0000 ,#N/A,  1 ,  0.02 ,  15.00 ,  35.00 ,  70.00 ,,NO,SI
,3118,  14 ,#N/A,  0.0003 ,#N/A,  0.0003 ,#N/A,  1 ,  0.21 ,  45.00 ,  45.00 ,  130.00 ,,NO,SI
,3119,  231 ,  60 ,  0.0103 ,  -   ,  0.0103 ,  -   ,  1 ,#N/A,#N/A,#N/A,#N/A,,NO,SI
,5370,  24 ,  -   ,  0.0006 , #VALUE!,  0.0006 , -,  1 ,  0.48 ,  45.00 ,  45.00 ,  315.00 ,,NO,SI
,3120,  49 ,  202 ,  0.0005 ,  0.0030 ,  0.0240 ,  6 ,  48 ,  0.29 ,  28.00 ,  90.00 ,  235.00 ,,NO,SI
,3121,  2 ,  5 ,  0.0002 ,  -   ,  0.0050 ,  -   ,  25 ,  0.31 ,  21.00 ,  53.00 ,  170.00 ,,NO,SI
,3122,  1 ,  15 ,  0.0003 ,  -   ,  0.0075 ,  -   ,  25 ,  -   ,  22.00 ,  56.00 ,  190.00 ,,NO,SI
,3123,  1 ,  10 ,  0.0004 ,  -   ,  0.0100 ,  -   ,  25 ,  0.47 ,  23.00 ,  60.00 ,  200.00 ,,NO,SI
,3124,  1 ,  20 ,  0.0004 ,  -   ,  0.0100 ,  -   ,  25 ,  0.45 ,  23.00 ,  61.00 ,  203.00 ,,NO,SI
,3125,  1 ,  5 ,  0.0004 ,  -   ,  0.0100 ,  -   ,  25 ,  0.50 ,  24.00 ,  61.00 ,  204.00 ,,NO,SI
,3126,  1 ,  20 ,  0.0004 ,  -   ,  0.0100 ,  -   ,  25 ,  -   ,  25.00 ,  65.00 ,  210.00 ,,NO,SI
,3127,  1 ,  10 ,  0.0004 ,  -   ,  0.0100 ,  -   ,  25 ,  0.56 ,  25.00 ,  65.00 ,  210.00 ,,NO,SI
,3128,  1 ,  13 ,  0.0005 ,  -   ,  0.0050 ,  -   ,  10 ,  0.79 ,  26.00 ,  70.00 ,  235.00 ,,NO,SI
,3129,  1 ,  17 ,  0.0005 ,  -   ,  0.0050 ,  -   ,  10 ,  -   ,  26.00 ,  70.00 ,  235.00 ,,NO,SI
,3130,  1 ,  20 ,  0.0005 ,  -   ,  0.0050 ,  -   ,  10 ,  0.77 ,  27.00 ,  71.00 ,  235.00 ,,NO,SI
,3131,  1 ,  30 ,  0.0007 ,  -   ,  0.0070 ,  -   ,  10 ,  0.96 ,  28.00 ,  76.00 ,  245.00 ,,NO,SI
,3132,  1 ,  15 ,  0.0008 ,  -   ,  0.0080 ,  -   ,  10 ,  -   ,  30.00 ,  80.00 ,  260.00 ,,NO,SI
,3133,  1 ,  11 ,  0.0009 ,  -   ,  0.0090 ,  -   ,  10 ,  1.43 ,  31.00 ,  92.00 ,  275.00 ,,NO,SI
,3134,  1 ,  10 ,  0.0011 ,  -   ,  0.0110 ,  -   ,  10 ,  1.76 ,  32.00 ,  110.00 ,  286.00 ,,NO,SI
,3135,  1 ,  7 ,  0.0013 ,  -   ,  0.0130 ,  -   ,  10 ,  2.20 ,  36.00 ,  111.00 ,  308.00 ,,NO,SI
,3136,  1 ,  2 ,  0.0018 ,  -   ,  0.0090 ,  -   ,  5 ,  3.05 ,  39.00 ,  116.00 ,  335.00 ,,NO,SI
,3137,  1 ,  2 ,  0.0018 ,  -   ,  0.0090 ,  -   ,  5 ,  2.97 ,  39.00 ,  117.00 ,  335.00 ,,NO,SI
,3138,  1 ,  1 ,  0.0024 ,  -   ,  0.0120 ,  -   ,  5 ,  3.47 ,  42.00 ,  130.00 ,  363.00 ,,NO,SI
,3139,  1 ,  1 ,  0.0024 ,  -   ,  0.0120 ,  -   ,  5 ,  3.68 ,  42.00 ,  130.00 ,  370.00 ,,NO,SI
,3140,  1 ,  1 ,  0.0033 ,  -   ,  0.0132 ,  -   ,  4 ,  5.94 ,  45.00 ,  150.00 ,  400.00 ,,NO,SI
,3141,  1 ,  1 ,  0.0033 ,  -   ,  0.0132 ,  -   ,  4 ,  5.37 ,  46.00 ,  155.00 ,  400.00 ,,NO,SI
,3142,  1 ,  1 ,  0.0041 ,  -   ,  0.0082 ,  -   ,  2 ,  -   ,  51.00 ,  165.00 ,  420.00 ,,NO,SI
,3143,  1 ,  1 ,  0.0041 ,  -   ,  0.0082 ,  -   ,  2 ,  6.50 ,  51.00 ,  165.00 ,  420.00 ,,NO,SI
,3144,  1 ,  1 ,  0.0060 ,  -   ,  0.0120 ,  -   ,  2 ,  7.91 ,  56.00 ,  185.00 ,  470.00 ,,NO,SI
,3145,  1 ,  1 ,  0.0060 ,  -   ,  0.0120 ,  -   ,  2 ,  7.60 ,  56.00 ,  185.00 ,  470.00 ,,NO,SI
,3146,  1 ,  1 ,  0.0075 ,  -   ,  0.0150 ,  -   ,  2 ,  9.76 ,  60.00 ,  200.00 ,  490.00 ,,NO,SI
,3147,  1 ,  1 ,  0.0077 ,  -   ,  0.0077 ,  -   ,  1 ,  9.51 ,  70.00 ,  220.00 ,  510.00 ,,NO,SI
,3148,  1 ,  1 ,  0.0076 ,  -   ,  0.0076 ,  -   ,  1 ,  13.56 ,  70.00 ,  220.00 ,  520.00 ,,NO,SI
,3149,  1 ,  1 ,  0.0076 ,  -   ,  0.0076 ,  -   ,  1 ,  12.21 ,  70.00 ,  220.00 ,  520.00 ,,NO,SI
,3150,  1 ,  1 ,  0.0108 ,  -   ,  0.0108 ,  -   ,  1 ,  12.40 ,  80.00 ,  225.00 ,  575.00 ,,NO,SI
,3151,  1 ,  1 ,  0.0108 ,  -   ,  0.0108 ,  -   ,  1 ,  19.31 ,  80.00 ,  235.00 ,  580.00 ,,NO,SI
,3152,  1 ,  1 ,  0.0108 ,  -   ,  0.0108 ,  -   ,  1 ,  19.60 ,  82.00 ,  235.00 ,  580.00 ,,NO,SI
,3153,  1 ,  1 ,  0.0116 ,  -   ,  0.0116 ,  -   ,  1 ,  17.99 ,  85.00 ,  240.00 ,  585.00 ,,NO,SI
,3154,  1 ,  1 ,  0.0152 ,  -   ,  0.0152 ,  -   ,  1 ,  17.22 ,  85.00 ,  245.00 ,  895.00 ,,NO,SI
,3155,  1 ,  1 ,  0.0134 ,  -   ,  0.0134 ,  -   ,  1 ,  26.61 ,  90.00 ,  280.00 ,  635.00 ,,NO,SI
,3156,  1 ,  1 ,  0.0134 ,  -   ,  0.0134 ,  -   ,  1 ,  26.65 ,  90.00 ,  280.00 ,  645.00 ,,NO,SI
,3157,  1 ,  1 ,  0.0134 ,  -   ,  0.0134 ,  -   ,  1 ,  -   ,  92.00 ,  280.00 ,  645.00 ,,NO,SI
,3158,  118 ,  43 ,  0.0002 ,  0.0099 ,  0.0197 ,  50 ,  100 ,#N/A,#N/A,#N/A,#N/A,,NO,SI
,5371,  172 ,  -   ,  0.0001 ,  0.0055 ,  0.0110 ,  50 ,  100 ,  0.19 ,  155.00 ,  95.00 ,  7.50 ,,NO,SI
,3159,  46 ,  21 ,  0.0002 ,  0.0099 ,  0.0197 ,  50 ,  100 ,#N/A,#N/A,#N/A,#N/A,,NO,SI
,5372,  82 ,  -   ,  0.0001 ,  0.0037 ,  0.0075 ,  50 ,  100 ,  0.22 ,  110.00 ,  70.00 ,  10.00 ,,NO,SI
,3160,  112 ,  39 ,  0.0002 ,  0.0099 ,  0.0197 ,  50 ,  100 ,#N/A,#N/A,#N/A,#N/A,,NO,SI
,5373,  162 ,  -   ,  0.0001 ,  0.0058 ,  0.0115 ,  50 ,  100 ,  0.24 ,  160.00 ,  90.00 ,  8.00 ,,NO,SI
,3161,  23 ,  19 ,  0.0002 ,  0.0099 ,  0.0197 ,  50 ,  100 ,#N/A,#N/A,#N/A,#N/A,,NO,SI
,5374,  68 ,  -   ,  0.0001 ,  0.0039 ,  0.0077 ,  50 ,  100 ,  0.25 ,  110.00 ,  75.00 ,  10.00 ,,NO,SI
,3162,  33 ,  20 ,  0.0002 ,  0.0099 ,  0.0197 ,  50 ,  100 ,#N/A,#N/A,#N/A,#N/A,,NO,SI
,5375,  71 ,  -   ,  0.0001 ,  0.0041 ,  0.0083 ,  50 ,  100 ,  0.27 ,  110.00 ,  75.00 ,  10.00 ,,NO,SI
,3163,  42 ,  19 ,  0.0002 ,  0.0099 ,  0.0197 ,  50 ,  100 ,#N/A,#N/A,#N/A,#N/A,,NO,SI
,5376,  58 ,  -   ,  0.0001 ,  0.0043 ,  0.0086 ,  50 ,  100 ,  0.29 ,  115.00 ,  75.00 ,  10.00 ,,NO,SI
,3164,  499 ,  143 ,  0.0003 ,  0.0071 ,  0.0141 ,  25 ,  50 ,#N/A,#N/A,#N/A,#N/A,,NO,SI
,5377,  631 ,  -   ,  0.0001 ,  0.0030 ,  0.0060 ,  25 ,  50 ,  0.17 ,  190.00 ,  70.00 ,  9.00 ,,NO,SI
,3165,  73 ,  26 ,  0.0003 ,  0.0071 ,  0.0141 ,  25 ,  50 ,#N/A,#N/A,#N/A,#N/A,,NO,SI
,5378,  97 ,  -   ,  0.0001 ,  0.0014 ,  0.0027 ,  25 ,  50 ,  0.17 ,  190.00 ,  70.00 ,  9.00 ,,NO,SI
,3166,  73 ,  30 ,  0.0003 ,  0.0071 ,  0.0141 ,  25 ,  50 ,#N/A,#N/A,#N/A,#N/A,,NO,SI
,5379,  121 ,  -   ,  0.0001 ,  0.0013 ,  0.0025 ,  25 ,  50 ,  0.19 ,  120.00 ,  42.00 ,  10.00 ,,NO,SI
,3167,  27 ,  20 ,  0.0003 ,  0.0071 ,  0.0141 ,  25 ,  50 ,#N/A,#N/A,#N/A,#N/A,,NO,SI
,5380,  75 ,  -   ,  0.0001 ,  0.0014 ,  0.0028 ,  25 ,  50 ,  0.21 ,  125.00 ,  45.00 ,  10.00 ,,NO,SI
,3168,  72 ,  39 ,  0.0003 ,  0.0071 ,  0.0141 ,  25 ,  50 ,#N/A,#N/A,#N/A,#N/A,,NO,SI
,5381,  167 ,  -   ,  0.0006 ,  0.0141 ,  0.0281 ,  25 ,  50 ,  0.23 ,  125.00 ,  45.00 ,  10.00 ,,NO,SI
,3169,  15 ,  18 ,  0.0003 ,  0.0071 ,  0.0141 ,  25 ,  50 ,#N/A,#N/A,#N/A,#N/A,,NO,SI
,5382,  54 ,  -   ,  0.0001 ,  0.0025 ,  0.0049 ,  25 ,  50 ,  0.23 ,  140.00 ,  70.00 ,  10.00 ,,NO,SI
,3170,  29 ,  18 ,  0.0003 ,  0.0071 ,  0.0141 ,  25 ,  50 ,#N/A,#N/A,#N/A,#N/A,,NO,SI
,5383,  68 ,  -   ,  0.0001 ,  0.0021 ,  0.0041 ,  25 ,  50 ,  0.25 ,  140.00 ,  59.00 ,  10.00 ,,NO,SI
,3171,  19 ,  18 ,  0.0003 ,  0.0071 ,  0.0141 ,  25 ,  50 ,#N/A,#N/A,#N/A,#N/A,,NO,SI
,5384,  62 ,  -   ,  0.0001 ,  0.0018 ,  0.0035 ,  25 ,  50 ,  0.27 ,  140.00 ,  50.00 ,  10.00 ,,NO,SI
,3172,  128 ,  20 ,  0.0002 ,  -   ,  0.0840 ,  -   ,  400 ,  0.04 ,  65.00 ,  65.00 ,  24.11 ,,NO,SI
,3173,  2 ,  300 ,  0.0006 ,  -   ,  0.0600 ,  -   ,  100 ,#N/A,#N/A,#N/A,#N/A,,NO,SI
,3174,  2 ,  300 ,  0.0006 ,  -   ,  0.0600 ,  -   ,  100 ,#N/A,#N/A,#N/A,#N/A,,NO,SI
,3175,  2 ,  300 ,  0.0006 ,  -   ,  0.0600 ,  -   ,  100 ,#N/A,#N/A,#N/A,#N/A,,NO,SI
,3176,"  4,121 ",  716 ,  0.0001 ,  0.0030 ,  0.0121 ,  30 ,  120 ,  0.15 ,  9.71 ,  75.11 ,  91.30 ,,NO,SI
,3177,  51 ,  6 ,  0.0001 ,  0.0022 ,  0.0176 ,  25 ,  200 ,  0.06 ,  15.00 ,  45.00 ,  115.00 ,,NO,SI
,3178,  84 ,  9 ,  0.0001 ,  0.0027 ,  0.0212 ,  25 ,  200 ,  0.07 ,  15.00 ,  45.00 ,  115.00 ,,NO,SI
,3179,  157 ,  20 ,  0.0001 ,  0.0027 ,  0.0212 ,  25 ,  200 ,  0.07 ,  15.00 ,  45.00 ,  115.00 ,,NO,SI
,3180,  401 ,  30 ,  0.0000 ,  0.0002 ,  0.0018 ,  25 ,  200 ,  0.07 ,  15.00 ,  45.00 ,  115.00 ,,NO,SI
,3181,  179 ,  20 ,  0.0001 ,  0.0027 ,  0.0212 ,  25 ,  200 ,  0.08 ,  15.00 ,  45.00 ,  115.00 ,,NO,SI
,3182,  107 ,  17 ,  0.0001 ,  0.0027 ,  0.0212 ,  25 ,  200 ,  0.09 ,  15.00 ,  45.00 ,  115.00 ,,NO,SI
,3184,"  5,956 ",  583 ,  0.0001 ,  0.0038 ,  0.0152 ,  50 ,  200 ,  0.03 ,  7.53 ,  64.86 ,  100.00 ,,NO,SI
,3185,"  4,748 ",  380 ,  0.0001 ,  0.0066 ,  0.0262 ,  50 ,  200 ,  0.09 ,  7.50 ,  95.00 ,  120.00 ,,NO,SI
,3186,  559 ,  43 ,  0.0019 ,  -   ,  0.0077 ,  -   ,  4 ,  2.10 ,  80.00 ,  135.00 ,  120.00 ,,NO,SI
,3187,"  10,388 ",  860 ,  0.0001 ,  0.0044 ,  0.0174 ,  50 ,  200 ,  -   ,  -   ,  -   ,  -   ,,NO,SI
,3188,"  4,582 ",  485 ,  0.0001 ,  0.0057 ,  0.0226 ,  50 ,  200 ,  0.10 ,  7.50 ,  65.00 ,  170.00 ,,NO,SI
,3189,  534 ,  93 ,  0.0001 ,  0.0044 ,  0.0174 ,  50 ,  200 ,  0.05 ,  8.10 ,  70.00 ,  120.00 ,,NO,SI
,3190,"  1,559 ",  159 ,  0.0001 ,  0.0044 ,  0.0174 ,  50 ,  200 ,  0.05 ,  7.48 ,  70.00 ,  120.00 ,,NO,SI
,3191,  2 ,  300 ,  0.0009 ,  -   ,  0.0900 ,  -   ,  100 ,#N/A,#N/A,#N/A,#N/A,,NO,SI
,3192,  2 ,  300 ,  0.0009 ,  -   ,  0.0900 ,  -   ,  100 ,#N/A,#N/A,#N/A,#N/A,,NO,SI
,3193,  2 ,  300 ,  0.0009 ,  -   ,  0.0900 ,  -   ,  100 ,#N/A,#N/A,#N/A,#N/A,,NO,SI
,3206,  13 ,  200 ,  0.0002 ,  -   ,  0.0200 ,  -   ,  100 ,  0.01 ,  15.00 ,  100.00 ,  150.00 ,,NO,SI
,3207,  19 ,  472 ,  0.0007 ,  -   ,  0.0560 ,  -   ,  80 ,#N/A,#N/A,#N/A,#N/A,,NO,SI
,3208,  18 ,  472 ,  0.0007 ,  -   ,  0.0560 ,  -   ,  80 ,#N/A,#N/A,#N/A,#N/A,,NO,SI
,3209,  18 ,  472 ,  0.0007 ,  -   ,  0.0560 ,  -   ,  80 ,#N/A,#N/A,#N/A,#N/A,,NO,SI
,3210,  3 ,  60 ,  0.0077 ,  -   ,  0.0462 ,  -   ,  6 ,#N/A,#N/A,#N/A,#N/A,,NO,SI
,3211,  3 ,  40 ,  0.0294 ,  -   ,  0.0588 ,  -   ,  2 ,#N/A,#N/A,#N/A,#N/A,,NO,SI
,3212,  3 ,  30 ,  0.0294 ,  -   ,  0.0588 ,  -   ,  2 ,#N/A,#N/A,#N/A,#N/A,,NO,SI
,3213,  72 ,  14 ,  0.0001 ,  0.0022 ,  0.0176 ,  25 ,  200 ,  0.06 ,  15.00 ,  45.00 ,  115.00 ,,NO,SI
,3214,  649 ,  113 ,  0.0001 ,  0.0027 ,  0.0212 ,  25 ,  200 ,  0.07 ,  15.00 ,  45.00 ,  115.00 ,,NO,SI
,3215,"  1,693 ",  294 ,  0.0001 ,  0.0027 ,  0.0212 ,  25 ,  200 ,  0.07 ,  15.00 ,  45.00 ,  115.00 ,,NO,SI
,3216,  252 ,  39 ,  0.0001 ,  0.0022 ,  0.0176 ,  25 ,  200 ,  0.08 ,  15.00 ,  45.00 ,  115.00 ,,NO,SI
,3217,  55 ,  339 ,  0.0159 ,  -   ,  0.0159 ,  -   ,  1 ,#N/A,#N/A,#N/A,#N/A,,NO,SI
,3218,  33 ,  210 ,  0.0261 ,  -   ,  0.0261 ,  -   ,  1 ,#N/A,#N/A,#N/A,#N/A,,NO,SI
,3219,  1 ,  5 ,  0.0042 ,  -   ,  0.0420 ,  -   ,  10 ,#N/A,#N/A,#N/A,#N/A,,NO,SI
,3220,  1 ,  5 ,  0.0045 ,  -   ,  0.0450 ,  -   ,  10 ,#N/A,#N/A,#N/A,#N/A,,NO,SI
,3221,  24 ,  74 ,  0.0920 ,  -   ,  0.0920 ,  -   ,  1 ,#N/A,#N/A,#N/A,#N/A,,NO,SI
,3222,  4 ,  10 ,  0.0052 ,  -   ,  0.1040 ,  -   ,  20 ,#N/A,#N/A,#N/A,#N/A,,NO,SI
,5385,  2 ,  -   ,  0.0024 , #VALUE!,  0.0472 , -,  20 ,  1.27 ,  35.00 ,  250.00 ,  270.00 ,,NO,SI
,3223,  6 ,  10 ,  0.0029 ,  -   ,  0.0573 ,  -   ,  20 ,#N/A,#N/A,#N/A,#N/A,,NO,SI
,3225,  2 ,  600 ,  0.0027 ,  -   ,  0.1616 ,  -   ,  60 ,#N/A,#N/A,#N/A,#N/A,,NO,SI
,3243,  2 ,  100 ,  0.0016 ,  -   ,  0.0312 ,  -   ,  20 ,#N/A,#N/A,#N/A,#N/A,,NO,SI
,3276,"  1,768 ",  248 ,  0.0001 ,  0.0027 ,  0.0212 ,  25 ,  200 ,  0.07 ,  15.00 ,  45.00 ,  115.00 ,,NO,SI
,3277,"  3,407 ",  533 ,  0.0001 ,  0.0010 ,  0.0303 ,  10 ,  300 ,  0.07 ,  7.40 ,  50.00 ,  180.00 ,,NO,SI
,3278,  864 ,  139 ,  0.0007 ,  0.0078 ,  0.0157 ,  12 ,  24 ,  0.57 ,  32.60 ,  95.00 ,  130.00 ,,NO,SI
,3279,"  7,593 ","  1,192 ",  0.0001 ,  0.0027 ,  0.0212 ,  25 ,  200 ,  -   ,  -   ,  -   ,  -   ,,NO,SI
,3283,"  2,830 ",  444 ,  0.0007 ,  0.0078 ,  0.0157 ,  12 ,  24 ,  0.63 ,  32.50 ,  94.00 ,  130.00 ,,NO,SI
,3284,"  1,488 ",  180 ,  0.0001 ,  0.0027 ,  0.0212 ,  25 ,  200 ,  0.08 ,  14.50 ,  44.50 ,  113.00 ,,NO,SI
,3285,  300 ,  69 ,  0.0001 ,  0.0031 ,  0.0244 ,  50 ,  400 ,  0.04 ,  7.50 ,  60.00 ,  140.00 ,,NO,SI
,3286,"  4,698 ",  595 ,  0.0001 ,  0.0027 ,  0.0212 ,  50 ,  400 ,#N/A,#N/A,#N/A,#N/A,,NO,SI
,3287,  65 ,  8 ,  0.0001 ,  0.0022 ,  0.0176 ,  25 ,  200 ,  0.07 ,  15.00 ,  45.00 ,  115.00 ,,NO,SI
,3288,  67 ,  12 ,  0.0000 ,  0.0002 ,  0.0018 ,  25 ,  200 ,  0.07 ,  15.00 ,  45.00 ,  115.00 ,,NO,SI
,3289,  42 ,  10 ,  0.0001 ,  0.0027 ,  0.0212 ,  25 ,  200 ,  0.07 ,  15.00 ,  45.00 ,  115.00 ,,NO,SI
,3312,  142 ,  21 ,  0.0001 ,  0.0027 ,  0.0212 ,  25 ,  200 ,  0.07 ,  15.00 ,  45.00 ,  115.00 ,,NO,SI
,3313,  83 ,  10 ,  0.0001 ,  0.0027 ,  0.0212 ,  25 ,  200 ,  0.07 ,  15.00 ,  45.00 ,  115.00 ,,NO,SI
,3314,  113 ,  14 ,  0.0001 ,  0.0027 ,  0.0212 ,  25 ,  200 ,  0.07 ,  15.00 ,  45.00 ,  115.00 ,,NO,SI
,3316,  148 ,  17 ,  0.0001 ,  0.0022 ,  0.0176 ,  25 ,  200 ,  0.07 ,  15.00 ,  45.00 ,  115.00 ,,NO,SI
,3317,  338 ,  46 ,  0.0001 ,  0.0022 ,  0.0176 ,  25 ,  200 ,  0.08 ,  14.50 ,  44.50 ,  113.50 ,,NO,SI
,3318,  107 ,  16 ,  0.0001 ,  0.0027 ,  0.0212 ,  25 ,  200 ,  0.08 ,  15.00 ,  45.00 ,  115.00 ,,NO,SI
,3319,  20 ,  6 ,  0.0001 ,  0.0022 ,  0.0176 ,  25 ,  200 ,  0.06 ,  15.00 ,  45.00 ,  115.00 ,,NO,SI
,3320,  90 ,  16 ,  0.0001 ,  0.0022 ,  0.0176 ,  25 ,  200 ,  0.06 ,  15.00 ,  45.00 ,  115.00 ,,NO,SI
,3360,  128 ,  22 ,  0.0001 ,  0.0022 ,  0.0176 ,  25 ,  200 ,  0.07 ,  15.00 ,  45.00 ,  115.00 ,,NO,SI
,3361,  44 ,  7 ,  0.0001 ,  0.0022 ,  0.0176 ,  25 ,  200 ,  0.08 ,  15.00 ,  45.00 ,  115.00 ,,NO,SI
,3363,  299 ,  6 ,  0.0001 ,  0.0022 ,  0.0176 ,  25 ,  200 ,  0.07 ,  15.00 ,  45.00 ,  115.00 ,,NO,SI
,3365,  221 ,  34 ,  0.0001 ,  0.0027 ,  0.0212 ,  25 ,  200 ,  0.08 ,  15.00 ,  45.00 ,  115.00 ,,NO,SI
,3366,  103 ,  12 ,  0.0001 ,  0.0022 ,  0.0176 ,  25 ,  200 ,  0.08 ,  15.00 ,  45.00 ,  115.00 ,,NO,SI
,3367,  114 ,  17 ,  0.0001 ,  0.0024 ,  0.0188 ,  25 ,  200 ,  0.07 ,  15.00 ,  45.00 ,  115.00 ,,NO,SI
,3371,  1 ,  20 ,  0.0411 ,  -   ,  0.0411 ,  -   ,  1 ,#N/A,#N/A,#N/A,#N/A,,NO,SI
,3376,  139 ,  22 ,  0.0001 ,  0.0022 ,  0.0176 ,  25 ,  200 ,  0.07 ,  14.50 ,  45.00 ,  115.00 ,,NO,SI
,3377,  75 ,  14 ,  0.0000 ,  0.0002 ,  0.0018 ,  25 ,  200 ,  0.07 ,  15.00 ,  45.00 ,  115.00 ,,NO,SI
,3378,  58 ,  8 ,  0.0001 ,  0.0022 ,  0.0176 ,  25 ,  200 ,  0.07 ,  15.00 ,  45.00 ,  115.00 ,,NO,SI
,3379,  178 ,  35 ,  0.0001 ,  0.0027 ,  0.0212 ,  25 ,  200 ,  0.07 ,  15.00 ,  45.00 ,  115.00 ,,NO,SI
,3380,  732 ,  126 ,  0.0001 ,  0.0027 ,  0.0212 ,  25 ,  200 ,  0.07 ,  15.00 ,  45.00 ,  115.00 ,,NO,SI
,3381,  507 ,  86 ,  0.0001 ,  0.0027 ,  0.0212 ,  25 ,  200 ,  0.07 ,  15.00 ,  45.00 ,  115.00 ,,NO,SI
,3382,  131 ,  24 ,  0.0001 ,  0.0027 ,  0.0212 ,  25 ,  200 ,  0.07 ,  15.00 ,  45.00 ,  115.00 ,,NO,SI
,3383,  125 ,  30 ,  0.0001 ,  0.0027 ,  0.0212 ,  25 ,  200 ,  0.08 ,  15.00 ,  45.00 ,  115.00 ,,NO,SI
,3384,  92 ,  7 ,  0.0004 ,  -   ,  0.0230 ,  -   ,  60 ,  0.10 ,  36.50 ,  55.50 ,  150.00 ,,NO,SI
,3385,  63 ,  8 ,  0.0001 ,  0.0022 ,  0.0176 ,  25 ,  200 ,  0.06 ,  14.00 ,  44.50 ,  115.00 ,,NO,SI
,3386,  50 ,  6 ,  0.0001 ,  0.0022 ,  0.0176 ,  25 ,  200 ,  0.06 ,  14.00 ,  44.50 ,  115.00 ,,NO,SI
,3387,  112 ,  10 ,  0.0001 ,  0.0022 ,  0.0176 ,  25 ,  200 ,  0.07 ,  14.00 ,  44.50 ,  115.00 ,,NO,SI
,3388,  33 ,  9 ,  0.0001 ,  0.0022 ,  0.0176 ,  25 ,  200 ,  0.06 ,  14.00 ,  44.50 ,  115.00 ,,NO,SI
,3389,  242 ,  24 ,  0.0000 ,  0.0002 ,  0.0018 ,  25 ,  200 ,  0.06 ,  14.00 ,  44.50 ,  115.00 ,,NO,SI
,3390,  220 ,  24 ,  0.0001 ,  0.0024 ,  0.0188 ,  25 ,  200 ,  0.07 ,  14.00 ,  44.50 ,  115.00 ,,NO,SI
,3391,  923 ,  53 ,  0.0001 ,  0.0027 ,  0.0212 ,  25 ,  200 ,#N/A,#N/A,#N/A,#N/A,,NO,SI
,3392,  387 ,  38 ,  0.0001 ,  0.0027 ,  0.0212 ,  25 ,  200 ,  0.07 ,  14.00 ,  45.00 ,  115.00 ,,NO,SI
,3394,  885 ,  79 ,  0.0001 ,  0.0027 ,  0.0212 ,  25 ,  200 ,  0.08 ,  14.00 ,  45.00 ,  115.00 ,,NO,SI
,3395,  225 ,  30 ,  0.0001 ,  0.0022 ,  0.0176 ,  25 ,  200 ,  0.08 ,  14.00 ,  45.00 ,  115.00 ,,NO,SI
,3397,  216 ,  31 ,  0.0001 ,  0.0044 ,  0.0174 ,  50 ,  200 ,  0.04 ,  6.83 ,  70.00 ,  120.00 ,,NO,SI
,3398,  296 ,  33 ,  0.0001 ,  0.0044 ,  0.0174 ,  50 ,  200 ,  0.05 ,  7.80 ,  70.00 ,  120.00 ,,NO,SI
,3399,  652 ,  88 ,  0.0001 ,  0.0044 ,  0.0174 ,  50 ,  200 ,  0.05 ,  8.00 ,  70.00 ,  120.00 ,,NO,SI
,3400,  57 ,  7 ,  0.0001 ,  0.0022 ,  0.0176 ,  25 ,  200 ,  -   ,  -   ,  -   ,  -   ,,NO,SI
,3401,  130 ,  9 ,  0.0001 ,  0.0022 ,  0.0176 ,  25 ,  200 ,  0.06 ,  14.50 ,  45.00 ,  115.00 ,,NO,SI
,3402,  42 ,  7 ,  0.0001 ,  0.0022 ,  0.0176 ,  25 ,  200 ,  0.07 ,  14.00 ,  45.00 ,  115.00 ,,NO,SI
,3403,  131 ,  23 ,  0.0001 ,  0.0022 ,  0.0176 ,  25 ,  200 ,  0.06 ,  14.00 ,  45.00 ,  115.00 ,,NO,SI
,3404,  137 ,  14 ,  0.0001 ,  0.0027 ,  0.0212 ,  25 ,  200 ,  0.07 ,  14.00 ,  45.00 ,  115.00 ,,NO,SI
,3405,  260 ,  28 ,  0.0001 ,  0.0022 ,  0.0176 ,  25 ,  200 ,  0.06 ,  14.00 ,  45.00 ,  115.00 ,,NO,SI
,3406,  176 ,  25 ,  0.0001 ,  0.0022 ,  0.0176 ,  25 ,  200 ,  0.07 ,  14.00 ,  45.00 ,  115.00 ,,NO,SI
,3431,  232 ,  31 ,  0.0001 ,  0.0027 ,  0.0212 ,  25 ,  200 ,  -   ,  -   ,  -   ,  -   ,,NO,SI
,3432,  505 ,  44 ,  0.0001 ,  0.0027 ,  0.0212 ,  25 ,  200 ,  0.08 ,  15.00 ,  45.00 ,  115.00 ,,NO,SI
,3433,  179 ,  27 ,  0.0001 ,  0.0022 ,  0.0176 ,  25 ,  200 ,  0.08 ,  14.00 ,  45.00 ,  115.00 ,,NO,SI
,3838,  86 ,  12 ,  0.0012 ,  0.6028 ,  0.0121 ,  500 ,  10 ,#N/A,#N/A,#N/A,#N/A,,NO,SI
,3839,  8 ,  3 ,  0.0024 ,  2.0225 ,  0.0095 ,  850 ,  4 ,#N/A,#N/A,#N/A,#N/A,,NO,SI
,3840,  51 ,  9 ,  0.0024 ,  1.8480 ,  0.0096 ,  770 ,  4 ,#N/A,#N/A,#N/A,#N/A,,NO,SI
,3841,  21 ,  3 ,  0.0024 ,  1.6800 ,  0.0096 ,  700 ,  4 ,#N/A,#N/A,#N/A,#N/A,,NO,SI
,3842,  129 ,  34 ,  0.0010 ,  0.2000 ,  0.0120 ,  200 ,  12 ,#N/A,#N/A,#N/A,#N/A,,NO,SI
,3843,  78 ,  12 ,  0.0010 ,  0.2000 ,  0.0120 ,  200 ,  12 ,#N/A,#N/A,#N/A,#N/A,,NO,SI
,3844,  57 ,  16 ,  0.0012 ,  0.2400 ,  0.0120 ,  200 ,  10 ,#N/A,#N/A,#N/A,#N/A,,NO,SI
,3845,  26 ,  5 ,  0.0012 ,  0.2411 ,  0.0121 ,  200 ,  10 ,#N/A,#N/A,#N/A,#N/A,,NO,SI
,3846,  51 ,  16 ,  0.0018 ,  0.3600 ,  0.0144 ,  200 ,  8 ,#N/A,#N/A,#N/A,#N/A,,NO,SI
,3847,  14 ,  3 ,  0.0012 ,  0.1200 ,  0.0120 ,  100 ,  10 ,#N/A,#N/A,#N/A,#N/A,,NO,SI
,3848,  45 ,  12 ,  0.0008 ,  0.0800 ,  0.0096 ,  100 ,  12 ,#N/A,#N/A,#N/A,#N/A,,NO,SI
,3849,  25 ,#N/A,#N/A,#N/A,#N/A,  100 ,  12 ,#N/A,#N/A,#N/A,#N/A,,NO,SI
,3850,  25 ,  5 ,  0.0024 ,  0.6000 ,  0.0096 ,  250 ,  4 ,#N/A,#N/A,#N/A,#N/A,,NO,SI
,3851,  4 ,#N/A,#N/A,#N/A,#N/A,#N/A,  4 ,  5.00 ,#N/A,#N/A,#N/A,,NO,SI
,3852,  28 ,  5 ,  0.0012 ,  0.1200 ,  0.0120 ,  100 ,  10 ,#N/A,#N/A,#N/A,#N/A,,NO,SI
,3853,  69 ,  13 ,  0.0024 ,  1.0945 ,  0.0095 ,  460 ,  4 ,#N/A,#N/A,#N/A,#N/A,,NO,SI
,3854,  182 ,  29 ,  0.0024 ,  0.9360 ,  0.0096 ,  390 ,  4 ,#N/A,#N/A,#N/A,#N/A,,NO,SI
,3855,  28 ,  6 ,  0.0028 ,  0.6908 ,  0.0111 ,  250 ,  4 ,#N/A,#N/A,#N/A,#N/A,,NO,SI
,3856,  64 ,  16 ,  0.0028 ,  0.6079 ,  0.0111 ,  220 ,  4 ,#N/A,#N/A,#N/A,#N/A,,NO,SI
,3857,  23 ,  4 ,  0.0024 ,  0.4800 ,  0.0096 ,  200 ,  4 ,#N/A,#N/A,#N/A,#N/A,,NO,SI
,3858,  15 ,  3 ,  0.0024 ,  0.3360 ,  0.0096 ,  140 ,  4 ,#N/A,#N/A,#N/A,#N/A,,NO,SI
,3859,  32 ,  5 ,  0.0028 ,  0.8289 ,  0.0111 ,  300 ,  4 ,#N/A,#N/A,#N/A,#N/A,,NO,SI
,3860,  294 ,  44 ,  0.0028 ,  0.7460 ,  0.0111 ,  270 ,  4 ,#N/A,#N/A,#N/A,#N/A,,NO,SI
,3861,  124 ,  19 ,  0.0024 ,  0.5472 ,  0.0095 ,  230 ,  4 ,#N/A,#N/A,#N/A,#N/A,,NO,SI
,3862,  134 ,  28 ,  0.0028 ,  0.5525 ,  0.0111 ,  200 ,  4 ,#N/A,#N/A,#N/A,#N/A,,NO,SI
,3863,  23 ,  6 ,  0.0028 ,  0.4697 ,  0.0111 ,  170 ,  4 ,#N/A,#N/A,#N/A,#N/A,,NO,SI
,3864,  78 ,  21 ,  0.0028 ,  0.4145 ,  0.0111 ,  150 ,  4 ,#N/A,#N/A,#N/A,#N/A,,NO,SI
,3865,  21 ,  5 ,  0.0024 ,  0.3360 ,  0.0096 ,  140 ,  4 ,#N/A,#N/A,#N/A,#N/A,,NO,SI
,3866,  78 ,  15 ,  0.0024 ,  0.3093 ,  0.0095 ,  130 ,  4 ,#N/A,#N/A,#N/A,#N/A,,NO,SI
,3867,  82 ,  19 ,  0.0028 ,  0.3039 ,  0.0111 ,  110 ,  4 ,#N/A,#N/A,#N/A,#N/A,,NO,SI
,3868,  13 ,  4 ,  0.0028 ,  0.2763 ,  0.0111 ,  100 ,  4 ,#N/A,#N/A,#N/A,#N/A,,NO,SI
,3869,  73 ,  7 ,  0.0024 ,  0.2400 ,  0.0096 ,  100 ,  4 ,#N/A,#N/A,#N/A,#N/A,,NO,SI
,3870,  6 ,  2 ,  0.0024 ,  0.5235 ,  0.0095 ,  220 ,  4 ,#N/A,#N/A,#N/A,#N/A,,NO,SI
,3871,  6 ,  2 ,  0.0024 ,  0.4800 ,  0.0096 ,  200 ,  4 ,#N/A,#N/A,#N/A,#N/A,,NO,SI
,3872,  29 ,  6 ,  0.0024 ,  0.3840 ,  0.0096 ,  160 ,  4 ,#N/A,#N/A,#N/A,#N/A,,NO,SI
,3873,  50 ,  9 ,  0.0024 ,  0.3360 ,  0.0096 ,  140 ,  4 ,#N/A,#N/A,#N/A,#N/A,,NO,SI
,3874,  20 ,  3 ,  0.0024 ,  0.2880 ,  0.0096 ,  120 ,  4 ,#N/A,#N/A,#N/A,#N/A,,NO,SI
,3875,  38 ,  7 ,  0.0024 ,  0.2640 ,  0.0096 ,  110 ,  4 ,#N/A,#N/A,#N/A,#N/A,,NO,SI
,3876,  8 ,  3 ,  0.0006 ,  0.0600 ,  0.0024 ,  100 ,  4 ,#N/A,#N/A,#N/A,#N/A,,NO,SI
,3877,  7 ,  2 ,  0.0006 ,  0.0510 ,  0.0024 ,  85 ,  4 ,#N/A,#N/A,#N/A,#N/A,,NO,SI
,3878,  25 ,  4 ,  0.0024 ,  0.1920 ,  0.0096 ,  80 ,  4 ,#N/A,#N/A,#N/A,#N/A,,NO,SI
,3879,  8 ,  2 ,  0.0024 ,  0.1666 ,  0.0095 ,  70 ,  4 ,#N/A,#N/A,#N/A,#N/A,,NO,SI
,3880,  20 ,  4 ,  0.0024 ,  0.1680 ,  0.0096 ,  70 ,  4 ,#N/A,#N/A,#N/A,#N/A,,NO,SI
,3881,  12 ,  4 ,  0.0006 ,  0.0270 ,  0.0024 ,  45 ,  4 ,#N/A,#N/A,#N/A,#N/A,,NO,SI
,3882,  10 ,  2 ,  0.0024 ,  0.0960 ,  0.0096 ,  40 ,  4 ,#N/A,#N/A,#N/A,#N/A,,NO,SI
,3883,  15 ,  3 ,  0.0024 ,  0.0840 ,  0.0096 ,  35 ,  4 ,#N/A,#N/A,#N/A,#N/A,,NO,SI
,3884,  9 ,#N/A,  0.0020 ,  0.0588 ,  0.0078 ,  30 ,  4 ,  4.75 ,  70.00 ,  110.00 ,  255.00 ,,NO,SI
,3885,  7 ,  2 ,  0.0024 ,  0.3360 ,  0.0096 ,  140 ,  4 ,#N/A,#N/A,#N/A,#N/A,,NO,SI
,3886,  3 ,#N/A,  0.0020 ,  0.1960 ,  0.0078 ,  100 ,  4 ,  3.50 ,  70.00 ,  110.00 ,  255.00 ,,NO,SI
,3887,  63 ,  17 ,  0.0028 ,  0.3316 ,  0.0111 ,  120 ,  4 ,#N/A,#N/A,#N/A,#N/A,,NO,SI
,3888,  136 ,  17 ,  0.0024 ,  0.2640 ,  0.0096 ,  110 ,  4 ,#N/A,#N/A,#N/A,#N/A,,NO,SI
,3889,  105 ,  26 ,  0.0024 ,  0.2400 ,  0.0096 ,  100 ,  4 ,#N/A,#N/A,#N/A,#N/A,,NO,SI
,3890,  29 ,  8 ,  0.0028 ,  0.2349 ,  0.0111 ,  85 ,  4 ,#N/A,#N/A,#N/A,#N/A,,NO,SI
,3891,  183 ,  29 ,  0.0024 ,  0.1785 ,  0.0095 ,  75 ,  4 ,#N/A,#N/A,#N/A,#N/A,,NO,SI
,3892,  16 ,  2 ,  0.0024 ,  0.1680 ,  0.0096 ,  70 ,  4 ,#N/A,#N/A,#N/A,#N/A,,NO,SI
,3893,  53 ,  12 ,  0.0024 ,  0.1560 ,  0.0096 ,  65 ,  4 ,#N/A,#N/A,#N/A,#N/A,,NO,SI
,3894,  7 ,  3 ,  0.0024 ,  0.1440 ,  0.0096 ,  60 ,  4 ,#N/A,#N/A,#N/A,#N/A,,NO,SI
,3895,  50 ,  11 ,  0.0024 ,  0.1320 ,  0.0096 ,  55 ,  4 ,#N/A,#N/A,#N/A,#N/A,,NO,SI
,3896,  6 ,#N/A,  0.0020 ,  0.0980 ,  0.0078 ,  50 ,  4 ,  4.63 ,  70.00 ,  110.00 ,  255.00 ,,NO,SI
,3897,  20 ,  4 ,  0.0028 ,  0.1381 ,  0.0111 ,  50 ,  4 ,#N/A,#N/A,#N/A,#N/A,,NO,SI
,3898,  28 ,  7 ,  0.0024 ,  0.1080 ,  0.0096 ,  45 ,  4 ,#N/A,#N/A,#N/A,#N/A,,NO,SI
,3899,  14 ,  5 ,  0.0024 ,  0.0960 ,  0.0096 ,  40 ,  4 ,#N/A,#N/A,#N/A,#N/A,,NO,SI
,3900,  26 ,  7 ,  0.0024 ,  0.0840 ,  0.0096 ,  35 ,  4 ,#N/A,#N/A,#N/A,#N/A,,NO,SI
,3901,  18 ,  3 ,  0.0024 ,  0.0840 ,  0.0096 ,  35 ,  4 ,#N/A,#N/A,#N/A,#N/A,,NO,SI
,3902,  15 ,  3 ,  0.0024 ,  0.0720 ,  0.0096 ,  30 ,  4 ,#N/A,#N/A,#N/A,#N/A,,NO,SI
,3903,  14 ,#N/A,  0.0020 ,  0.0490 ,  0.0078 ,  25 ,  4 ,  4.75 ,  70.00 ,  110.00 ,  255.00 ,,NO,SI
,3904,  22 ,  3 ,  0.0029 ,  0.1755 ,  0.0117 ,  60 ,  4 ,#N/A,#N/A,#N/A,#N/A,,NO,SI
,3905,  2 ,  1 ,  0.0029 ,  0.1450 ,  0.0116 ,  50 ,  4 ,#N/A,#N/A,#N/A,#N/A,,NO,SI
,3906,  34 ,  5 ,  0.0029 ,  0.1316 ,  0.0117 ,  45 ,  4 ,#N/A,#N/A,#N/A,#N/A,,NO,SI
,3907,  4 ,  2 ,  0.0029 ,  0.1160 ,  0.0116 ,  40 ,  4 ,#N/A,#N/A,#N/A,#N/A,,NO,SI
,3908,  24 ,  6 ,  0.0029 ,  0.1015 ,  0.0116 ,  35 ,  4 ,#N/A,#N/A,#N/A,#N/A,,NO,SI
,3909,  17 ,  3 ,  0.0029 ,  0.0870 ,  0.0116 ,  30 ,  4 ,#N/A,#N/A,#N/A,#N/A,,NO,SI
,3910,  10 ,  3 ,  0.0029 ,  0.0725 ,  0.0116 ,  25 ,  4 ,#N/A,#N/A,#N/A,#N/A,,NO,SI
,3911,  12 ,  3 ,  0.0029 ,  0.0725 ,  0.0116 ,  25 ,  4 ,#N/A,#N/A,#N/A,#N/A,,NO,SI
,3912,  8 ,  2 ,  0.0029 ,  0.0580 ,  0.0116 ,  20 ,  4 ,#N/A,#N/A,#N/A,#N/A,,NO,SI
,3913,  132 ,  19 ,  0.0024 ,  0.1440 ,  0.0096 ,  60 ,  4 ,#N/A,#N/A,#N/A,#N/A,,NO,SI
,3914,  91 ,  19 ,  0.0028 ,  0.1382 ,  0.0111 ,  50 ,  4 ,#N/A,#N/A,#N/A,#N/A,,NO,SI
,3915,  165 ,  39 ,  0.0024 ,  0.1200 ,  0.0096 ,  50 ,  4 ,#N/A,#N/A,#N/A,#N/A,,NO,SI
,3916,  95 ,  9 ,  0.0024 ,  0.1080 ,  0.0096 ,  45 ,  4 ,#N/A,#N/A,#N/A,#N/A,,NO,SI
,3917,  156 ,  31 ,  0.0024 ,  0.0960 ,  0.0096 ,  40 ,  4 ,#N/A,#N/A,#N/A,#N/A,,NO,SI
,3918,  28 ,  7 ,  0.0028 ,  0.1120 ,  0.0112 ,  40 ,  4 ,#N/A,#N/A,#N/A,#N/A,,NO,SI
,3919,  117 ,  31 ,  0.0028 ,  0.0967 ,  0.0111 ,  35 ,  4 ,#N/A,#N/A,#N/A,#N/A,,NO,SI
,3920,  21 ,  4 ,  0.0028 ,  0.0967 ,  0.0111 ,  35 ,  4 ,#N/A,#N/A,#N/A,#N/A,,NO,SI
,3921,  77 ,  25 ,  0.0028 ,  0.0829 ,  0.0111 ,  30 ,  4 ,#N/A,#N/A,#N/A,#N/A,,NO,SI
,3922,  331 ,  32 ,  0.0028 ,  0.0840 ,  0.0112 ,  30 ,  4 ,#N/A,#N/A,#N/A,#N/A,,NO,SI
,3923,  65 ,  14 ,  0.0028 ,  0.0691 ,  0.0111 ,  25 ,  4 ,#N/A,#N/A,#N/A,#N/A,,NO,SI
,3924,  93 ,  13 ,  0.0028 ,  0.0691 ,  0.0111 ,  25 ,  4 ,#N/A,#N/A,#N/A,#N/A,,NO,SI
,3925,  34 ,  10 ,  0.0028 ,  0.0553 ,  0.0111 ,  20 ,  4 ,#N/A,#N/A,#N/A,#N/A,,NO,SI
,3926,  215 ,  38 ,  0.0028 ,  0.0553 ,  0.0111 ,  20 ,  4 ,#N/A,#N/A,#N/A,#N/A,,NO,SI
,3927,  56 ,  9 ,  0.0028 ,  0.0476 ,  0.0112 ,  17 ,  4 ,#N/A,#N/A,#N/A,#N/A,,NO,SI
,3928,  42 ,  7 ,  0.0028 ,  0.0420 ,  0.0112 ,  15 ,  4 ,#N/A,#N/A,#N/A,#N/A,,NO,SI
,3929,  29 ,  8 ,  0.0028 ,  0.1260 ,  0.0112 ,  45 ,  4 ,#N/A,#N/A,#N/A,#N/A,,NO,SI
,3930,  12 ,  4 ,  0.0028 ,  0.1120 ,  0.0112 ,  40 ,  4 ,#N/A,#N/A,#N/A,#N/A,,NO,SI
,3931,  90 ,  17 ,  0.0028 ,  0.0980 ,  0.0112 ,  35 ,  4 ,#N/A,#N/A,#N/A,#N/A,,NO,SI
,3932,  69 ,  9 ,  0.0028 ,  0.0980 ,  0.0112 ,  35 ,  4 ,#N/A,#N/A,#N/A,#N/A,,NO,SI
,3933,  94 ,  21 ,  0.0028 ,  0.0840 ,  0.0112 ,  30 ,  4 ,#N/A,#N/A,#N/A,#N/A,,NO,SI
,3934,  35 ,  9 ,  0.0028 ,  0.0840 ,  0.0112 ,  30 ,  4 ,#N/A,#N/A,#N/A,#N/A,,NO,SI
,3935,  172 ,  21 ,  0.0028 ,  0.0700 ,  0.0112 ,  25 ,  4 ,#N/A,#N/A,#N/A,#N/A,,NO,SI
,3936,  18 ,  3 ,  0.0028 ,  0.0700 ,  0.0112 ,  25 ,  4 ,#N/A,#N/A,#N/A,#N/A,,NO,SI
,3937,  54 ,  15 ,  0.0028 ,  0.0691 ,  0.0111 ,  25 ,  4 ,#N/A,#N/A,#N/A,#N/A,,NO,SI
,3938,  65 ,  15 ,  0.0028 ,  0.0560 ,  0.0112 ,  20 ,  4 ,#N/A,#N/A,#N/A,#N/A,,NO,SI
,3939,  147 ,  20 ,  0.0024 ,  0.0480 ,  0.0096 ,  20 ,  4 ,#N/A,#N/A,#N/A,#N/A,,NO,SI
,3940,  48 ,#N/A,  0.0020 ,  0.0295 ,  0.0079 ,  15 ,  4 ,  4.63 ,  70.00 ,  110.00 ,  255.00 ,,NO,SI
,3941,  30 ,  4 ,  0.0028 ,  0.0420 ,  0.0112 ,  15 ,  4 ,#N/A,#N/A,#N/A,#N/A,,NO,SI
,3942,  56 ,  15 ,  0.0028 ,  0.0420 ,  0.0112 ,  15 ,  4 ,#N/A,#N/A,#N/A,#N/A,,NO,SI
,3943,  50 ,  8 ,  0.0024 ,  0.0238 ,  0.0095 ,  10 ,  4 ,#N/A,#N/A,#N/A,#N/A,,NO,SI
,3944,  36 ,  8 ,  0.0030 ,  0.0300 ,  0.0120 ,  10 ,  4 ,#N/A,#N/A,#N/A,#N/A,,NO,SI
,3945,  12 ,#N/A,  0.0022 ,  0.0336 ,  0.0090 ,  15 ,  4 ,  4.95 ,  78.00 ,  120.00 ,  240.00 ,,NO,SI
,3946,  13 ,#N/A,  0.0022 ,  0.0336 ,  0.0090 ,  15 ,  4 ,  5.25 ,  78.00 ,  120.00 ,  240.00 ,,NO,SI
,3947,  7 ,  2 ,  0.0029 ,  0.0435 ,  0.0116 ,  15 ,  4 ,#N/A,#N/A,#N/A,#N/A,,NO,SI
,3948,  49 ,  9 ,  0.0029 ,  0.0435 ,  0.0116 ,  15 ,  4 ,#N/A,#N/A,#N/A,#N/A,,NO,SI
,3949,  58 ,  7 ,  0.0029 ,  0.0435 ,  0.0116 ,  15 ,  4 ,#N/A,#N/A,#N/A,#N/A,,NO,SI
,3950,  53 ,  4 ,  0.0029 ,  0.0290 ,  0.0116 ,  10 ,  4 ,#N/A,#N/A,#N/A,#N/A,,NO,SI
,3951,  42 ,  6 ,  0.0029 ,  0.0290 ,  0.0116 ,  10 ,  4 ,#N/A,#N/A,#N/A,#N/A,,NO,SI
,3952,  20 ,#N/A,  0.0022 ,  0.0336 ,  0.0090 ,  15 ,  4 ,  5.00 ,  78.00 ,  120.00 ,  240.00 ,,NO,SI
,3953,  5 ,#N/A,  0.0022 ,  0.0336 ,  0.0090 ,  15 ,  4 ,  5.85 ,  78.00 ,  120.00 ,  240.00 ,,NO,SI
,3954,  23 ,#N/A,  0.0022 ,  0.0336 ,  0.0090 ,  15 ,  4 ,  5.17 ,  78.00 ,  120.00 ,  240.00 ,,NO,SI
,3955,  3 ,  2 ,  0.0029 ,  0.0435 ,  0.0116 ,  15 ,  4 ,#N/A,#N/A,#N/A,#N/A,,NO,SI
,3956,  35 ,  14 ,  0.0024 ,  0.0240 ,  0.0096 ,  10 ,  4 ,#N/A,#N/A,#N/A,#N/A,,NO,SI
,3957,  1 ,  2 ,  0.0029 ,  0.0290 ,  0.0116 ,  10 ,  4 ,#N/A,#N/A,#N/A,#N/A,,NO,SI
,3958,  16 ,  3 ,  0.0029 ,  0.0290 ,  0.0116 ,  10 ,  4 ,#N/A,#N/A,#N/A,#N/A,,NO,SI
,3959,  55 ,  13 ,  0.0029 ,  0.0290 ,  0.0116 ,  10 ,  4 ,#N/A,#N/A,#N/A,#N/A,,NO,SI
,3960,  10 ,  3 ,  0.0029 ,  0.0293 ,  0.0117 ,  10 ,  4 ,#N/A,#N/A,#N/A,#N/A,,NO,SI
,3961,  36 ,  6 ,  0.0029 ,  0.0232 ,  0.0116 ,  8 ,  4 ,#N/A,#N/A,#N/A,#N/A,,NO,SI
,3962,  20 ,  6 ,  0.0029 ,  0.0234 ,  0.0117 ,  8 ,  4 ,#N/A,#N/A,#N/A,#N/A,,NO,SI
,3963,  34 ,  6 ,  0.0029 ,  0.0234 ,  0.0117 ,  8 ,  4 ,#N/A,#N/A,#N/A,#N/A,,NO,SI
,3964,  16 ,#N/A,  0.0022 ,  0.0134 ,  0.0090 ,  6 ,  4 ,  4.72 ,  78.00 ,  120.00 ,  240.00 ,,NO,SI
,3965,  33 ,  9 ,  0.0029 ,  0.0176 ,  0.0117 ,  6 ,  4 ,#N/A,#N/A,#N/A,#N/A,,NO,SI
,3966,  8 ,  3 ,  0.0029 ,  0.5850 ,  0.0117 ,  200 ,  4 ,#N/A,#N/A,#N/A,#N/A,,NO,SI
,3967,  5 ,  2 ,  0.0029 ,  0.3480 ,  0.0116 ,  120 ,  4 ,#N/A,#N/A,#N/A,#N/A,,NO,SI
,3968,  7 ,  2 ,  0.0029 ,  0.2900 ,  0.0116 ,  100 ,  4 ,#N/A,#N/A,#N/A,#N/A,,NO,SI
,3969,  29 ,  7 ,  0.0029 ,  0.2610 ,  0.0116 ,  90 ,  4 ,#N/A,#N/A,#N/A,#N/A,,NO,SI
,3970,  22 ,  50 ,  0.0029 ,  0.2340 ,  0.0117 ,  80 ,  4 ,#N/A,#N/A,#N/A,#N/A,,NO,SI
,3971,  28 ,  9 ,  0.0029 ,  0.2194 ,  0.0117 ,  75 ,  4 ,#N/A,#N/A,#N/A,#N/A,,NO,SI
,3972,  5 ,  2 ,  0.0029 ,  0.2048 ,  0.0117 ,  70 ,  4 ,#N/A,#N/A,#N/A,#N/A,,NO,SI
,3973,  11 ,  2 ,  0.0029 ,  0.1885 ,  0.0116 ,  65 ,  4 ,#N/A,#N/A,#N/A,#N/A,,NO,SI
,3974,  14 ,  2 ,  0.0029 ,  0.1595 ,  0.0116 ,  55 ,  4 ,#N/A,#N/A,#N/A,#N/A,,NO,SI
,3975,  2 ,  1 ,  0.0029 ,  0.2633 ,  0.0117 ,  90 ,  4 ,#N/A,#N/A,#N/A,#N/A,,NO,SI
,3976,  4 ,#N/A,#N/A,#N/A,#N/A,  50 ,  4 ,  5.30 ,#N/A,#N/A,#N/A,,NO,SI
,3977,  2 ,#N/A,#N/A,#N/A,#N/A,  40 ,  4 ,  4.90 ,#N/A,#N/A,#N/A,,NO,SI
,3978,  2 ,#N/A,#N/A,#N/A,#N/A,  35 ,  4 ,  5.13 ,#N/A,#N/A,#N/A,,NO,SI
,3979,  5 ,#N/A,#N/A,#N/A,#N/A,  30 ,  4 ,  4.95 ,#N/A,#N/A,#N/A,,NO,SI
,3980,  2 ,#N/A,#N/A,#N/A,#N/A,  25 ,  4 ,  4.87 ,#N/A,#N/A,#N/A,,NO,SI
,3981,  4 ,#N/A,#N/A,#N/A,#N/A,  25 ,  4 ,  5.30 ,#N/A,#N/A,#N/A,,NO,SI
,3982,  60 ,  13 ,  0.0029 ,  0.1463 ,  0.0117 ,  50 ,  4 ,#N/A,#N/A,#N/A,#N/A,,NO,SI
,3983,  7 ,  1 ,  0.0024 ,  0.0840 ,  0.0096 ,  35 ,  4 ,#N/A,#N/A,#N/A,#N/A,,NO,SI
,3984,  1 ,#N/A,  -   ,  -   ,  -   ,  45 ,  4 ,  6.00 ,#N/A,#N/A,#N/A,,NO,SI
,3985,  11 ,#N/A,  -   ,  -   ,  -   ,  45 ,  4 ,  6.00 ,#N/A,#N/A,#N/A,,NO,SI
,3986,  18 ,  4 ,  0.0029 ,  0.1024 ,  0.0117 ,  35 ,  4 ,#N/A,#N/A,#N/A,#N/A,,NO,SI
,3987,  9 ,  1 ,  0.0024 ,  0.3120 ,  0.0096 ,  130 ,  4 ,#N/A,#N/A,#N/A,#N/A,,NO,SI
,3988,  1 ,#N/A,  0.0020 ,  0.2356 ,  0.0079 ,  120 ,  4 ,  4.62 ,  70.00 ,  110.00 ,  255.00 ,,NO,SI
,3989,  78 ,  8 ,  0.0024 ,  0.2880 ,  0.0096 ,  120 ,  4 ,#N/A,#N/A,#N/A,#N/A,,NO,SI
,3990,  51 ,  11 ,  0.0024 ,  0.2379 ,  0.0095 ,  100 ,  4 ,#N/A,#N/A,#N/A,#N/A,,NO,SI
,3991,  210 ,  29 ,  0.0024 ,  0.2160 ,  0.0096 ,  90 ,  4 ,#N/A,#N/A,#N/A,#N/A,,NO,SI
,3992,  30 ,  5 ,  0.0024 ,  0.1920 ,  0.0096 ,  80 ,  4 ,#N/A,#N/A,#N/A,#N/A,,NO,SI
,3993,  168 ,  28 ,  0.0024 ,  0.1785 ,  0.0095 ,  75 ,  4 ,#N/A,#N/A,#N/A,#N/A,,NO,SI
,3994,  27 ,  4 ,  0.0024 ,  0.1666 ,  0.0095 ,  70 ,  4 ,#N/A,#N/A,#N/A,#N/A,,NO,SI
,3995,  120 ,  14 ,  0.0024 ,  0.1428 ,  0.0095 ,  60 ,  4 ,#N/A,#N/A,#N/A,#N/A,,NO,SI
,3996,  15 ,  2 ,  0.0024 ,  0.1440 ,  0.0096 ,  60 ,  4 ,#N/A,#N/A,#N/A,#N/A,,NO,SI
,3997,  42 ,  8 ,  0.0024 ,  0.1320 ,  0.0096 ,  55 ,  4 ,#N/A,#N/A,#N/A,#N/A,,NO,SI
,3998,  9 ,  1 ,  0.0024 ,  0.1200 ,  0.0096 ,  50 ,  4 ,#N/A,#N/A,#N/A,#N/A,,NO,SI
,3999,  23 ,  4 ,  0.0024 ,  0.1200 ,  0.0096 ,  50 ,  4 ,#N/A,#N/A,#N/A,#N/A,,NO,SI
,4000,  34 ,  4 ,  0.0024 ,  0.0960 ,  0.0096 ,  40 ,  4 ,#N/A,#N/A,#N/A,#N/A,,NO,SI
,4001,  12 ,  3 ,  0.0024 ,  0.0960 ,  0.0096 ,  40 ,  4 ,#N/A,#N/A,#N/A,#N/A,,NO,SI
,4002,  16 ,#N/A,  0.0020 ,  0.0687 ,  0.0079 ,  35 ,  4 ,  4.63 ,  70.00 ,  110.00 ,  255.00 ,,NO,SI
,4003,  15 ,  2 ,  0.0024 ,  0.0720 ,  0.0096 ,  30 ,  4 ,#N/A,#N/A,#N/A,#N/A,,NO,SI
,4004,  6 ,  2 ,  0.0024 ,  0.0720 ,  0.0096 ,  30 ,  4 ,#N/A,#N/A,#N/A,#N/A,,NO,SI
,4005,  11 ,  6 ,  0.0024 ,  0.0600 ,  0.0096 ,  25 ,  4 ,#N/A,#N/A,#N/A,#N/A,,NO,SI
,4006,  50 ,  10 ,  0.0032 ,  1.4080 ,  0.0128 ,  440 ,  4 ,#N/A,#N/A,#N/A,#N/A,,NO,SI
,4007,  90 ,  15 ,  0.0032 ,  1.2800 ,  0.0128 ,  400 ,  4 ,#N/A,#N/A,#N/A,#N/A,,NO,SI
,4008,  160 ,  28 ,  0.0032 ,  1.1520 ,  0.0128 ,  360 ,  4 ,#N/A,#N/A,#N/A,#N/A,,NO,SI
,4009,  70 ,  18 ,  0.0032 ,  1.0560 ,  0.0128 ,  330 ,  4 ,#N/A,#N/A,#N/A,#N/A,,NO,SI
,4010,  429 ,  58 ,  0.0032 ,  1.0259 ,  0.0128 ,  320 ,  4 ,#N/A,#N/A,#N/A,#N/A,,NO,SI
,4011,  91 ,#N/A,  0.0037 ,  1.0788 ,  0.0149 ,  290 ,  4 ,  5.00 ,  120.00 ,  125.00 ,  248.00 ,,NO,SI
,4012,  339 ,  49 ,  0.0032 ,  0.8977 ,  0.0128 ,  280 ,  4 ,#N/A,#N/A,#N/A,#N/A,,NO,SI
,4013,  44 ,#N/A,  0.0028 ,  0.5580 ,  0.0112 ,  200 ,  4 ,  3.75 ,  90.00 ,  125.00 ,  248.00 ,,NO,SI
,4014,  251 ,  30 ,  0.0032 ,  0.7694 ,  0.0128 ,  240 ,  4 ,#N/A,#N/A,#N/A,#N/A,,NO,SI
,4015,  49 ,  8 ,  0.0032 ,  0.7040 ,  0.0128 ,  220 ,  4 ,#N/A,#N/A,#N/A,#N/A,,NO,SI
,4016,  130 ,  19 ,  0.0032 ,  0.7040 ,  0.0128 ,  220 ,  4 ,#N/A,#N/A,#N/A,#N/A,,NO,SI
,4017,  252 ,  30 ,  0.0032 ,  0.5130 ,  0.0128 ,  160 ,  4 ,#N/A,#N/A,#N/A,#N/A,,NO,SI
,4018,  44 ,  9 ,  0.0032 ,  0.5130 ,  0.0128 ,  160 ,  4 ,#N/A,#N/A,#N/A,#N/A,,NO,SI
,4019,  51 ,  13 ,  0.0032 ,  0.3840 ,  0.0128 ,  120 ,  4 ,#N/A,#N/A,#N/A,#N/A,,NO,SI
,4020,  46 ,  8 ,  0.0032 ,  0.8640 ,  0.0128 ,  270 ,  4 ,#N/A,#N/A,#N/A,#N/A,,NO,SI
,4021,  59 ,  24 ,  0.0007 ,  0.1680 ,  0.0028 ,  240 ,  4 ,#N/A,#N/A,#N/A,#N/A,,NO,SI
,4022,  268 ,  14 ,  0.0007 ,  0.1610 ,  0.0028 ,  230 ,  4 ,#N/A,#N/A,#N/A,#N/A,,NO,SI
,4023,  43 ,  8 ,  0.0042 ,  0.8400 ,  0.0168 ,  200 ,  4 ,#N/A,#N/A,#N/A,#N/A,,NO,SI
,4024,  121 ,  30 ,  0.0007 ,  0.1365 ,  0.0028 ,  195 ,  4 ,#N/A,#N/A,#N/A,#N/A,,NO,SI
,4025,  172 ,  15 ,  0.0034 ,  0.5780 ,  0.0136 ,  170 ,  4 ,#N/A,#N/A,#N/A,#N/A,,NO,SI
,4026,  218 ,  42 ,  0.0041 ,  0.6970 ,  0.0164 ,  170 ,  4 ,#N/A,#N/A,#N/A,#N/A,,NO,SI
,4027,  198 ,  22 ,  0.0032 ,  0.4809 ,  0.0128 ,  150 ,  4 ,#N/A,#N/A,#N/A,#N/A,,NO,SI
,4028,  333 ,  60 ,  0.0044 ,  0.6600 ,  0.0176 ,  150 ,  4 ,#N/A,#N/A,#N/A,#N/A,,NO,SI
,4029,  103 ,  22 ,  0.0032 ,  0.4480 ,  0.0128 ,  140 ,  4 ,#N/A,#N/A,#N/A,#N/A,,NO,SI
,4030,  218 ,  32 ,  0.0032 ,  0.4320 ,  0.0128 ,  135 ,  4 ,#N/A,#N/A,#N/A,#N/A,,NO,SI
,4031,  424 ,  56 ,  0.0032 ,  0.3520 ,  0.0128 ,  110 ,  4 ,#N/A,#N/A,#N/A,#N/A,,NO,SI
,4032,  172 ,  25 ,  0.0032 ,  0.3206 ,  0.0128 ,  100 ,  4 ,#N/A,#N/A,#N/A,#N/A,,NO,SI
,4033,  264 ,  44 ,  0.0032 ,  0.3206 ,  0.0128 ,  100 ,  4 ,#N/A,#N/A,#N/A,#N/A,,NO,SI
,4034,  106 ,  26 ,  0.0032 ,  0.3046 ,  0.0128 ,  95 ,  4 ,#N/A,#N/A,#N/A,#N/A,,NO,SI
,4035,  150 ,  41 ,  0.0032 ,  0.2885 ,  0.0128 ,  90 ,  4 ,#N/A,#N/A,#N/A,#N/A,,NO,SI
,4036,  122 ,  31 ,  0.0032 ,  0.2560 ,  0.0128 ,  80 ,  4 ,#N/A,#N/A,#N/A,#N/A,,NO,SI
,4037,  112 ,#N/A,  0.0028 ,  0.1953 ,  0.0112 ,  70 ,  4 ,  4.87 ,  90.00 ,  125.00 ,  248.00 ,,NO,SI
,4038,  53 ,  8 ,  0.0032 ,  0.4800 ,  0.0128 ,  150 ,  4 ,#N/A,#N/A,#N/A,#N/A,,NO,SI
,4039,  38 ,  7 ,  0.0032 ,  0.4489 ,  0.0128 ,  140 ,  4 ,#N/A,#N/A,#N/A,#N/A,,NO,SI
,4040,  58 ,  8 ,  0.0032 ,  0.4008 ,  0.0128 ,  125 ,  4 ,#N/A,#N/A,#N/A,#N/A,,NO,SI
,4041,  10 ,#N/A,  0.0028 ,  0.3348 ,  0.0112 ,  120 ,  4 ,  5.00 ,  90.00 ,  125.00 ,  248.00 ,,NO,SI
,4042,  131 ,  9 ,  0.0032 ,  0.3520 ,  0.0128 ,  110 ,  4 ,#N/A,#N/A,#N/A,#N/A,,NO,SI
,4043,  31 ,  4 ,  0.0032 ,  0.3520 ,  0.0128 ,  110 ,  4 ,#N/A,#N/A,#N/A,#N/A,,NO,SI
,4044,  123 ,  13 ,  0.0032 ,  0.3200 ,  0.0128 ,  100 ,  4 ,#N/A,#N/A,#N/A,#N/A,,NO,SI
,4045,  52 ,  5 ,  0.0032 ,  0.3200 ,  0.0128 ,  100 ,  4 ,#N/A,#N/A,#N/A,#N/A,,NO,SI
,4046,  82 ,  15 ,  0.0032 ,  0.2885 ,  0.0128 ,  90 ,  4 ,#N/A,#N/A,#N/A,#N/A,,NO,SI
,4047,  156 ,  38 ,  0.0032 ,  0.2565 ,  0.0128 ,  80 ,  4 ,#N/A,#N/A,#N/A,#N/A,,NO,SI
,4048,  67 ,  11 ,  0.0032 ,  0.2400 ,  0.0128 ,  75 ,  4 ,#N/A,#N/A,#N/A,#N/A,,NO,SI
,4049,  124 ,  21 ,  0.0032 ,  0.2244 ,  0.0128 ,  70 ,  4 ,#N/A,#N/A,#N/A,#N/A,,NO,SI
,4050,  38 ,#N/A,  0.0028 ,  0.1814 ,  0.0112 ,  65 ,  4 ,  4.87 ,  90.00 ,  125.00 ,  248.00 ,,NO,SI
,4051,  97 ,  17 ,  0.0032 ,  0.1920 ,  0.0128 ,  60 ,  4 ,#N/A,#N/A,#N/A,#N/A,,NO,SI
,4052,  81 ,  28 ,  0.0032 ,  0.1603 ,  0.0128 ,  50 ,  4 ,#N/A,#N/A,#N/A,#N/A,,NO,SI
,4053,  77 ,  20 ,  0.0032 ,  0.1600 ,  0.0128 ,  50 ,  4 ,#N/A,#N/A,#N/A,#N/A,,NO,SI
,4054,  49 ,  11 ,  0.0032 ,  0.1440 ,  0.0128 ,  45 ,  4 ,#N/A,#N/A,#N/A,#N/A,,NO,SI
,4055,  50 ,  12 ,  0.0032 ,  0.1280 ,  0.0128 ,  40 ,  4 ,#N/A,#N/A,#N/A,#N/A,,NO,SI
,4056,  66 ,#N/A,  0.0029 ,  0.1144 ,  0.0086 ,  40 ,  3 ,  5.64 ,  75.00 ,  106.00 ,  360.00 ,,NO,SI
,4057,  10 ,#N/A,  0.0029 ,  0.1001 ,  0.0086 ,  35 ,  3 ,  5.16 ,  75.00 ,  106.00 ,  360.00 ,,NO,SI
,4059,  7 ,  3 ,  0.0032 ,  0.3200 ,  0.0128 ,  100 ,  4 ,#N/A,#N/A,#N/A,#N/A,,NO,SI
,4060,  12 ,  3 ,  0.0032 ,  0.3040 ,  0.0128 ,  95 ,  4 ,#N/A,#N/A,#N/A,#N/A,,NO,SI
,4061,  10 ,#N/A,  0.0028 ,  0.2511 ,  0.0112 ,  90 ,  4 ,  5.00 ,  90.00 ,  125.00 ,  248.00 ,,NO,SI
,4062,  19 ,  3 ,  0.0032 ,  0.2720 ,  0.0128 ,  85 ,  4 ,#N/A,#N/A,#N/A,#N/A,,NO,SI
,4063,  4 ,#N/A,  0.0028 ,  0.2232 ,  0.0112 ,  80 ,  4 ,  4.82 ,  90.00 ,  125.00 ,  248.00 ,,NO,SI
,4064,  11 ,  3 ,  0.0032 ,  0.2400 ,  0.0128 ,  75 ,  4 ,#N/A,#N/A,#N/A,#N/A,,NO,SI
,4065,  3 ,#N/A,#N/A,#N/A,#N/A,  70 ,  4 ,  5.00 ,#N/A,#N/A,#N/A,,NO,SI
,4066,  11 ,#N/A,  0.0028 ,  0.1814 ,  0.0112 ,  65 ,  4 ,  5.00 ,  90.00 ,  125.00 ,  248.00 ,,NO,SI
,4067,  2 ,  3 ,  0.0032 ,  0.1920 ,  0.0128 ,  60 ,  4 ,#N/A,#N/A,#N/A,#N/A,,NO,SI
,4068,  9 ,  4 ,  0.0007 ,  0.0420 ,  0.0028 ,  60 ,  4 ,#N/A,#N/A,#N/A,#N/A,,NO,SI
,4069,  13 ,  5 ,  0.0032 ,  0.1760 ,  0.0128 ,  55 ,  4 ,#N/A,#N/A,#N/A,#N/A,,NO,SI
,4070,  11 ,#N/A,  0.0028 ,  0.1395 ,  0.0112 ,  50 ,  4 ,  4.62 ,  90.00 ,  125.00 ,  248.00 ,,NO,SI
,4071,  15 ,#N/A,  0.0028 ,  0.1395 ,  0.0112 ,  50 ,  4 ,  5.20 ,  90.00 ,  125.00 ,  248.00 ,,NO,SI
,4072,  8 ,#N/A,#N/A,#N/A,#N/A,  45 ,  4 ,  4.87 ,#N/A,#N/A,#N/A,,NO,SI
,4073,  17 ,#N/A,  0.0028 ,  0.1116 ,  0.0112 ,  40 ,  4 ,  4.62 ,  90.00 ,  125.00 ,  248.00 ,,NO,SI
,4074,  20 ,  3 ,  0.0032 ,  0.1120 ,  0.0128 ,  35 ,  4 ,#N/A,#N/A,#N/A,#N/A,,NO,SI
,4075,  12 ,  -   ,  0.0028 ,  0.0977 ,  0.0112 ,  35 ,  4 ,  5.13 ,  90.00 ,  125.00 ,  248.00 ,,NO,SI
,4076,  6 ,  2 ,  0.0032 ,  0.0960 ,  0.0128 ,  30 ,  4 ,#N/A,#N/A,#N/A,#N/A,,NO,SI
,4077,  3 ,  2 ,  0.0031 ,  0.0928 ,  0.0124 ,  30 ,  4 ,#N/A,#N/A,#N/A,#N/A,,NO,SI
,4078,  3 ,#N/A,  0.0028 ,  0.0837 ,  0.0112 ,  30 ,  4 ,  4.83 ,  90.00 ,  125.00 ,  248.00 ,,NO,SI
,4079,  3 ,#N/A,#N/A,#N/A,#N/A,  30 ,  4 ,  5.08 ,#N/A,#N/A,#N/A,,NO,SI
,4080,  9 ,#N/A,#N/A,#N/A,#N/A,  25 ,  4 ,  5.09 ,#N/A,#N/A,#N/A,,NO,SI
,4081,  12 ,  3 ,  0.0032 ,  0.2560 ,  0.0128 ,  80 ,  4 ,#N/A,#N/A,#N/A,#N/A,,NO,SI
,4082,  78 ,  12 ,  0.0032 ,  0.2244 ,  0.0128 ,  70 ,  4 ,#N/A,#N/A,#N/A,#N/A,,NO,SI
,4083,  9 ,#N/A,  0.0037 ,  0.2418 ,  0.0149 ,  65 ,  4 ,  4.75 ,  120.00 ,  125.00 ,  248.00 ,,NO,SI
,4084,  13 ,#N/A,  0.0037 ,  0.2232 ,  0.0149 ,  60 ,  4 ,  4.63 ,  120.00 ,  125.00 ,  248.00 ,,NO,SI
,4085,  2 ,#N/A,#N/A,#N/A,#N/A,  60 ,  4 ,  5.04 ,#N/A,#N/A,#N/A,,NO,SI
,4086,  10 ,  2 ,  0.0032 ,  0.1760 ,  0.0128 ,  55 ,  4 ,#N/A,#N/A,#N/A,#N/A,,NO,SI
,4087,  4 ,#N/A,#N/A,#N/A,#N/A,  55 ,  4 ,  5.15 ,#N/A,#N/A,#N/A,,NO,SI
,4088,  19 ,  3 ,  0.0032 ,  0.1600 ,  0.0128 ,  50 ,  4 ,#N/A,#N/A,#N/A,#N/A,,NO,SI
,4089,  2 ,#N/A,  0.0037 ,  0.1674 ,  0.0149 ,  45 ,  4 ,  4.63 ,  120.00 ,  125.00 ,  248.00 ,,NO,SI
,4090,  8 ,  3 ,  0.0032 ,  0.1440 ,  0.0128 ,  45 ,  4 ,#N/A,#N/A,#N/A,#N/A,,NO,SI
,4091,  21 ,#N/A,  0.0037 ,  0.1488 ,  0.0149 ,  40 ,  4 ,  4.63 ,  120.00 ,  125.00 ,  248.00 ,,NO,SI
,4092,  6 ,  2 ,  0.0032 ,  0.1280 ,  0.0128 ,  40 ,  4 ,#N/A,#N/A,#N/A,#N/A,,NO,SI
,4093,  18 ,  3 ,  0.0032 ,  0.1120 ,  0.0128 ,  35 ,  4 ,#N/A,#N/A,#N/A,#N/A,,NO,SI
,4094,  17 ,  10 ,  0.0032 ,  0.1122 ,  0.0128 ,  35 ,  4 ,#N/A,#N/A,#N/A,#N/A,,NO,SI
,4095,  17 ,  6 ,  0.0035 ,  0.1050 ,  0.0140 ,  30 ,  4 ,#N/A,#N/A,#N/A,#N/A,,NO,SI
,4096,  16 ,  5 ,  0.0032 ,  0.0800 ,  0.0128 ,  25 ,  4 ,#N/A,#N/A,#N/A,#N/A,,NO,SI
,4097,  14 ,  11 ,  0.0032 ,  0.0802 ,  0.0128 ,  25 ,  4 ,#N/A,#N/A,#N/A,#N/A,,NO,SI
,4098,  15 ,  6 ,  0.0032 ,  0.0640 ,  0.0128 ,  20 ,  4 ,#N/A,#N/A,#N/A,#N/A,,NO,SI
,4099,  19 ,  6 ,  0.0032 ,  0.0641 ,  0.0128 ,  20 ,  4 ,#N/A,#N/A,#N/A,#N/A,,NO,SI
,4100,  6 ,  2 ,  0.0038 ,  0.0760 ,  0.0152 ,  20 ,  4 ,#N/A,#N/A,#N/A,#N/A,,NO,SI
,4101,  6 ,  2 ,  0.0051 ,  0.0918 ,  0.0153 ,  18 ,  3 ,#N/A,#N/A,#N/A,#N/A,,NO,SI
,4102,"  2,192 ",  339 ,  0.0003 ,  0.0272 ,  0.0109 ,  100 ,  40 ,#N/A,#N/A,#N/A,#N/A,,NO,SI
,4103,"  1,256 ",  209 ,  0.0005 ,  0.0490 ,  0.0098 ,  100 ,  20 ,#N/A,#N/A,#N/A,#N/A,,NO,SI
,4104,"  1,819 ",  239 ,  0.0009 ,  0.0459 ,  0.0184 ,  50 ,  20 ,#N/A,#N/A,#N/A,#N/A,,NO,SI
,4105,  470 ,  53 ,  0.0023 ,  0.1141 ,  0.0228 ,  50 ,  10 ,#N/A,#N/A,#N/A,#N/A,,NO,SI
,4106,  50 ,  9 ,  0.0010 ,  0.5000 ,  0.0120 ,  500 ,  12 ,#N/A,#N/A,#N/A,#N/A,,NO,SI
,4107,  59 ,  9 ,  0.0010 ,  0.5000 ,  0.0120 ,  500 ,  12 ,#N/A,#N/A,#N/A,#N/A,,NO,SI
,4108,  110 ,  19 ,  0.0010 ,  0.5000 ,  0.0120 ,  500 ,  12 ,#N/A,#N/A,#N/A,#N/A,,NO,SI
,4109,  40 ,  9 ,  0.0012 ,  0.6028 ,  0.0121 ,  500 ,  10 ,#N/A,#N/A,#N/A,#N/A,,NO,SI
,4110,  50 ,  8 ,  0.0012 ,  0.6028 ,  0.0121 ,  500 ,  10 ,#N/A,#N/A,#N/A,#N/A,,NO,SI
,4111,  24 ,  4 ,  0.0024 ,  1.1805 ,  0.0142 ,  500 ,  6 ,#N/A,#N/A,#N/A,#N/A,,NO,SI
,4112,  35 ,  6 ,  0.0020 ,  1.0000 ,  0.0120 ,  500 ,  6 ,#N/A,#N/A,#N/A,#N/A,,NO,SI
,4113,  19 ,  2 ,  0.0020 ,  1.0000 ,  0.0120 ,  500 ,  6 ,#N/A,#N/A,#N/A,#N/A,,NO,SI
,4114,  31 ,  6 ,  0.0029 ,  1.4625 ,  0.0117 ,  500 ,  4 ,#N/A,#N/A,#N/A,#N/A,,NO,SI
,4115,  67 ,  18 ,  0.0010 ,  0.5000 ,  0.0120 ,  500 ,  12 ,#N/A,#N/A,#N/A,#N/A,,NO,SI
,4116,  33 ,  10 ,  0.0010 ,  0.5000 ,  0.0120 ,  500 ,  12 ,#N/A,#N/A,#N/A,#N/A,,NO,SI
,4117,  189 ,  32 ,  0.0012 ,  0.6000 ,  0.0120 ,  500 ,  10 ,#N/A,#N/A,#N/A,#N/A,,NO,SI
,4118,  272 ,  57 ,  0.0018 ,  0.9210 ,  0.0111 ,  500 ,  6 ,#N/A,#N/A,#N/A,#N/A,,NO,SI
,4119,  238 ,  38 ,  0.0020 ,  1.0000 ,  0.0120 ,  500 ,  6 ,#N/A,#N/A,#N/A,#N/A,,NO,SI
,4120,  880 ,  52 ,  0.0010 ,  0.2000 ,  0.0120 ,  200 ,  12 ,#N/A,#N/A,#N/A,#N/A,,NO,SI
,4121,  141 ,  29 ,  0.0010 ,  0.2000 ,  0.0120 ,  200 ,  12 ,#N/A,#N/A,#N/A,#N/A,,NO,SI
,4122,  504 ,  24 ,  0.0012 ,  0.2400 ,  0.0120 ,  200 ,  10 ,#N/A,#N/A,#N/A,#N/A,,NO,SI
,4123,  38 ,  8 ,  0.0010 ,  0.2026 ,  0.0122 ,  200 ,  12 ,#N/A,#N/A,#N/A,#N/A,,NO,SI
,4124,  110 ,  20 ,  0.0010 ,  0.2009 ,  0.0121 ,  200 ,  12 ,#N/A,#N/A,#N/A,#N/A,,NO,SI
,4125,  27 ,  3 ,  0.0012 ,  0.2400 ,  0.0120 ,  200 ,  10 ,#N/A,#N/A,#N/A,#N/A,,NO,SI
,4126,  48 ,  7 ,  0.0024 ,  0.8400 ,  0.0096 ,  350 ,  4 ,#N/A,#N/A,#N/A,#N/A,,NO,SI
,4127,  20 ,  3 ,  0.0028 ,  0.9800 ,  0.0112 ,  350 ,  4 ,#N/A,#N/A,#N/A,#N/A,,NO,SI
,4128,  40 ,  8 ,  0.0028 ,  0.9800 ,  0.0112 ,  350 ,  4 ,#N/A,#N/A,#N/A,#N/A,,NO,SI
,4129,  16 ,#N/A,  0.0020 ,  0.5880 ,  0.0078 ,  300 ,  4 ,  4.50 ,  70.00 ,  110.00 ,  255.00 ,,NO,SI
,4130,  33 ,  7 ,  0.0029 ,  0.8775 ,  0.0117 ,  300 ,  4 ,#N/A,#N/A,#N/A,#N/A,,NO,SI
,4131,  9 ,  2 ,  0.0029 ,  2.3200 ,  0.0116 ,  800 ,  4 ,#N/A,#N/A,#N/A,#N/A,,NO,SI
,4132,  25 ,  3 ,  0.0029 ,  2.0475 ,  0.0117 ,  700 ,  4 ,#N/A,#N/A,#N/A,#N/A,,NO,SI
,4133,  34 ,  5 ,  0.0029 ,  1.7550 ,  0.0117 ,  600 ,  4 ,#N/A,#N/A,#N/A,#N/A,,NO,SI
,4134,  56 ,  8 ,  0.0029 ,  1.4625 ,  0.0117 ,  500 ,  4 ,#N/A,#N/A,#N/A,#N/A,,NO,SI
,4135,  27 ,  6 ,  0.0029 ,  1.4625 ,  0.0117 ,  500 ,  4 ,#N/A,#N/A,#N/A,#N/A,,NO,SI
,4136,  17 ,  3 ,  0.0029 ,  1.1700 ,  0.0117 ,  400 ,  4 ,#N/A,#N/A,#N/A,#N/A,,NO,SI
,4137,  33 ,  6 ,  0.0030 ,  1.2000 ,  0.0120 ,  400 ,  4 ,#N/A,#N/A,#N/A,#N/A,,NO,SI
,4138,  8 ,  2 ,  0.0029 ,  1.1600 ,  0.0116 ,  400 ,  4 ,#N/A,#N/A,#N/A,#N/A,,NO,SI
,4139,  29 ,  5 ,  0.0024 ,  0.7200 ,  0.0096 ,  300 ,  4 ,#N/A,#N/A,#N/A,#N/A,,NO,SI
,4140,  13 ,  7 ,  0.0029 ,  0.8775 ,  0.0117 ,  300 ,  4 ,#N/A,#N/A,#N/A,#N/A,,NO,SI
,4141,  18 ,  3 ,  0.0029 ,  0.7250 ,  0.0116 ,  250 ,  4 ,#N/A,#N/A,#N/A,#N/A,,NO,SI
,4143,  16 ,  3 ,  0.0029 ,  0.7313 ,  0.0117 ,  250 ,  4 ,#N/A,#N/A,#N/A,#N/A,,NO,SI
,4144,  14 ,  2 ,  0.0029 ,  0.5800 ,  0.0116 ,  200 ,  4 ,#N/A,#N/A,#N/A,#N/A,,NO,SI
,4145,  115 ,  16 ,  0.0028 ,  1.3815 ,  0.0111 ,  500 ,  4 ,#N/A,#N/A,#N/A,#N/A,,NO,SI
,4146,  251 ,  47 ,  0.0028 ,  1.4000 ,  0.0112 ,  500 ,  4 ,#N/A,#N/A,#N/A,#N/A,,NO,SI
,4147,  370 ,  57 ,  0.0028 ,  1.1200 ,  0.0112 ,  400 ,  4 ,#N/A,#N/A,#N/A,#N/A,,NO,SI
,4148,  202 ,  38 ,  0.0028 ,  1.1050 ,  0.0111 ,  400 ,  4 ,#N/A,#N/A,#N/A,#N/A,,NO,SI
,4149,  178 ,  8 ,  0.0028 ,  0.8289 ,  0.0111 ,  300 ,  4 ,#N/A,#N/A,#N/A,#N/A,,NO,SI
,4150,  260 ,  50 ,  0.0028 ,  0.8400 ,  0.0112 ,  300 ,  4 ,#N/A,#N/A,#N/A,#N/A,,NO,SI
,4151,  91 ,  13 ,  0.0028 ,  0.6908 ,  0.0111 ,  250 ,  4 ,#N/A,#N/A,#N/A,#N/A,,NO,SI
,4152,  181 ,  58 ,  0.0028 ,  0.6908 ,  0.0111 ,  250 ,  4 ,#N/A,#N/A,#N/A,#N/A,,NO,SI
,4153,  28 ,  4 ,  0.0028 ,  0.5600 ,  0.0112 ,  200 ,  4 ,#N/A,#N/A,#N/A,#N/A,,NO,SI
,4154,  120 ,  23 ,  0.0028 ,  0.4835 ,  0.0111 ,  175 ,  4 ,#N/A,#N/A,#N/A,#N/A,,NO,SI
,4155,  29 ,  5 ,  0.0028 ,  0.4835 ,  0.0111 ,  175 ,  4 ,#N/A,#N/A,#N/A,#N/A,,NO,SI
,4156,  89 ,  15 ,  0.0028 ,  0.4145 ,  0.0111 ,  150 ,  4 ,#N/A,#N/A,#N/A,#N/A,,NO,SI
,4157,  21 ,  3 ,  0.0028 ,  0.4200 ,  0.0112 ,  150 ,  4 ,#N/A,#N/A,#N/A,#N/A,,NO,SI
,4158,  70 ,  12 ,  0.0028 ,  0.4200 ,  0.0112 ,  150 ,  4 ,#N/A,#N/A,#N/A,#N/A,,NO,SI
,4159,  87 ,  13 ,  0.0028 ,  0.3454 ,  0.0111 ,  125 ,  4 ,#N/A,#N/A,#N/A,#N/A,,NO,SI
,4160,  69 ,  12 ,  0.0028 ,  0.3454 ,  0.0111 ,  125 ,  4 ,#N/A,#N/A,#N/A,#N/A,,NO,SI
,4161,  33 ,  7 ,  0.0028 ,  0.2800 ,  0.0112 ,  100 ,  4 ,#N/A,#N/A,#N/A,#N/A,,NO,SI
,4162,  34 ,  7 ,  0.0006 ,  0.0600 ,  0.0024 ,  100 ,  4 ,#N/A,#N/A,#N/A,#N/A,,NO,SI
,4163,  24 ,  5 ,  0.0024 ,  0.2400 ,  0.0096 ,  100 ,  4 ,#N/A,#N/A,#N/A,#N/A,,NO,SI
,4164,  15 ,  5 ,  0.0028 ,  0.2800 ,  0.0112 ,  100 ,  4 ,#N/A,#N/A,#N/A,#N/A,,NO,SI
,4165,  15 ,  4 ,  0.0028 ,  0.2800 ,  0.0112 ,  100 ,  4 ,#N/A,#N/A,#N/A,#N/A,,NO,SI
,4166,  68 ,  12 ,  0.0028 ,  0.7000 ,  0.0112 ,  250 ,  4 ,#N/A,#N/A,#N/A,#N/A,,NO,SI
,4167,  154 ,  26 ,  0.0028 ,  0.7000 ,  0.0112 ,  250 ,  4 ,#N/A,#N/A,#N/A,#N/A,,NO,SI
,4168,  334 ,  41 ,  0.0028 ,  0.5600 ,  0.0112 ,  200 ,  4 ,#N/A,#N/A,#N/A,#N/A,,NO,SI
,4169,  201 ,  24 ,  0.0028 ,  0.5600 ,  0.0112 ,  200 ,  4 ,#N/A,#N/A,#N/A,#N/A,,NO,SI
,4170,  155 ,  28 ,  0.0028 ,  0.4973 ,  0.0111 ,  180 ,  4 ,#N/A,#N/A,#N/A,#N/A,,NO,SI
,4171,  81 ,  10 ,  0.0024 ,  0.3600 ,  0.0096 ,  150 ,  4 ,#N/A,#N/A,#N/A,#N/A,,NO,SI
,4172,  158 ,  34 ,  0.0028 ,  0.4145 ,  0.0111 ,  150 ,  4 ,#N/A,#N/A,#N/A,#N/A,,NO,SI
,4173,  25 ,  6 ,  0.0028 ,  0.4145 ,  0.0111 ,  150 ,  4 ,#N/A,#N/A,#N/A,#N/A,,NO,SI
,4174,  153 ,  21 ,  0.0028 ,  0.3360 ,  0.0112 ,  120 ,  4 ,#N/A,#N/A,#N/A,#N/A,,NO,SI
,4175,  23 ,  4 ,  0.0028 ,  0.3360 ,  0.0112 ,  120 ,  4 ,#N/A,#N/A,#N/A,#N/A,,NO,SI
,4176,  103 ,  18 ,  0.0028 ,  0.3315 ,  0.0111 ,  120 ,  4 ,#N/A,#N/A,#N/A,#N/A,,NO,SI
,4177,  22 ,  8 ,  0.0028 ,  0.2763 ,  0.0111 ,  100 ,  4 ,#N/A,#N/A,#N/A,#N/A,,NO,SI
,4178,  50 ,  16 ,  0.0028 ,  0.2763 ,  0.0111 ,  100 ,  4 ,#N/A,#N/A,#N/A,#N/A,,NO,SI
,4179,  40 ,  12 ,  0.0028 ,  0.2763 ,  0.0111 ,  100 ,  4 ,#N/A,#N/A,#N/A,#N/A,,NO,SI
,4180,  54 ,  12 ,  0.0028 ,  0.2210 ,  0.0111 ,  80 ,  4 ,#N/A,#N/A,#N/A,#N/A,,NO,SI
,4181,  44 ,  7 ,  0.0020 ,  0.1170 ,  0.0078 ,  60 ,  4 ,#N/A,#N/A,#N/A,#N/A,,NO,SI
,4182,  45 ,  9 ,  0.0028 ,  0.1934 ,  0.0111 ,  70 ,  4 ,#N/A,#N/A,#N/A,#N/A,,NO,SI
,4183,  12 ,  4 ,  0.0028 ,  0.1658 ,  0.0111 ,  60 ,  4 ,#N/A,#N/A,#N/A,#N/A,,NO,SI
,4184,  24 ,  5 ,  0.0028 ,  0.1382 ,  0.0111 ,  50 ,  4 ,#N/A,#N/A,#N/A,#N/A,,NO,SI
,4185,  36 ,  4 ,  0.0028 ,  0.1382 ,  0.0111 ,  50 ,  4 ,#N/A,#N/A,#N/A,#N/A,,NO,SI
,4186,  32 ,  6 ,  0.0028 ,  0.4145 ,  0.0111 ,  150 ,  4 ,#N/A,#N/A,#N/A,#N/A,,NO,SI
,4187,  82 ,  12 ,  0.0029 ,  0.4388 ,  0.0117 ,  150 ,  4 ,#N/A,#N/A,#N/A,#N/A,,NO,SI
,4188,  43 ,  5 ,  0.0028 ,  0.3360 ,  0.0112 ,  120 ,  4 ,#N/A,#N/A,#N/A,#N/A,,NO,SI
,4189,  144 ,  26 ,  0.0028 ,  0.3316 ,  0.0111 ,  120 ,  4 ,#N/A,#N/A,#N/A,#N/A,,NO,SI
,4190,  24 ,  8 ,  0.0028 ,  0.3316 ,  0.0111 ,  120 ,  4 ,#N/A,#N/A,#N/A,#N/A,,NO,SI
,4191,  115 ,  15 ,  0.0028 ,  0.2800 ,  0.0112 ,  100 ,  4 ,#N/A,#N/A,#N/A,#N/A,,NO,SI
,4192,  11 ,  4 ,  0.0028 ,  0.2800 ,  0.0112 ,  100 ,  4 ,#N/A,#N/A,#N/A,#N/A,,NO,SI
,4193,  254 ,  14 ,  0.0028 ,  0.2763 ,  0.0111 ,  100 ,  4 ,#N/A,#N/A,#N/A,#N/A,,NO,SI
,4194,  18 ,  4 ,  0.0024 ,  0.1920 ,  0.0096 ,  80 ,  4 ,#N/A,#N/A,#N/A,#N/A,,NO,SI
,4195,  83 ,  12 ,  0.0028 ,  0.2240 ,  0.0112 ,  80 ,  4 ,#N/A,#N/A,#N/A,#N/A,,NO,SI
,4196,  28 ,  8 ,  0.0028 ,  0.2210 ,  0.0111 ,  80 ,  4 ,#N/A,#N/A,#N/A,#N/A,,NO,SI
,4197,  62 ,  10 ,  0.0028 ,  0.2240 ,  0.0112 ,  80 ,  4 ,#N/A,#N/A,#N/A,#N/A,,NO,SI
,4198,  68 ,  9 ,  0.0029 ,  0.1755 ,  0.0117 ,  60 ,  4 ,#N/A,#N/A,#N/A,#N/A,,NO,SI
,4199,  58 ,  8 ,  0.0024 ,  0.1200 ,  0.0096 ,  50 ,  4 ,#N/A,#N/A,#N/A,#N/A,,NO,SI
,4200,  32 ,  9 ,  0.0028 ,  0.1381 ,  0.0111 ,  50 ,  4 ,#N/A,#N/A,#N/A,#N/A,,NO,SI
,4201,  31 ,  4 ,  0.0024 ,  0.0960 ,  0.0096 ,  40 ,  4 ,#N/A,#N/A,#N/A,#N/A,,NO,SI
,4202,  13 ,  4 ,  0.0029 ,  0.2633 ,  0.0117 ,  90 ,  4 ,#N/A,#N/A,#N/A,#N/A,,NO,SI
,4203,  6 ,#N/A,  0.0020 ,  0.1568 ,  0.0078 ,  80 ,  4 ,  4.75 ,  70.00 ,  110.00 ,  255.00 ,,NO,SI
,4204,  25 ,  9 ,  0.0024 ,  0.1920 ,  0.0096 ,  80 ,  4 ,#N/A,#N/A,#N/A,#N/A,,NO,SI
,4205,  18 ,#N/A,  0.0020 ,  0.1372 ,  0.0078 ,  70 ,  4 ,  5.13 ,  70.00 ,  110.00 ,  255.00 ,,NO,SI
,4206,  57 ,  6 ,  0.0028 ,  0.2240 ,  0.0112 ,  80 ,  4 ,#N/A,#N/A,#N/A,#N/A,,NO,SI
,4207,  12 ,  2 ,  0.0024 ,  0.1440 ,  0.0096 ,  60 ,  4 ,#N/A,#N/A,#N/A,#N/A,,NO,SI
,4208,  24 ,  9 ,  0.0028 ,  0.1680 ,  0.0112 ,  60 ,  4 ,#N/A,#N/A,#N/A,#N/A,,NO,SI
,4209,  7 ,  2 ,  0.0024 ,  0.1320 ,  0.0096 ,  55 ,  4 ,#N/A,#N/A,#N/A,#N/A,,NO,SI
,4210,  15 ,  14 ,  0.0024 ,  0.1200 ,  0.0096 ,  50 ,  4 ,#N/A,#N/A,#N/A,#N/A,,NO,SI
,4211,  5 ,  2 ,  0.0029 ,  0.1463 ,  0.0117 ,  50 ,  4 ,#N/A,#N/A,#N/A,#N/A,,NO,SI
,4212,  28 ,#N/A,  0.0020 ,  0.0882 ,  0.0078 ,  45 ,  4 ,  4.63 ,  70.00 ,  110.00 ,  255.00 ,,NO,SI
,4213,  4 ,#N/A,#N/A,#N/A,#N/A,  45 ,  4 ,  5.04 ,#N/A,#N/A,#N/A,,NO,SI
,4214,  9 ,  2 ,  0.0029 ,  0.1316 ,  0.0117 ,  45 ,  4 ,#N/A,#N/A,#N/A,#N/A,,NO,SI
,4215,  27 ,  3 ,  0.0018 ,  0.0630 ,  0.0108 ,  35 ,  6 ,#N/A,#N/A,#N/A,#N/A,,NO,SI
,4216,  18 ,#N/A,  0.0020 ,  0.0686 ,  0.0078 ,  35 ,  4 ,  4.75 ,  70.00 ,  110.00 ,  255.00 ,,NO,SI
,4217,  13 ,  3 ,  0.0028 ,  0.0840 ,  0.0112 ,  30 ,  4 ,#N/A,#N/A,#N/A,#N/A,,NO,SI
,4218,  10 ,  2 ,  0.0024 ,  0.0600 ,  0.0096 ,  25 ,  4 ,#N/A,#N/A,#N/A,#N/A,,NO,SI
,4219,  10 ,#N/A,  0.0020 ,  0.0489 ,  0.0117 ,  25 ,  6 ,  5.00 ,  100.00 ,  115.00 ,  170.00 ,,NO,SI
,4220,  24 ,  3 ,  0.0028 ,  0.1960 ,  0.0112 ,  70 ,  4 ,#N/A,#N/A,#N/A,#N/A,,NO,SI
,4221,  25 ,  13 ,  0.0024 ,  0.1440 ,  0.0096 ,  60 ,  4 ,#N/A,#N/A,#N/A,#N/A,,NO,SI
,4222,  14 ,  6 ,  0.0028 ,  0.1658 ,  0.0111 ,  60 ,  4 ,#N/A,#N/A,#N/A,#N/A,,NO,SI
,4223,  40 ,  16 ,  0.0028 ,  0.1658 ,  0.0111 ,  60 ,  4 ,#N/A,#N/A,#N/A,#N/A,,NO,SI
,4224,  17 ,  8 ,  0.0029 ,  0.1463 ,  0.0117 ,  50 ,  4 ,#N/A,#N/A,#N/A,#N/A,,NO,SI
,4225,  34 ,  10 ,  0.0028 ,  0.1400 ,  0.0112 ,  50 ,  4 ,#N/A,#N/A,#N/A,#N/A,,NO,SI
,4226,  8 ,  2 ,  0.0028 ,  0.1400 ,  0.0112 ,  50 ,  4 ,#N/A,#N/A,#N/A,#N/A,,NO,SI
,4227,  32 ,  7 ,  0.0028 ,  0.1260 ,  0.0112 ,  45 ,  4 ,#N/A,#N/A,#N/A,#N/A,,NO,SI
,4228,  5 ,#N/A,  0.0020 ,  0.0882 ,  0.0078 ,  45 ,  4 ,  6.72 ,  70.00 ,  110.00 ,  255.00 ,,NO,SI
,4229,  42 ,  8 ,  0.0024 ,  0.0960 ,  0.0096 ,  40 ,  4 ,#N/A,#N/A,#N/A,#N/A,,NO,SI
,4230,  1 ,  1 ,  0.0028 ,  0.1519 ,  0.0111 ,  55 ,  4 ,#N/A,#N/A,#N/A,#N/A,,NO,SI
,4231,  4 ,#N/A,#N/A,#N/A,#N/A,  50 ,  4 ,  5.25 ,#N/A,#N/A,#N/A,,NO,SI
,4232,  1 ,#N/A,#N/A,#N/A,#N/A,  45 ,  4 ,  5.04 ,#N/A,#N/A,#N/A,,NO,SI
,4233,  7 ,  2 ,  0.0024 ,  0.0960 ,  0.0096 ,  40 ,  4 ,#N/A,#N/A,#N/A,#N/A,,NO,SI
,4234,  3 ,#N/A,#N/A,#N/A,#N/A,  40 ,  4 ,  5.13 ,#N/A,#N/A,#N/A,,NO,SI
,4235,  1 ,  2 ,  0.0024 ,  0.0840 ,  0.0096 ,  35 ,  4 ,#N/A,#N/A,#N/A,#N/A,,NO,SI
,4236,  16 ,#N/A,  0.0020 ,  0.0078 ,  0.0114 ,  4 ,  6 ,  70.00 ,  110.00 ,  255.00 ,#N/A,,NO,SI
,4237,  1 ,#N/A,#N/A,#N/A,#N/A,  4 ,  5 ,#N/A,#N/A,#N/A,#N/A,,NO,SI
,4238,  8 ,#N/A,  0.0020 ,  0.0078 ,  0.0100 ,  4 ,  5 ,  70.00 ,  110.00 ,  255.00 ,#N/A,,NO,SI
,4239,  3 ,#N/A,#N/A,#N/A,#N/A,  4 ,  5 ,#N/A,#N/A,#N/A,#N/A,,NO,SI
,4240,  8 ,  4 ,  0.0029 ,  0.0725 ,  0.0116 ,  25 ,  4 ,#N/A,#N/A,#N/A,#N/A,,NO,SI
,4241,  14 ,  2 ,  0.0029 ,  0.0725 ,  0.0116 ,  25 ,  4 ,#N/A,#N/A,#N/A,#N/A,,NO,SI
,4242,  11 ,  5 ,  0.0020 ,  0.0390 ,  0.0117 ,  20 ,  6 ,#N/A,#N/A,#N/A,#N/A,,NO,SI
,4243,  9 ,#N/A,#N/A,#N/A,#N/A,  20 ,  4 ,  5.20 ,#N/A,#N/A,#N/A,,NO,SI
,4244,  2 ,#N/A,#N/A,#N/A,#N/A,  18 ,  4 ,  5.04 ,#N/A,#N/A,#N/A,,NO,SI
,4245,  6 ,  2 ,  0.0029 ,  0.0435 ,  0.0116 ,  15 ,  4 ,#N/A,#N/A,#N/A,#N/A,,NO,SI
,4246,  2 ,  2 ,  0.0029 ,  0.0439 ,  0.0117 ,  15 ,  4 ,#N/A,#N/A,#N/A,#N/A,,NO,SI
,4247,  4 ,  1 ,  0.0024 ,  0.0960 ,  0.0096 ,  40 ,  4 ,#N/A,#N/A,#N/A,#N/A,,NO,SI
,4248,  4 ,  2 ,  0.0029 ,  0.0731 ,  0.0117 ,  25 ,  4 ,#N/A,#N/A,#N/A,#N/A,,NO,SI
,4249,  11 ,  3 ,  0.0029 ,  0.0731 ,  0.0117 ,  25 ,  4 ,#N/A,#N/A,#N/A,#N/A,,NO,SI
,4250,  12 ,  8 ,  0.0028 ,  0.0553 ,  0.0111 ,  20 ,  4 ,#N/A,#N/A,#N/A,#N/A,,NO,SI
,4251,  38 ,  13 ,  0.0024 ,  0.0480 ,  0.0096 ,  20 ,  4 ,#N/A,#N/A,#N/A,#N/A,,NO,SI
,4252,  7 ,#N/A,  0.0022 ,  0.0403 ,  0.0090 ,  18 ,  4 ,  5.67 ,  78.00 ,  120.00 ,  240.00 ,,NO,SI
,4254,  2 ,#N/A,#N/A,#N/A,#N/A,  15 ,  4 ,  4.75 ,#N/A,#N/A,#N/A,,NO,SI
,4255,  5 ,  4 ,  0.0029 ,  0.0439 ,  0.0117 ,  15 ,  4 ,#N/A,#N/A,#N/A,#N/A,,NO,SI
,4256,  7 ,  3 ,  0.0029 ,  0.0435 ,  0.0116 ,  15 ,  4 ,#N/A,#N/A,#N/A,#N/A,,NO,SI
,4257,  48 ,  13 ,  0.0029 ,  0.0348 ,  0.0116 ,  12 ,  4 ,#N/A,#N/A,#N/A,#N/A,,NO,SI
,4258,  14 ,  2 ,  0.0029 ,  0.0348 ,  0.0116 ,  12 ,  4 ,#N/A,#N/A,#N/A,#N/A,,NO,SI
,4259,  3 ,  12 ,  0.0029 ,  0.0263 ,  0.0117 ,  9 ,  4 ,#N/A,#N/A,#N/A,#N/A,,NO,SI
,4260,  2 ,#N/A,  0.0022 ,  0.0202 ,  0.0090 ,  9 ,  4 ,  5.30 ,  78.00 ,  120.00 ,  240.00 ,,NO,SI
,4261,  2 ,#N/A,  0.0022 ,  0.0179 ,  0.0090 ,  8 ,  4 ,  5.01 ,  78.00 ,  120.00 ,  240.00 ,,NO,SI
,4262,  18 ,  1 ,  0.0029 ,  0.0234 ,  0.0117 ,  8 ,  4 ,#N/A,#N/A,#N/A,#N/A,,NO,SI
,4263,  20 ,  4 ,  0.0020 ,  0.3315 ,  0.0117 ,  170 ,  6 ,#N/A,#N/A,#N/A,#N/A,,NO,SI
,4264,  24 ,  6 ,  0.0020 ,  0.3000 ,  0.0120 ,  150 ,  6 ,#N/A,#N/A,#N/A,#N/A,,NO,SI
,4265,  100 ,  15 ,  0.0029 ,  0.4095 ,  0.0117 ,  140 ,  4 ,#N/A,#N/A,#N/A,#N/A,,NO,SI
,4266,  28 ,  6 ,  0.0020 ,  0.2400 ,  0.0120 ,  120 ,  6 ,#N/A,#N/A,#N/A,#N/A,,NO,SI
,4267,  53 ,  11 ,  0.0029 ,  0.3510 ,  0.0117 ,  120 ,  4 ,#N/A,#N/A,#N/A,#N/A,,NO,SI
,4268,  24 ,  3 ,  0.0029 ,  0.3480 ,  0.0116 ,  120 ,  4 ,#N/A,#N/A,#N/A,#N/A,,NO,SI
,4269,  32 ,  6 ,  0.0029 ,  0.4388 ,  0.0117 ,  150 ,  4 ,#N/A,#N/A,#N/A,#N/A,,NO,SI
,4270,  13 ,  3 ,  0.0029 ,  0.2900 ,  0.0116 ,  100 ,  4 ,#N/A,#N/A,#N/A,#N/A,,NO,SI
,4271,  39 ,  6 ,  0.0029 ,  0.2925 ,  0.0117 ,  100 ,  4 ,#N/A,#N/A,#N/A,#N/A,,NO,SI
,4272,  8 ,  3 ,  0.0029 ,  0.2900 ,  0.0116 ,  100 ,  4 ,#N/A,#N/A,#N/A,#N/A,,NO,SI
,4273,  29 ,  5 ,  0.0029 ,  0.2925 ,  0.0117 ,  100 ,  4 ,#N/A,#N/A,#N/A,#N/A,,NO,SI
,4274,  10 ,  3 ,  0.0029 ,  0.2194 ,  0.0117 ,  75 ,  4 ,#N/A,#N/A,#N/A,#N/A,,NO,SI
,4275,  23 ,  4 ,  0.0029 ,  0.2030 ,  0.0116 ,  70 ,  4 ,#N/A,#N/A,#N/A,#N/A,,NO,SI
,4276,  23 ,  5 ,  0.0029 ,  0.1901 ,  0.0117 ,  65 ,  4 ,#N/A,#N/A,#N/A,#N/A,,NO,SI
,4277,  15 ,  4 ,  0.0029 ,  0.1755 ,  0.0117 ,  60 ,  4 ,#N/A,#N/A,#N/A,#N/A,,NO,SI
,4278,  9 ,  3 ,  0.0029 ,  0.1463 ,  0.0117 ,  50 ,  4 ,#N/A,#N/A,#N/A,#N/A,,NO,SI
,4279,  9 ,  3 ,  0.0029 ,  0.2048 ,  0.0117 ,  70 ,  4 ,#N/A,#N/A,#N/A,#N/A,,NO,SI
,4280,  6 ,  4 ,  0.0029 ,  0.1755 ,  0.0117 ,  60 ,  4 ,#N/A,#N/A,#N/A,#N/A,,NO,SI
,4281,  13 ,  4 ,  0.0029 ,  0.1450 ,  0.0116 ,  50 ,  4 ,#N/A,#N/A,#N/A,#N/A,,NO,SI
,4282,  11 ,  3 ,  0.0029 ,  0.1450 ,  0.0116 ,  50 ,  4 ,#N/A,#N/A,#N/A,#N/A,,NO,SI
,4283,  16 ,  4 ,  0.0020 ,  0.2340 ,  0.0117 ,  120 ,  6 ,#N/A,#N/A,#N/A,#N/A,,NO,SI
,4284,  11 ,  3 ,  0.0020 ,  0.2145 ,  0.0117 ,  110 ,  6 ,#N/A,#N/A,#N/A,#N/A,,NO,SI
,4285,  33 ,  5 ,  0.0020 ,  0.1950 ,  0.0117 ,  100 ,  6 ,#N/A,#N/A,#N/A,#N/A,,NO,SI
,4286,  27 ,  5 ,  0.0062 ,  0.6200 ,  0.0248 ,  100 ,  4 ,#N/A,#N/A,#N/A,#N/A,,NO,SI
,4287,  46 ,  8 ,  0.0029 ,  0.3480 ,  0.0116 ,  120 ,  4 ,#N/A,#N/A,#N/A,#N/A,,NO,SI
,4288,  34 ,  3 ,  0.0029 ,  0.2320 ,  0.0116 ,  80 ,  4 ,#N/A,#N/A,#N/A,#N/A,,NO,SI
,4289,  43 ,  11 ,  0.0029 ,  0.2194 ,  0.0117 ,  75 ,  4 ,#N/A,#N/A,#N/A,#N/A,,NO,SI
,4290,  5 ,  3 ,  0.0029 ,  0.2048 ,  0.0117 ,  70 ,  4 ,#N/A,#N/A,#N/A,#N/A,,NO,SI
,4291,  39 ,  6 ,  0.0029 ,  0.1901 ,  0.0117 ,  65 ,  4 ,#N/A,#N/A,#N/A,#N/A,,NO,SI
,4292,  7 ,  3 ,  0.0029 ,  0.1740 ,  0.0116 ,  60 ,  4 ,#N/A,#N/A,#N/A,#N/A,,NO,SI
,4293,  28 ,  5 ,  0.0029 ,  0.1463 ,  0.0117 ,  50 ,  4 ,#N/A,#N/A,#N/A,#N/A,,NO,SI
,4294,  7 ,  4 ,  0.0029 ,  0.1463 ,  0.0117 ,  50 ,  4 ,#N/A,#N/A,#N/A,#N/A,,NO,SI
,4295,  45 ,  6 ,  0.0029 ,  0.1450 ,  0.0116 ,  50 ,  4 ,#N/A,#N/A,#N/A,#N/A,,NO,SI
,4296,  20 ,  4 ,  0.0029 ,  0.1463 ,  0.0117 ,  50 ,  4 ,#N/A,#N/A,#N/A,#N/A,,NO,SI
,4297,  33 ,  4 ,  0.0029 ,  0.1450 ,  0.0116 ,  50 ,  4 ,#N/A,#N/A,#N/A,#N/A,,NO,SI
,4298,  22 ,  3 ,  0.0029 ,  0.1170 ,  0.0117 ,  40 ,  4 ,#N/A,#N/A,#N/A,#N/A,,NO,SI
,4299,  19 ,  5 ,  0.0029 ,  0.1024 ,  0.0117 ,  35 ,  4 ,#N/A,#N/A,#N/A,#N/A,,NO,SI
,4300,  9 ,  3 ,  0.0029 ,  0.1160 ,  0.0116 ,  40 ,  4 ,#N/A,#N/A,#N/A,#N/A,,NO,SI
,4301,  13 ,  3 ,  0.0030 ,  0.1050 ,  0.0120 ,  35 ,  4 ,#N/A,#N/A,#N/A,#N/A,,NO,SI
,4302,  16 ,  3 ,  0.0029 ,  0.1015 ,  0.0116 ,  35 ,  4 ,#N/A,#N/A,#N/A,#N/A,,NO,SI
,4303,  8 ,  2 ,  0.0020 ,  0.1700 ,  0.0120 ,  85 ,  6 ,#N/A,#N/A,#N/A,#N/A,,NO,SI
,4304,  15 ,  4 ,  0.0020 ,  0.1463 ,  0.0117 ,  75 ,  6 ,#N/A,#N/A,#N/A,#N/A,,NO,SI
,4305,  19 ,  4 ,  0.0020 ,  0.1365 ,  0.0117 ,  70 ,  6 ,#N/A,#N/A,#N/A,#N/A,,NO,SI
,4306,  14 ,  2 ,  0.0020 ,  0.1170 ,  0.0117 ,  60 ,  6 ,#N/A,#N/A,#N/A,#N/A,,NO,SI
,4307,  29 ,  5 ,  0.0020 ,  0.1000 ,  0.0120 ,  50 ,  6 ,#N/A,#N/A,#N/A,#N/A,,NO,SI
,4308,  22 ,  3 ,  0.0020 ,  0.1000 ,  0.0120 ,  50 ,  6 ,#N/A,#N/A,#N/A,#N/A,,NO,SI
,4309,  87 ,  6 ,  0.0020 ,  0.0975 ,  0.0117 ,  50 ,  6 ,#N/A,#N/A,#N/A,#N/A,,NO,SI
,4310,  11 ,  3 ,  0.0029 ,  0.1450 ,  0.0116 ,  50 ,  4 ,#N/A,#N/A,#N/A,#N/A,,NO,SI
,4311,  24 ,  4 ,  0.0029 ,  0.1463 ,  0.0117 ,  50 ,  4 ,#N/A,#N/A,#N/A,#N/A,,NO,SI
,4312,  8 ,  3 ,  0.0029 ,  0.1160 ,  0.0116 ,  40 ,  4 ,#N/A,#N/A,#N/A,#N/A,,NO,SI
,4313,  20 ,  3 ,  0.0029 ,  0.1170 ,  0.0117 ,  40 ,  4 ,#N/A,#N/A,#N/A,#N/A,,NO,SI
,4314,  9 ,  2 ,  0.0029 ,  0.1450 ,  0.0116 ,  50 ,  4 ,#N/A,#N/A,#N/A,#N/A,,NO,SI
,4315,  30 ,  5 ,  0.0029 ,  0.1024 ,  0.0117 ,  35 ,  4 ,#N/A,#N/A,#N/A,#N/A,,NO,SI
,4316,  21 ,  3 ,  0.0029 ,  0.1015 ,  0.0116 ,  35 ,  4 ,#N/A,#N/A,#N/A,#N/A,,NO,SI
,4317,  22 ,  3 ,  0.0029 ,  0.0878 ,  0.0117 ,  30 ,  4 ,#N/A,#N/A,#N/A,#N/A,,NO,SI
,4318,  13 ,  3 ,  0.0029 ,  0.0878 ,  0.0117 ,  30 ,  4 ,#N/A,#N/A,#N/A,#N/A,,NO,SI
,4319,  17 ,  3 ,  0.0029 ,  0.0731 ,  0.0117 ,  25 ,  4 ,#N/A,#N/A,#N/A,#N/A,,NO,SI
,4320,  6 ,  2 ,  0.0029 ,  0.0725 ,  0.0116 ,  25 ,  4 ,#N/A,#N/A,#N/A,#N/A,,NO,SI
,4321,  8 ,  2 ,  0.0029 ,  0.0725 ,  0.0116 ,  25 ,  4 ,#N/A,#N/A,#N/A,#N/A,,NO,SI
,4322,  13 ,  3 ,  0.0029 ,  0.0585 ,  0.0117 ,  20 ,  4 ,#N/A,#N/A,#N/A,#N/A,,NO,SI
,4323,  9 ,  1 ,  0.0020 ,  0.1000 ,  0.0120 ,  50 ,  6 ,#N/A,#N/A,#N/A,#N/A,,NO,SI
,4324,  11 ,  3 ,  0.0020 ,  0.0975 ,  0.0117 ,  50 ,  6 ,#N/A,#N/A,#N/A,#N/A,,NO,SI
,4325,  6 ,  2 ,  0.0029 ,  0.1450 ,  0.0116 ,  50 ,  4 ,#N/A,#N/A,#N/A,#N/A,,NO,SI
,4326,  21 ,  4 ,  0.0029 ,  0.1450 ,  0.0116 ,  50 ,  4 ,#N/A,#N/A,#N/A,#N/A,,NO,SI
,4327,  7 ,  3 ,  0.0029 ,  0.1170 ,  0.0117 ,  40 ,  4 ,#N/A,#N/A,#N/A,#N/A,,NO,SI
,4328,  29 ,  4 ,  0.0029 ,  0.1160 ,  0.0116 ,  40 ,  4 ,#N/A,#N/A,#N/A,#N/A,,NO,SI
,4329,  5 ,  2 ,  0.0029 ,  0.1015 ,  0.0116 ,  35 ,  4 ,#N/A,#N/A,#N/A,#N/A,,NO,SI
,4330,  19 ,  4 ,  0.0029 ,  0.1024 ,  0.0117 ,  35 ,  4 ,#N/A,#N/A,#N/A,#N/A,,NO,SI
,4331,  2 ,  1 ,  0.0029 ,  0.0870 ,  0.0116 ,  30 ,  4 ,#N/A,#N/A,#N/A,#N/A,,NO,SI
,4332,  16 ,  3 ,  0.0029 ,  0.0878 ,  0.0117 ,  30 ,  4 ,#N/A,#N/A,#N/A,#N/A,,NO,SI
,4333,  4 ,  2 ,  0.0029 ,  0.0870 ,  0.0116 ,  30 ,  4 ,#N/A,#N/A,#N/A,#N/A,,NO,SI
,4334,  8 ,  2 ,  0.0029 ,  0.0731 ,  0.0117 ,  25 ,  4 ,#N/A,#N/A,#N/A,#N/A,,NO,SI
,4335,  13 ,  3 ,  0.0029 ,  0.0731 ,  0.0117 ,  25 ,  4 ,#N/A,#N/A,#N/A,#N/A,,NO,SI
,4336,  15 ,  3 ,  0.0029 ,  0.0725 ,  0.0116 ,  25 ,  4 ,#N/A,#N/A,#N/A,#N/A,,NO,SI
,4337,  13 ,  2 ,  0.0029 ,  0.0580 ,  0.0116 ,  20 ,  4 ,#N/A,#N/A,#N/A,#N/A,,NO,SI
,4338,  18 ,  3 ,  0.0029 ,  0.0580 ,  0.0116 ,  20 ,  4 ,#N/A,#N/A,#N/A,#N/A,,NO,SI
,4339,  21 ,  4 ,  0.0029 ,  0.0585 ,  0.0117 ,  20 ,  4 ,#N/A,#N/A,#N/A,#N/A,,NO,SI
,4340,  10 ,  3 ,  0.0029 ,  0.0439 ,  0.0117 ,  15 ,  4 ,#N/A,#N/A,#N/A,#N/A,,NO,SI
,4341,  18 ,  3 ,  0.0029 ,  0.0435 ,  0.0116 ,  15 ,  4 ,#N/A,#N/A,#N/A,#N/A,,NO,SI
,4342,  2 ,  2 ,  0.0020 ,  0.0800 ,  0.0120 ,  40 ,  6 ,#N/A,#N/A,#N/A,#N/A,,NO,SI
,4343,  8 ,  2 ,  0.0020 ,  0.0700 ,  0.0120 ,  35 ,  6 ,#N/A,#N/A,#N/A,#N/A,,NO,SI
,4344,  2 ,  1 ,  0.0020 ,  0.0700 ,  0.0120 ,  35 ,  6 ,#N/A,#N/A,#N/A,#N/A,,NO,SI
,4345,  15 ,  3 ,  0.0020 ,  0.0600 ,  0.0120 ,  30 ,  6 ,#N/A,#N/A,#N/A,#N/A,,NO,SI
,4346,  3 ,  1 ,  0.0020 ,  0.0600 ,  0.0120 ,  30 ,  6 ,#N/A,#N/A,#N/A,#N/A,,NO,SI
,4347,  13 ,  2 ,  0.0029 ,  0.0878 ,  0.0117 ,  30 ,  4 ,#N/A,#N/A,#N/A,#N/A,,NO,SI
,4348,  2 ,  1 ,  0.0029 ,  0.0725 ,  0.0116 ,  25 ,  4 ,#N/A,#N/A,#N/A,#N/A,,NO,SI
,4349,  28 ,  4 ,  0.0029 ,  0.0725 ,  0.0116 ,  25 ,  4 ,#N/A,#N/A,#N/A,#N/A,,NO,SI
,4350,  3 ,  1 ,  0.0029 ,  0.0725 ,  0.0116 ,  25 ,  4 ,#N/A,#N/A,#N/A,#N/A,,NO,SI
,4351,  12 ,  3 ,  0.0029 ,  0.0731 ,  0.0117 ,  25 ,  4 ,#N/A,#N/A,#N/A,#N/A,,NO,SI
,4353,  27 ,  3 ,  0.0029 ,  0.0580 ,  0.0116 ,  20 ,  4 ,#N/A,#N/A,#N/A,#N/A,,NO,SI
,4354,  16 ,  2 ,  0.0029 ,  0.0580 ,  0.0116 ,  20 ,  4 ,#N/A,#N/A,#N/A,#N/A,,NO,SI
,4355,  14 ,  2 ,  0.0029 ,  0.0435 ,  0.0116 ,  15 ,  4 ,#N/A,#N/A,#N/A,#N/A,,NO,SI
,4356,  4 ,  2 ,  0.0029 ,  0.0435 ,  0.0116 ,  15 ,  4 ,#N/A,#N/A,#N/A,#N/A,,NO,SI
,4357,  10 ,  2 ,  0.0029 ,  0.0435 ,  0.0116 ,  15 ,  4 ,#N/A,#N/A,#N/A,#N/A,,NO,SI
,4358,  7 ,  2 ,  0.0029 ,  0.0435 ,  0.0116 ,  15 ,  4 ,#N/A,#N/A,#N/A,#N/A,,NO,SI
,4359,  2 ,  2 ,  0.0029 ,  0.0435 ,  0.0116 ,  15 ,  4 ,#N/A,#N/A,#N/A,#N/A,,NO,SI
,4360,  6 ,  2 ,  0.0029 ,  0.0435 ,  0.0116 ,  15 ,  4 ,#N/A,#N/A,#N/A,#N/A,,NO,SI
,4361,  6 ,  1 ,  0.0020 ,  0.0600 ,  0.0120 ,  30 ,  6 ,#N/A,#N/A,#N/A,#N/A,,NO,SI
,4362,  3 ,  1 ,  0.0020 ,  0.0500 ,  0.0120 ,  25 ,  6 ,#N/A,#N/A,#N/A,#N/A,,NO,SI
,4363,  15 ,  3 ,  0.0020 ,  0.0500 ,  0.0120 ,  25 ,  6 ,#N/A,#N/A,#N/A,#N/A,,NO,SI
,4364,  1 ,  2 ,  0.0020 ,  0.0500 ,  0.0120 ,  25 ,  6 ,#N/A,#N/A,#N/A,#N/A,,NO,SI
,4365,  16 ,  2 ,  0.0020 ,  0.0400 ,  0.0120 ,  20 ,  6 ,#N/A,#N/A,#N/A,#N/A,,NO,SI
,4366,  2 ,  1 ,  0.0020 ,  0.0400 ,  0.0120 ,  20 ,  6 ,#N/A,#N/A,#N/A,#N/A,,NO,SI
,4367,  5 ,  2 ,  0.0029 ,  0.0585 ,  0.0117 ,  20 ,  4 ,#N/A,#N/A,#N/A,#N/A,,NO,SI
,4369,  14 ,  2 ,  0.0029 ,  0.0580 ,  0.0116 ,  20 ,  4 ,#N/A,#N/A,#N/A,#N/A,,NO,SI
,4371,  16 ,  6 ,  0.0029 ,  0.0439 ,  0.0117 ,  15 ,  4 ,#N/A,#N/A,#N/A,#N/A,,NO,SI
,4372,  4 ,  1 ,  0.0029 ,  0.0435 ,  0.0116 ,  15 ,  4 ,#N/A,#N/A,#N/A,#N/A,,NO,SI
,4373,  16 ,  4 ,  0.0029 ,  0.0435 ,  0.0116 ,  15 ,  4 ,#N/A,#N/A,#N/A,#N/A,,NO,SI
,4374,  3 ,  1 ,  0.0029 ,  0.0435 ,  0.0116 ,  15 ,  4 ,#N/A,#N/A,#N/A,#N/A,,NO,SI
,4375,  9 ,  2 ,  0.0029 ,  0.0290 ,  0.0116 ,  10 ,  4 ,#N/A,#N/A,#N/A,#N/A,,NO,SI
,4376,  3 ,  1 ,  0.0029 ,  0.0290 ,  0.0116 ,  10 ,  4 ,#N/A,#N/A,#N/A,#N/A,,NO,SI
,4377,  6 ,  1 ,  0.0029 ,  0.0290 ,  0.0116 ,  10 ,  4 ,#N/A,#N/A,#N/A,#N/A,,NO,SI
,4378,  9 ,  2 ,  0.0029 ,  0.0290 ,  0.0116 ,  10 ,  4 ,#N/A,#N/A,#N/A,#N/A,,NO,SI
,4379,  7 ,  2 ,  0.0029 ,  0.0290 ,  0.0116 ,  10 ,  4 ,#N/A,#N/A,#N/A,#N/A,,NO,SI
,4380,  23 ,#N/A,  0.0016 ,  0.0326 ,  0.0131 ,  20 ,  8 ,#N/A,  80.00 ,  120.00 ,  170.00 ,,NO,SI
,4381,  231 ,  50 ,  0.0015 ,  0.7500 ,  0.0120 ,  500 ,  8 ,#N/A,#N/A,#N/A,#N/A,,NO,SI
,4382,  36 ,  9 ,  0.0016 ,  0.8000 ,  0.0096 ,  500 ,  6 ,#N/A,#N/A,#N/A,#N/A,,NO,SI
,4383,  195 ,  33 ,  0.0015 ,  0.7535 ,  0.0121 ,  500 ,  8 ,#N/A,#N/A,#N/A,#N/A,,NO,SI
,4384,  49 ,  7 ,  0.0010 ,  0.2000 ,  0.0120 ,  200 ,  12 ,#N/A,#N/A,#N/A,#N/A,,NO,SI
,4385,  559 ,  98 ,  0.0001 ,  0.0106 ,  0.0006 ,  200 ,  12 ,#N/A,#N/A,#N/A,#N/A,,NO,SI
,4386,  84 ,  30 ,  0.0010 ,  0.2009 ,  0.0121 ,  200 ,  12 ,#N/A,#N/A,#N/A,#N/A,,NO,SI
,4387,  156 ,  37 ,  0.0012 ,  0.2400 ,  0.0120 ,  200 ,  10 ,#N/A,#N/A,#N/A,#N/A,,NO,SI
,4388,  39 ,  5 ,  0.0024 ,  0.4722 ,  0.0236 ,  200 ,  10 ,#N/A,#N/A,#N/A,#N/A,,NO,SI
,4389,  106 ,  21 ,  0.0024 ,  0.8400 ,  0.0096 ,  350 ,  4 ,#N/A,#N/A,#N/A,#N/A,,NO,SI
,4390,  39 ,#N/A,  0.0020 ,  0.6272 ,  0.0078 ,  320 ,  4 ,  5.00 ,  70.00 ,  110.00 ,  255.00 ,,NO,SI
,4391,  143 ,  17 ,  0.0024 ,  0.6960 ,  0.0096 ,  290 ,  4 ,#N/A,#N/A,#N/A,#N/A,,NO,SI
,4392,  7 ,  3 ,  0.0024 ,  0.6480 ,  0.0096 ,  270 ,  4 ,#N/A,#N/A,#N/A,#N/A,,NO,SI
,4393,  107 ,  20 ,  0.0024 ,  0.6000 ,  0.0096 ,  250 ,  4 ,#N/A,#N/A,#N/A,#N/A,,NO,SI
,4394,  6 ,  4 ,  0.0024 ,  0.5520 ,  0.0096 ,  230 ,  4 ,#N/A,#N/A,#N/A,#N/A,,NO,SI
,4395,  67 ,  7 ,  0.0024 ,  0.5040 ,  0.0096 ,  210 ,  4 ,#N/A,#N/A,#N/A,#N/A,,NO,SI
,4396,  103 ,  15 ,  0.0024 ,  0.4320 ,  0.0096 ,  180 ,  4 ,#N/A,#N/A,#N/A,#N/A,,NO,SI
,4397,  52 ,  9 ,  0.0029 ,  0.4930 ,  0.0116 ,  170 ,  4 ,#N/A,#N/A,#N/A,#N/A,,NO,SI
,4398,  52 ,  12 ,  0.0024 ,  0.3600 ,  0.0096 ,  150 ,  4 ,#N/A,#N/A,#N/A,#N/A,,NO,SI
,4399,  32 ,  4 ,  0.0028 ,  1.5197 ,  0.0111 ,  550 ,  4 ,#N/A,#N/A,#N/A,#N/A,,NO,SI
,4400,  45 ,  12 ,  0.0028 ,  1.3815 ,  0.0111 ,  500 ,  4 ,#N/A,#N/A,#N/A,#N/A,,NO,SI
,4401,  312 ,  37 ,  0.0024 ,  1.0800 ,  0.0096 ,  450 ,  4 ,#N/A,#N/A,#N/A,#N/A,,NO,SI
,4402,  22 ,  3 ,  0.0024 ,  1.0231 ,  0.0095 ,  430 ,  4 ,#N/A,#N/A,#N/A,#N/A,,NO,SI
,4403,  442 ,  51 ,  0.0028 ,  1.1052 ,  0.0111 ,  400 ,  4 ,#N/A,#N/A,#N/A,#N/A,,NO,SI
,4404,  98 ,  22 ,  0.0024 ,  0.7852 ,  0.0095 ,  330 ,  4 ,#N/A,#N/A,#N/A,#N/A,,NO,SI
,4405,  485 ,  38 ,  0.0028 ,  0.7736 ,  0.0111 ,  280 ,  4 ,#N/A,#N/A,#N/A,#N/A,,NO,SI
,4406,  40 ,  7 ,  0.0028 ,  0.6906 ,  0.0111 ,  250 ,  4 ,#N/A,#N/A,#N/A,#N/A,,NO,SI
,4407,  534 ,  43 ,  0.0024 ,  0.5280 ,  0.0096 ,  220 ,  4 ,#N/A,#N/A,#N/A,#N/A,,NO,SI
,4408,  25 ,  5 ,  0.0024 ,  0.4759 ,  0.0095 ,  200 ,  4 ,#N/A,#N/A,#N/A,#N/A,,NO,SI
,4409,  150 ,  32 ,  0.0028 ,  0.4973 ,  0.0111 ,  180 ,  4 ,#N/A,#N/A,#N/A,#N/A,,NO,SI
,4410,  24 ,  6 ,  0.0028 ,  0.4696 ,  0.0111 ,  170 ,  4 ,#N/A,#N/A,#N/A,#N/A,,NO,SI
,4411,  168 ,  25 ,  0.0024 ,  0.3600 ,  0.0096 ,  150 ,  4 ,#N/A,#N/A,#N/A,#N/A,,NO,SI
,4412,  45 ,#N/A,  0.0020 ,  0.2748 ,  0.0079 ,  140 ,  4 ,  4.80 ,  70.00 ,  110.00 ,  255.00 ,,NO,SI
,4413,  90 ,  8 ,  0.0028 ,  0.3868 ,  0.0111 ,  140 ,  4 ,#N/A,#N/A,#N/A,#N/A,,NO,SI
,4414,  128 ,  27 ,  0.0028 ,  0.3316 ,  0.0111 ,  120 ,  4 ,#N/A,#N/A,#N/A,#N/A,,NO,SI
,4415,  74 ,  14 ,  0.0029 ,  0.3190 ,  0.0116 ,  110 ,  4 ,#N/A,#N/A,#N/A,#N/A,,NO,SI
,4416,  100 ,  18 ,  0.0029 ,  0.2900 ,  0.0116 ,  100 ,  4 ,#N/A,#N/A,#N/A,#N/A,,NO,SI
,4417,  20 ,  4 ,  0.0029 ,  0.2633 ,  0.0117 ,  90 ,  4 ,#N/A,#N/A,#N/A,#N/A,,NO,SI
,4418,  48 ,  10 ,  0.0029 ,  0.2320 ,  0.0116 ,  80 ,  4 ,#N/A,#N/A,#N/A,#N/A,,NO,SI
,4419,  53 ,  12 ,  0.0024 ,  0.7375 ,  0.0095 ,  310 ,  4 ,#N/A,#N/A,#N/A,#N/A,,NO,SI
,4420,  21 ,#N/A,  0.0020 ,  0.5684 ,  0.0078 ,  290 ,  4 ,  4.91 ,  70.00 ,  110.00 ,  255.00 ,,NO,SI
,4421,  821 ,  125 ,  0.0024 ,  0.6240 ,  0.0096 ,  260 ,  4 ,#N/A,#N/A,#N/A,#N/A,,NO,SI
,4422,  97 ,  17 ,  0.0024 ,  0.5520 ,  0.0096 ,  230 ,  4 ,#N/A,#N/A,#N/A,#N/A,,NO,SI
,4423,  229 ,  33 ,  0.0024 ,  0.4759 ,  0.0095 ,  200 ,  4 ,#N/A,#N/A,#N/A,#N/A,,NO,SI
,4424,  33 ,  7 ,  0.0024 ,  0.4045 ,  0.0095 ,  170 ,  4 ,#N/A,#N/A,#N/A,#N/A,,NO,SI
,4425,  144 ,  27 ,  0.0024 ,  0.3569 ,  0.0095 ,  150 ,  4 ,#N/A,#N/A,#N/A,#N/A,,NO,SI
,4426,  15 ,  4 ,  0.0024 ,  0.3331 ,  0.0095 ,  140 ,  4 ,#N/A,#N/A,#N/A,#N/A,,NO,SI
,4427,  122 ,  19 ,  0.0024 ,  0.3120 ,  0.0096 ,  130 ,  4 ,#N/A,#N/A,#N/A,#N/A,,NO,SI
,4428,  12 ,#N/A,  0.0020 ,  0.2352 ,  0.0078 ,  120 ,  4 ,  5.00 ,  70.00 ,  110.00 ,  255.00 ,,NO,SI
,4429,  123 ,  19 ,  0.0024 ,  0.2617 ,  0.0095 ,  110 ,  4 ,#N/A,#N/A,#N/A,#N/A,,NO,SI
,4430,  23 ,#N/A,  0.0020 ,  0.1960 ,  0.0078 ,  100 ,  4 ,  5.10 ,  70.00 ,  110.00 ,  255.00 ,,NO,SI
,4431,  82 ,  15 ,  0.0028 ,  0.2487 ,  0.0111 ,  90 ,  4 ,#N/A,#N/A,#N/A,#N/A,,NO,SI
,4432,  93 ,  18 ,  0.0024 ,  0.1920 ,  0.0096 ,  80 ,  4 ,#N/A,#N/A,#N/A,#N/A,,NO,SI
,4433,  73 ,  10 ,  0.0024 ,  0.1800 ,  0.0096 ,  75 ,  4 ,#N/A,#N/A,#N/A,#N/A,,NO,SI
,4434,  55 ,  11 ,  0.0024 ,  0.1680 ,  0.0096 ,  70 ,  4 ,#N/A,#N/A,#N/A,#N/A,,NO,SI
,4435,  7 ,  3 ,  0.0024 ,  0.1440 ,  0.0096 ,  60 ,  4 ,#N/A,#N/A,#N/A,#N/A,,NO,SI
,4436,  36 ,  8 ,  0.0024 ,  0.1440 ,  0.0096 ,  60 ,  4 ,#N/A,#N/A,#N/A,#N/A,,NO,SI
,4437,  2 ,#N/A,  0.0020 ,  0.0882 ,  0.0078 ,  45 ,  4 ,  4.87 ,  70.00 ,  110.00 ,  255.00 ,,NO,SI
,4438,  5 ,#N/A,  0.0020 ,  0.4312 ,  0.0078 ,  220 ,  4 ,  5.00 ,  70.00 ,  110.00 ,  255.00 ,,NO,SI
,4439,  2 ,  2 ,  0.0024 ,  0.4800 ,  0.0096 ,  200 ,  4 ,#N/A,#N/A,#N/A,#N/A,,NO,SI
,4440,  52 ,  9 ,  0.0024 ,  0.4560 ,  0.0096 ,  190 ,  4 ,#N/A,#N/A,#N/A,#N/A,,NO,SI
,4441,  21 ,  6 ,  0.0028 ,  0.4421 ,  0.0111 ,  160 ,  4 ,#N/A,#N/A,#N/A,#N/A,,NO,SI
,4442,  35 ,  11 ,  0.0028 ,  0.4200 ,  0.0112 ,  150 ,  4 ,#N/A,#N/A,#N/A,#N/A,,NO,SI
,4443,  8 ,  4 ,  0.0028 ,  0.3592 ,  0.0111 ,  130 ,  4 ,#N/A,#N/A,#N/A,#N/A,,NO,SI
,4444,  47 ,  11 ,  0.0024 ,  0.2640 ,  0.0096 ,  110 ,  4 ,#N/A,#N/A,#N/A,#N/A,,NO,SI
,4445,  2 ,#N/A,#N/A,#N/A,#N/A,  100 ,  4 ,  5.00 ,#N/A,#N/A,#N/A,,NO,SI
,4446,  19 ,#N/A,  0.0020 ,  0.1764 ,  0.0078 ,  90 ,  4 ,  4.75 ,  70.00 ,  110.00 ,  255.00 ,,NO,SI
,4447,  9 ,#N/A,#N/A,#N/A,#N/A,  90 ,  4 ,  5.15 ,#N/A,#N/A,#N/A,,NO,SI
,4448,  35 ,  5 ,  0.0024 ,  0.1920 ,  0.0096 ,  80 ,  4 ,#N/A,#N/A,#N/A,#N/A,,NO,SI
,4449,  5 ,  8 ,  0.0024 ,  0.1680 ,  0.0096 ,  70 ,  4 ,#N/A,#N/A,#N/A,#N/A,,NO,SI
,4450,  15 ,  4 ,  0.0024 ,  0.1680 ,  0.0096 ,  70 ,  4 ,#N/A,#N/A,#N/A,#N/A,,NO,SI
,4451,  28 ,  7 ,  0.0024 ,  0.1440 ,  0.0096 ,  60 ,  4 ,#N/A,#N/A,#N/A,#N/A,,NO,SI
,4452,  14 ,  3 ,  0.0024 ,  0.1320 ,  0.0096 ,  55 ,  4 ,#N/A,#N/A,#N/A,#N/A,,NO,SI
,4453,  26 ,  2 ,  0.0024 ,  0.1200 ,  0.0096 ,  50 ,  4 ,#N/A,#N/A,#N/A,#N/A,,NO,SI
,4454,  8 ,  2 ,  0.0028 ,  0.1120 ,  0.0112 ,  40 ,  4 ,#N/A,#N/A,#N/A,#N/A,,NO,SI
,4455,  14 ,#N/A,#N/A,#N/A,#N/A,  130 ,  4 ,  4.77 ,#N/A,#N/A,#N/A,,NO,SI
,4456,  2 ,  20 ,  0.0028 ,  0.3316 ,  0.0111 ,  120 ,  4 ,#N/A,#N/A,#N/A,#N/A,,NO,SI
,4457,  36 ,  8 ,  0.0024 ,  0.2880 ,  0.0096 ,  120 ,  4 ,#N/A,#N/A,#N/A,#N/A,,NO,SI
,4458,  27 ,  8 ,  0.0024 ,  0.2379 ,  0.0095 ,  100 ,  4 ,#N/A,#N/A,#N/A,#N/A,,NO,SI
,4459,  55 ,  10 ,  0.0024 ,  0.2160 ,  0.0096 ,  90 ,  4 ,#N/A,#N/A,#N/A,#N/A,,NO,SI
,4460,  11 ,  3 ,  0.0024 ,  0.1920 ,  0.0096 ,  80 ,  4 ,#N/A,#N/A,#N/A,#N/A,,NO,SI
,4461,  59 ,  12 ,  0.0028 ,  0.2072 ,  0.0111 ,  75 ,  4 ,#N/A,#N/A,#N/A,#N/A,,NO,SI
,4462,  8 ,  3 ,  0.0028 ,  0.1934 ,  0.0111 ,  70 ,  4 ,#N/A,#N/A,#N/A,#N/A,,NO,SI
,4463,  12 ,  5 ,  0.0024 ,  0.1440 ,  0.0096 ,  60 ,  4 ,#N/A,#N/A,#N/A,#N/A,,NO,SI
,4464,  5 ,#N/A,#N/A,#N/A,#N/A,  60 ,  4 ,  5.03 ,#N/A,#N/A,#N/A,,NO,SI
,4465,  41 ,#N/A,  0.0020 ,  0.1078 ,  0.0078 ,  55 ,  4 ,  5.00 ,  70.00 ,  110.00 ,  255.00 ,,NO,SI
,4466,  5 ,#N/A,#N/A,#N/A,#N/A,  50 ,  4 ,  4.82 ,#N/A,#N/A,#N/A,,NO,SI
,4467,  7 ,#N/A,  0.0020 ,  0.0980 ,  0.0078 ,  50 ,  4 ,  4.95 ,  70.00 ,  110.00 ,  255.00 ,,NO,SI
,4468,  28 ,  6 ,  0.0024 ,  0.0960 ,  0.0096 ,  40 ,  4 ,#N/A,#N/A,#N/A,#N/A,,NO,SI
,4469,  6 ,  4 ,  0.0024 ,  0.0960 ,  0.0096 ,  40 ,  4 ,#N/A,#N/A,#N/A,#N/A,,NO,SI
,4470,  12 ,  5 ,  0.0024 ,  0.0840 ,  0.0096 ,  35 ,  4 ,#N/A,#N/A,#N/A,#N/A,,NO,SI
,4471,  4 ,  3 ,  0.0024 ,  0.0840 ,  0.0096 ,  35 ,  4 ,#N/A,#N/A,#N/A,#N/A,,NO,SI
,4472,  14 ,  2 ,  0.0024 ,  0.0720 ,  0.0096 ,  30 ,  4 ,#N/A,#N/A,#N/A,#N/A,,NO,SI
,4473,  205 ,  82 ,  0.0028 ,  0.1680 ,  0.0112 ,  60 ,  4 ,#N/A,#N/A,#N/A,#N/A,,NO,SI
,4474,  21 ,  5 ,  0.0024 ,  0.1320 ,  0.0096 ,  55 ,  4 ,#N/A,#N/A,#N/A,#N/A,,NO,SI
,4475,  61 ,  18 ,  0.0028 ,  0.1400 ,  0.0112 ,  50 ,  4 ,#N/A,#N/A,#N/A,#N/A,,NO,SI
,4476,  15 ,  4 ,  0.0024 ,  0.1071 ,  0.0095 ,  45 ,  4 ,#N/A,#N/A,#N/A,#N/A,,NO,SI
,4477,  69 ,  18 ,  0.0024 ,  0.0952 ,  0.0095 ,  40 ,  4 ,#N/A,#N/A,#N/A,#N/A,,NO,SI
,4478,  8 ,#N/A,  0.0020 ,  0.0784 ,  0.0078 ,  40 ,  4 ,  5.08 ,  70.00 ,  110.00 ,  255.00 ,,NO,SI
,4479,  87 ,  26 ,  0.0028 ,  0.0980 ,  0.0112 ,  35 ,  4 ,#N/A,#N/A,#N/A,#N/A,,NO,SI
,4480,  30 ,#N/A,  0.0020 ,  0.0686 ,  0.0078 ,  35 ,  4 ,  5.49 ,  70.00 ,  110.00 ,  255.00 ,,NO,SI
,4481,  31 ,  9 ,  0.0028 ,  0.0829 ,  0.0111 ,  30 ,  4 ,#N/A,#N/A,#N/A,#N/A,,NO,SI
,4482,  307 ,  41 ,  0.0028 ,  0.0829 ,  0.0111 ,  30 ,  4 ,#N/A,#N/A,#N/A,#N/A,,NO,SI
,4483,  118 ,  19 ,  0.0028 ,  0.0691 ,  0.0111 ,  25 ,  4 ,#N/A,#N/A,#N/A,#N/A,,NO,SI
,4484,  36 ,  15 ,  0.0028 ,  0.0691 ,  0.0111 ,  25 ,  4 ,#N/A,#N/A,#N/A,#N/A,,NO,SI
,4485,  12 ,#N/A,  0.0020 ,  0.0392 ,  0.0078 ,  20 ,  4 ,  4.42 ,  70.00 ,  110.00 ,  255.00 ,,NO,SI
,4486,  39 ,  5 ,  0.0028 ,  0.0560 ,  0.0112 ,  20 ,  4 ,#N/A,#N/A,#N/A,#N/A,,NO,SI
,4487,  30 ,  4 ,  0.0028 ,  0.0560 ,  0.0112 ,  20 ,  4 ,#N/A,#N/A,#N/A,#N/A,,NO,SI
,4488,  20 ,#N/A,  0.0022 ,  0.0336 ,  0.0090 ,  15 ,  4 ,  4.91 ,  78.00 ,  120.00 ,  240.00 ,,NO,SI
,4489,  49 ,  9 ,  0.0028 ,  0.1243 ,  0.0111 ,  45 ,  4 ,#N/A,#N/A,#N/A,#N/A,,NO,SI
,4490,  3 ,  21 ,  0.0028 ,  0.1120 ,  0.0112 ,  40 ,  4 ,#N/A,#N/A,#N/A,#N/A,,NO,SI
,4491,  30 ,  5 ,  0.0028 ,  0.0980 ,  0.0112 ,  35 ,  4 ,#N/A,#N/A,#N/A,#N/A,,NO,SI
,4492,  4 ,#N/A,  0.0022 ,  0.0784 ,  0.0090 ,  35 ,  4 ,  6.13 ,  78.00 ,  120.00 ,  240.00 ,,NO,SI
,4493,  22 ,  7 ,  0.0028 ,  0.0829 ,  0.0111 ,  30 ,  4 ,#N/A,#N/A,#N/A,#N/A,,NO,SI
,4495,  40 ,  7 ,  0.0024 ,  0.0600 ,  0.0096 ,  25 ,  4 ,#N/A,#N/A,#N/A,#N/A,,NO,SI
,4496,  11 ,  3 ,  0.0024 ,  0.0600 ,  0.0096 ,  25 ,  4 ,#N/A,#N/A,#N/A,#N/A,,NO,SI
,4497,  39 ,  7 ,  0.0028 ,  0.0700 ,  0.0112 ,  25 ,  4 ,#N/A,#N/A,#N/A,#N/A,,NO,SI
,4498,  45 ,  9 ,  0.0028 ,  0.0560 ,  0.0112 ,  20 ,  4 ,#N/A,#N/A,#N/A,#N/A,,NO,SI
,4499,  35 ,  5 ,  0.0028 ,  0.0560 ,  0.0112 ,  20 ,  4 ,#N/A,#N/A,#N/A,#N/A,,NO,SI
,4500,  48 ,  3 ,  0.0028 ,  0.0420 ,  0.0112 ,  15 ,  4 ,#N/A,#N/A,#N/A,#N/A,,NO,SI
,4501,  10 ,  2 ,  0.0024 ,  0.0360 ,  0.0096 ,  15 ,  4 ,#N/A,#N/A,#N/A,#N/A,,NO,SI
,4502,  10 ,  2 ,  0.0028 ,  0.0420 ,  0.0112 ,  15 ,  4 ,#N/A,#N/A,#N/A,#N/A,,NO,SI
,4503,  16 ,  5 ,  0.0028 ,  0.0280 ,  0.0112 ,  10 ,  4 ,#N/A,#N/A,#N/A,#N/A,,NO,SI
,4504,  4 ,  2 ,  0.0024 ,  0.0238 ,  0.0095 ,  10 ,  4 ,#N/A,#N/A,#N/A,#N/A,,NO,SI
,4505,  142 ,  28 ,  0.0018 ,  0.2717 ,  0.0145 ,  150 ,  8 ,#N/A,#N/A,#N/A,#N/A,,NO,SI
,4506,  209 ,  39 ,  0.0029 ,  0.4350 ,  0.0145 ,  150 ,  5 ,#N/A,#N/A,#N/A,#N/A,,NO,SI
,4507,  272 ,  61 ,  0.0024 ,  0.2420 ,  0.0145 ,  100 ,  6 ,#N/A,#N/A,#N/A,#N/A,,NO,SI
,4508,  301 ,  47 ,  0.0024 ,  0.2420 ,  0.0145 ,  100 ,  6 ,#N/A,#N/A,#N/A,#N/A,,NO,SI
,4509,"  1,190 ",  221 ,  0.0018 ,  0.0906 ,  0.0145 ,  50 ,  8 ,#N/A,#N/A,#N/A,#N/A,,NO,SI
,4510,  505 ,  103 ,  0.0018 ,  0.0906 ,  0.0145 ,  50 ,  8 ,#N/A,#N/A,#N/A,#N/A,,NO,SI
,4511,  407 ,  94 ,  0.0035 ,  0.1734 ,  0.0208 ,  50 ,  6 ,#N/A,#N/A,#N/A,#N/A,,NO,SI
,4512,  683 ,  89 ,  0.0024 ,  0.1210 ,  0.0145 ,  50 ,  6 ,#N/A,#N/A,#N/A,#N/A,,NO,SI
,4513,"  1,327 ",  219 ,  0.0043 ,  0.2129 ,  0.0255 ,  50 ,  6 ,#N/A,#N/A,#N/A,#N/A,,NO,SI
,4514,"  1,421 ",  287 ,  0.0024 ,  0.0608 ,  0.0195 ,  25 ,  8 ,#N/A,#N/A,#N/A,#N/A,,NO,SI
,4515,  523 ,  72 ,  0.0037 ,  0.0731 ,  0.0219 ,  20 ,  6 ,#N/A,#N/A,#N/A,#N/A,,NO,SI
,4516,  6 ,#N/A,  0.0020 ,  0.2548 ,  0.0078 ,  130 ,  4 ,  4.47 ,  70.00 ,  110.00 ,  255.00 ,,NO,SI
,4517,  1 ,  2 ,  0.0024 ,  0.2880 ,  0.0096 ,  120 ,  4 ,#N/A,#N/A,#N/A,#N/A,,NO,SI
,4518,  249 ,  51 ,  0.0028 ,  0.3316 ,  0.0111 ,  120 ,  4 ,#N/A,#N/A,#N/A,#N/A,,NO,SI
,4519,  140 ,  27 ,  0.0024 ,  0.2379 ,  0.0095 ,  100 ,  4 ,#N/A,#N/A,#N/A,#N/A,,NO,SI
,4520,  211 ,  38 ,  0.0024 ,  0.2160 ,  0.0096 ,  90 ,  4 ,#N/A,#N/A,#N/A,#N/A,,NO,SI
,4521,  11 ,  4 ,  0.0024 ,  0.1920 ,  0.0096 ,  80 ,  4 ,#N/A,#N/A,#N/A,#N/A,,NO,SI
,4522,  86 ,  22 ,  0.0024 ,  0.1800 ,  0.0096 ,  75 ,  4 ,#N/A,#N/A,#N/A,#N/A,,NO,SI
,4523,  17 ,#N/A,  0.0020 ,  0.1372 ,  0.0078 ,  70 ,  4 ,  2.91 ,  70.00 ,  110.00 ,  255.00 ,,NO,SI
,4524,  116 ,  16 ,  0.0024 ,  0.1428 ,  0.0095 ,  60 ,  4 ,#N/A,#N/A,#N/A,#N/A,,NO,SI
,4525,  8 ,#N/A,  0.0020 ,  0.1176 ,  0.0078 ,  60 ,  4 ,  4.93 ,  70.00 ,  110.00 ,  255.00 ,,NO,SI
,4526,  51 ,  10 ,  0.0024 ,  0.1320 ,  0.0096 ,  55 ,  4 ,#N/A,#N/A,#N/A,#N/A,,NO,SI
,4527,  6 ,#N/A,  0.0020 ,  0.0980 ,  0.0078 ,  50 ,  4 ,  4.65 ,  70.00 ,  110.00 ,  255.00 ,,NO,SI
,4528,  15 ,  4 ,  0.0024 ,  0.1200 ,  0.0096 ,  50 ,  4 ,#N/A,#N/A,#N/A,#N/A,,NO,SI
,4529,  327 ,  23 ,  0.0024 ,  0.0960 ,  0.0096 ,  40 ,  4 ,#N/A,#N/A,#N/A,#N/A,,NO,SI
,4530,  61 ,  5 ,  0.0024 ,  0.0960 ,  0.0096 ,  40 ,  4 ,#N/A,#N/A,#N/A,#N/A,,NO,SI
,4531,  25 ,  16 ,  0.0028 ,  0.0967 ,  0.0111 ,  35 ,  4 ,#N/A,#N/A,#N/A,#N/A,,NO,SI
,4532,  20 ,#N/A,  0.0020 ,  0.0686 ,  0.0078 ,  35 ,  4 ,  4.97 ,  70.00 ,  110.00 ,  255.00 ,,NO,SI
,4533,  10 ,  6 ,  0.0024 ,  0.0714 ,  0.0095 ,  30 ,  4 ,#N/A,#N/A,#N/A,#N/A,,NO,SI
,4534,  21 ,#N/A,  0.0020 ,  0.0490 ,  0.0078 ,  25 ,  4 ,  4.75 ,  70.00 ,  110.00 ,  255.00 ,,NO,SI
,4535,  81 ,  15 ,  0.0006 ,  1.1560 ,  0.0139 ,"  2,000 ",  24 ,#N/A,#N/A,#N/A,#N/A,,NO,SI
,4536,  102 ,  14 ,  0.0006 ,  0.6000 ,  0.0144 ,"  1,000 ",  24 ,#N/A,#N/A,#N/A,#N/A,,NO,SI
,4537,  150 ,#N/A,#N/A,#N/A,#N/A,"  1,000 ",  24 ,  0.35 ,#N/A,#N/A,#N/A,,NO,SI
,4538,  98 ,  12 ,  0.0006 ,  0.6000 ,  0.0144 ,"  1,000 ",  24 ,#N/A,#N/A,#N/A,#N/A,,NO,SI
,4539,  390 ,  62 ,  0.0007 ,  0.6830 ,  0.0164 ,"  1,000 ",  24 ,#N/A,#N/A,#N/A,#N/A,,NO,SI
,4540,  435 ,  86 ,  0.0006 ,  0.6000 ,  0.0144 ,"  1,000 ",  24 ,#N/A,#N/A,#N/A,#N/A,,NO,SI
,4541,  519 ,  80 ,  0.0006 ,  0.6000 ,  0.0144 ,"  1,000 ",  24 ,#N/A,#N/A,#N/A,#N/A,,NO,SI
,4542,  234 ,  34 ,  0.0008 ,  0.7970 ,  0.0191 ,"  1,000 ",  24 ,#N/A,#N/A,#N/A,#N/A,,NO,SI
,4543,  154 ,  26 ,  0.0006 ,  0.6000 ,  0.0144 ,"  1,000 ",  24 ,#N/A,#N/A,#N/A,#N/A,,NO,SI
,4544,  180 ,  21 ,  0.0012 ,  1.1520 ,  0.0138 ,"  1,000 ",  12 ,#N/A,#N/A,#N/A,#N/A,,NO,SI
,4545,  431 ,  72 ,  0.0006 ,  0.6000 ,  0.0144 ,"  1,000 ",  24 ,#N/A,#N/A,#N/A,#N/A,,NO,SI
,4546,"  3,676 ",  462 ,  0.0006 ,  0.5781 ,  0.0139 ,"  1,000 ",  24 ,#N/A,#N/A,#N/A,#N/A,,NO,SI
,4547,  393 ,  65 ,  0.0010 ,  1.0000 ,  0.0160 ,"  1,000 ",  16 ,#N/A,#N/A,#N/A,#N/A,,NO,SI
,4548,  405 ,  58 ,  0.0010 ,  1.0406 ,  0.0167 ,"  1,000 ",  16 ,#N/A,#N/A,#N/A,#N/A,,NO,SI
,4549,  873 ,  136 ,  0.0014 ,  1.4000 ,  0.0140 ,"  1,000 ",  10 ,#N/A,#N/A,#N/A,#N/A,,NO,SI
,4550,  553 ,  92 ,  0.0021 ,  2.0625 ,  0.0083 ,"  1,000 ",  4 ,#N/A,#N/A,#N/A,#N/A,,NO,SI
,4551,  572 ,  97 ,  0.0021 ,  2.0625 ,  0.0083 ,"  1,000 ",  4 ,#N/A,#N/A,#N/A,#N/A,,NO,SI
,4552,  583 ,  62 ,  0.0028 ,  2.7750 ,  0.0167 ,"  1,000 ",  6 ,#N/A,#N/A,#N/A,#N/A,,NO,SI
,4553,"  1,046 ",  123 ,  0.0028 ,  2.8000 ,  0.0168 ,"  1,000 ",  6 ,#N/A,#N/A,#N/A,#N/A,,NO,SI
,4554,"  1,019 ",  114 ,  0.0010 ,  1.0406 ,  0.0166 ,"  1,000 ",  16 ,#N/A,#N/A,#N/A,#N/A,,NO,SI
,4555,  575 ,  118 ,  0.0010 ,  1.0000 ,  0.0160 ,"  1,000 ",  16 ,#N/A,#N/A,#N/A,#N/A,,NO,SI
,4556,  517 ,  82 ,  0.0014 ,  1.3875 ,  0.0139 ,"  1,000 ",  10 ,#N/A,#N/A,#N/A,#N/A,,NO,SI
,4557,"  1,542 ",  173 ,  0.0021 ,  2.0630 ,  0.0083 ,"  1,000 ",  4 ,#N/A,#N/A,#N/A,#N/A,,NO,SI
,4558,"  1,229 ",  196 ,  0.0021 ,  2.0630 ,  0.0083 ,"  1,000 ",  4 ,#N/A,#N/A,#N/A,#N/A,,NO,SI
,4559,"  1,222 ",  160 ,  0.0028 ,  2.7750 ,  0.0167 ,"  1,000 ",  6 ,#N/A,#N/A,#N/A,#N/A,,NO,SI
,4560,  578 ,  74 ,  0.0028 ,  2.7750 ,  0.0167 ,"  1,000 ",  6 ,#N/A,#N/A,#N/A,#N/A,,NO,SI
,4561,"  1,235 ",  152 ,  0.0028 ,  2.8000 ,  0.0168 ,"  1,000 ",  6 ,#N/A,#N/A,#N/A,#N/A,,NO,SI
,4562,  351 ,  49 ,  0.0028 ,  2.8000 ,  0.0168 ,"  1,000 ",  6 ,#N/A,#N/A,#N/A,#N/A,,NO,SI
,4563,  2 ,#N/A,#N/A,#N/A,#N/A,#N/A,#N/A,#N/A,#N/A,#N/A,#N/A,,NO,SI
,5386,  178 ,  -   ,  0.0024 ,  1.4640 ,  0.0146 ,  600 ,  6 ,  1.85 ,  120.00 ,  120.00 ,  170.00 ,,NO,SI
,4564,  207 ,  28 ,  0.0010 ,  1.0000 ,  0.0160 ,"  1,000 ",  16 ,#N/A,#N/A,#N/A,#N/A,,NO,SI
,4565,  119 ,  28 ,  0.0014 ,  1.4000 ,  0.0140 ,"  1,000 ",  10 ,#N/A,#N/A,#N/A,#N/A,,NO,SI
,4566,  159 ,  32 ,  0.0023 ,  2.2500 ,  0.0225 ,"  1,000 ",  10 ,#N/A,#N/A,#N/A,#N/A,,NO,SI
,4567,  231 ,  38 ,  0.0021 ,  2.0625 ,  0.0083 ,"  1,000 ",  4 ,#N/A,#N/A,#N/A,#N/A,,NO,SI
,4568,  451 ,  88 ,  0.0021 ,  2.1000 ,  0.0084 ,"  1,000 ",  4 ,#N/A,#N/A,#N/A,#N/A,,NO,SI
,4569,  542 ,  87 ,  0.0028 ,  2.7750 ,  0.0167 ,"  1,000 ",  6 ,#N/A,#N/A,#N/A,#N/A,,NO,SI
,4570,  444 ,  84 ,  0.0028 ,  2.7750 ,  0.0167 ,"  1,000 ",  6 ,#N/A,#N/A,#N/A,#N/A,,NO,SI
,4571,  881 ,  117 ,  0.0028 ,  2.8000 ,  0.0168 ,"  1,000 ",  6 ,#N/A,#N/A,#N/A,#N/A,,NO,SI
,4572,  612 ,  54 ,  0.0028 ,  1.6800 ,  0.0168 ,  600 ,  6 ,#N/A,#N/A,#N/A,#N/A,,NO,SI
,4573,  220 ,#N/A,  0.0024 ,  1.2200 ,  0.0146 ,  500 ,  6 ,  1.99 ,  120.00 ,  120.00 ,  170.00 ,,NO,SI
,4574,  234 ,  46 ,  0.0021 ,  2.0625 ,  0.0083 ,"  1,000 ",  4 ,#N/A,#N/A,#N/A,#N/A,,NO,SI
,4575,"  5,133 ",  36 ,  0.0021 ,  2.1000 ,  0.0084 ,"  1,000 ",  4 ,#N/A,#N/A,#N/A,#N/A,,NO,SI
,4576,  187 ,#N/A,  0.0024 ,  2.4400 ,  0.0146 ,"  1,000 ",  6 ,  2.66 ,  120.00 ,  120.00 ,  170.00 ,,NO,SI
,4577,  710 ,  105 ,  0.0028 ,  2.7750 ,  0.0167 ,"  1,000 ",  6 ,#N/A,#N/A,#N/A,#N/A,,NO,SI
,4578,"  1,644 ",  232 ,  0.0030 ,  3.0000 ,  0.0120 ,"  1,000 ",  4 ,#N/A,#N/A,#N/A,#N/A,,NO,SI
,4579,"  3,015 ",  452 ,  0.0021 ,  1.0313 ,  0.0083 ,  500 ,  4 ,#N/A,#N/A,#N/A,#N/A,,NO,SI
,4580,"  1,049 ",  152 ,  0.0028 ,  1.4000 ,  0.0168 ,  500 ,  6 ,#N/A,#N/A,#N/A,#N/A,,NO,SI
,4581,  925 ,  146 ,  0.0028 ,  1.4000 ,  0.0168 ,  500 ,  6 ,#N/A,#N/A,#N/A,#N/A,,NO,SI
,4582,  572 ,  96 ,  0.0028 ,  1.4000 ,  0.0168 ,  500 ,  6 ,#N/A,#N/A,#N/A,#N/A,,NO,SI
,4583,  278 ,#N/A,  0.0024 ,  1.2200 ,  0.0146 ,  500 ,  6 ,  3.12 ,  120.00 ,  120.00 ,  170.00 ,,NO,SI
,4584,  514 ,  -   ,  0.0021 ,  0.5156 ,  0.0083 ,  250 ,  4 ,#N/A,#N/A,#N/A,#N/A,,NO,SI
,4585,  112 ,#N/A,  0.0017 ,  0.4290 ,  0.0069 ,  250 ,  4 ,  1.84 ,  110.00 ,  120.00 ,  130.00 ,,NO,SI
,4586,  160 ,  -   ,  0.0028 ,  0.7000 ,  0.0168 ,  250 ,  6 ,#N/A,#N/A,#N/A,#N/A,,NO,SI
,4587,  59 ,#N/A,  0.0024 ,  2.4400 ,  0.0146 ,"  1,000 ",  6 ,  3.03 ,  120.00 ,  120.00 ,  170.00 ,,NO,SI
,4588,  63 ,  -   ,  0.0028 ,  2.4975 ,  0.0167 ,  900 ,  6 ,#N/A,#N/A,#N/A,#N/A,,NO,SI
,4589,  200 ,  -   ,  0.0028 ,  2.2400 ,  0.0168 ,  800 ,  6 ,#N/A,#N/A,#N/A,#N/A,,NO,SI
,4590,  205 ,#N/A,  0.0024 ,  1.7080 ,  0.0146 ,  700 ,  6 ,  3.09 ,  120.00 ,  120.00 ,  170.00 ,,NO,SI
,4591,  88 ,#N/A,  0.0024 ,  1.4640 ,  0.0146 ,  600 ,  6 ,  3.13 ,  120.00 ,  120.00 ,  170.00 ,,NO,SI
,4592,  566 ,  89 ,  0.0028 ,  1.3875 ,  0.0167 ,  500 ,  6 ,#N/A,#N/A,#N/A,#N/A,,NO,SI
,4593,  668 ,  89 ,  0.0028 ,  1.4000 ,  0.0168 ,  500 ,  6 ,#N/A,#N/A,#N/A,#N/A,,NO,SI
,4594,  386 ,  70 ,  0.0028 ,  1.2600 ,  0.0168 ,  450 ,  6 ,#N/A,#N/A,#N/A,#N/A,,NO,SI
,4595,  313 ,  45 ,  0.0028 ,  1.1200 ,  0.0168 ,  400 ,  6 ,#N/A,#N/A,#N/A,#N/A,,NO,SI
,4596,  186 ,  28 ,  0.0028 ,  1.1200 ,  0.0168 ,  400 ,  6 ,#N/A,#N/A,#N/A,#N/A,,NO,SI
,4597,  434 ,  59 ,  0.0028 ,  0.9800 ,  0.0168 ,  350 ,  6 ,#N/A,#N/A,#N/A,#N/A,,NO,SI
,4598,  108 ,  15 ,  0.0030 ,  1.0500 ,  0.0120 ,  350 ,  4 ,#N/A,#N/A,#N/A,#N/A,,NO,SI
,4599,  206 ,  32 ,  0.0028 ,  0.7000 ,  0.0168 ,  250 ,  6 ,#N/A,#N/A,#N/A,#N/A,,NO,SI
,4600,  161 ,  30 ,  0.0028 ,  0.7000 ,  0.0168 ,  250 ,  6 ,#N/A,#N/A,#N/A,#N/A,,NO,SI
,4601,"  14,312 ","  2,275 ",  0.0004 ,  -   ,  0.1293 ,  -   ,  300 ,#N/A,#N/A,#N/A,#N/A,,NO,SI
,4606,"  5,900 ",  750 ,  0.0010 ,  0.0247 ,  0.1479 ,  25 ,  150 ,#N/A,#N/A,#N/A,#N/A,,NO,SI
,4607,  940 ,  2 ,  0.0067 ,  -   ,  0.1344 ,  -   ,  20 ,#N/A,#N/A,#N/A,#N/A,,NO,SI
,4608,"  2,470 ",  66 ,  0.0010 ,  -   ,  0.0960 ,  -   ,  100 ,#N/A,#N/A,#N/A,#N/A,,NO,SI
,4609,"  5,531 ",  291 ,  0.0010 ,  -   ,  0.0960 ,  -   ,  100 ,#N/A,#N/A,#N/A,#N/A,,NO,SI
,4610,"  15,192 ",  375 ,  0.0010 ,  -   ,  0.0960 ,  -   ,  100 ,#N/A,#N/A,#N/A,#N/A,,NO,SI
,4611,"  14,735 ",  616 ,  0.0010 ,  -   ,  0.0960 ,  -   ,  100 ,#N/A,#N/A,#N/A,#N/A,,NO,SI
,4612,"  5,314 ",  291 ,  0.0010 ,  -   ,  0.0960 ,  -   ,  100 ,#N/A,#N/A,#N/A,#N/A,,NO,SI
,4613,  24 ,  416 ,  0.0063 ,  -   ,  0.0631 ,  -   ,  10 ,#N/A,#N/A,#N/A,#N/A,,NO,SI
,4614,  41 ,#N/A,#N/A,#N/A,#N/A,#N/A,  20 ,  0.78 ,#N/A,#N/A,#N/A,,NO,SI
,4615,  5 ,"  1,250 ",  0.0000 ,  -   ,  0.0023 ,  -   ,  500 ,#N/A,#N/A,#N/A,#N/A,,NO,SI
,5387,"  6,516 ",  -   ,  0.0000 , #VALUE!,  0.0143 , -,  500 ,  0.01 ,#N/A,#N/A,#N/A,,NO,SI
,4617,  1 ,  25 ,  0.0024 ,  -   ,  0.0720 ,  -   ,  30 ,#N/A,#N/A,#N/A,#N/A,,NO,SI
,4618,  1 ,  27 ,  0.0024 ,  -   ,  0.0720 ,  -   ,  30 ,#N/A,#N/A,#N/A,#N/A,,NO,SI
,4619,  1 ,  15 ,  0.0024 ,  -   ,  0.0720 ,  -   ,  30 ,#N/A,#N/A,#N/A,#N/A,,NO,SI
,4625,  72 ,  15 ,  0.0018 ,  5.4900 ,  0.0110 ,"  3,000 ",  6 ,#N/A,#N/A,#N/A,#N/A,,NO,SI
,4626,  71 ,  6 ,  0.0041 ,  12.1500 ,  0.0243 ,"  3,000 ",  6 ,  3.25 ,#N/A,#N/A,#N/A,,NO,SI
,4627,  19 ,  3 ,  0.0005 ,  0.0045 ,  0.0135 ,  10 ,  30 ,#N/A,#N/A,#N/A,#N/A,,NO,SI
,4628,  12 ,  3 ,  0.0005 ,  0.0045 ,  0.0135 ,  10 ,  30 ,#N/A,#N/A,#N/A,#N/A,,NO,SI
,4629,  12 ,  3 ,  0.0005 ,  0.0023 ,  0.0135 ,  5 ,  30 ,#N/A,#N/A,#N/A,#N/A,,NO,SI
,4630,  4 ,  3 ,  0.0007 ,  0.0034 ,  0.0135 ,  5 ,  20 ,#N/A,#N/A,#N/A,#N/A,,NO,SI
,4667,  83 ,  19 ,  0.0014 ,  1.3922 ,  0.0111 ,"  1,000 ",  8 ,#N/A,#N/A,#N/A,#N/A,,NO,SI
,4668,  288 ,  37 ,  0.0014 ,  1.4000 ,  0.0112 ,"  1,000 ",  8 ,#N/A,#N/A,#N/A,#N/A,,NO,SI
,4669,  368 ,  58 ,  0.0014 ,  0.6961 ,  0.0111 ,  500 ,  8 ,#N/A,#N/A,#N/A,#N/A,,NO,SI
,4670,  120 ,  21 ,  0.0028 ,  1.3920 ,  0.0111 ,  500 ,  4 ,#N/A,#N/A,#N/A,#N/A,,NO,SI
,4671,  97 ,  19 ,  0.0028 ,  0.9800 ,  0.0084 ,  350 ,  3 ,#N/A,#N/A,#N/A,#N/A,,NO,SI
,4672,  23 ,  6 ,  0.0028 ,  0.5600 ,  0.0112 ,  200 ,  4 ,#N/A,#N/A,#N/A,#N/A,,NO,SI
,4673,  47 ,  8 ,  0.0028 ,  0.4200 ,  0.0112 ,  150 ,  4 ,#N/A,#N/A,#N/A,#N/A,,NO,SI
,4674,  7 ,#N/A,#N/A,#N/A,#N/A,  100 ,  4 ,  4.50 ,#N/A,#N/A,#N/A,,NO,SI
,4675,  22 ,  5 ,  0.0028 ,  0.2240 ,  0.0112 ,  80 ,  4 ,#N/A,#N/A,#N/A,#N/A,,NO,SI
,4676,  46 ,  7 ,  0.0028 ,  1.4000 ,  0.0112 ,  500 ,  4 ,#N/A,#N/A,#N/A,#N/A,,NO,SI
,4677,  42 ,  8 ,  0.0028 ,  0.9860 ,  0.0085 ,  350 ,  3 ,#N/A,#N/A,#N/A,#N/A,,NO,SI
,4678,  20 ,  4 ,  0.0028 ,  0.9860 ,  0.0085 ,  350 ,  3 ,#N/A,#N/A,#N/A,#N/A,,NO,SI
,4679,  32 ,  7 ,  0.0028 ,  0.5568 ,  0.0111 ,  200 ,  4 ,#N/A,#N/A,#N/A,#N/A,,NO,SI
,4680,  36 ,  4 ,  0.0028 ,  0.4200 ,  0.0112 ,  150 ,  4 ,#N/A,#N/A,#N/A,#N/A,,NO,SI
,4681,  12 ,  2 ,  0.0037 ,  0.3700 ,  0.0111 ,  100 ,  3 ,#N/A,#N/A,#N/A,#N/A,,NO,SI
,4682,  19 ,  3 ,  0.0028 ,  0.2254 ,  0.0085 ,  80 ,  3 ,#N/A,#N/A,#N/A,#N/A,,NO,SI
,4683,  126 ,  19 ,  0.0014 ,  1.4000 ,  0.0112 ,"  1,000 ",  8 ,#N/A,#N/A,#N/A,#N/A,,NO,SI
,4684,  199 ,  35 ,  0.0016 ,  1.6000 ,  0.0096 ,"  1,000 ",  6 ,#N/A,#N/A,#N/A,#N/A,,NO,SI
,4685,  240 ,  35 ,  0.0028 ,  2.8000 ,  0.0112 ,"  1,000 ",  4 ,#N/A,#N/A,#N/A,#N/A,,NO,SI
,4686,  391 ,  51 ,  0.0028 ,  1.9600 ,  0.0084 ,  700 ,  3 ,#N/A,#N/A,#N/A,#N/A,,NO,SI
,4687,  59 ,  10 ,  0.0028 ,  1.4000 ,  0.0112 ,  500 ,  4 ,#N/A,#N/A,#N/A,#N/A,,NO,SI
,4688,  99 ,  23 ,  0.0028 ,  0.6960 ,  0.0111 ,  250 ,  4 ,#N/A,#N/A,#N/A,#N/A,,NO,SI
,4689,  39 ,  8 ,  0.0028 ,  0.5040 ,  0.0112 ,  180 ,  4 ,#N/A,#N/A,#N/A,#N/A,,NO,SI
,4690,  367 ,  57 ,  0.0028 ,  0.3619 ,  0.0111 ,  130 ,  4 ,#N/A,#N/A,#N/A,#N/A,,NO,SI
,4691,  246 ,  30 ,  0.0037 ,  0.3330 ,  0.0111 ,  90 ,  3 ,#N/A,#N/A,#N/A,#N/A,,NO,SI
,4692,  33 ,  6 ,  0.0028 ,  0.1400 ,  0.0112 ,  50 ,  4 ,#N/A,#N/A,#N/A,#N/A,,NO,SI
,4693,  48 ,  8 ,  0.0028 ,  0.0980 ,  0.0112 ,  35 ,  4 ,#N/A,#N/A,#N/A,#N/A,,NO,SI
,4694,  7 ,  3 ,  0.0018 ,  1.3530 ,  0.0144 ,  750 ,  8 ,#N/A,#N/A,#N/A,#N/A,,NO,SI
,4695,  19 ,  5 ,  0.0019 ,  0.9375 ,  0.0150 ,  500 ,  8 ,#N/A,#N/A,#N/A,#N/A,,NO,SI
,4696,  9 ,  3 ,  0.0019 ,  0.5700 ,  0.0114 ,  300 ,  6 ,#N/A,#N/A,#N/A,#N/A,,NO,SI
,4697,  17 ,  25 ,  0.0028 ,  1.3920 ,  0.0111 ,  500 ,  4 ,#N/A,#N/A,#N/A,#N/A,,NO,SI
,4698,  33 ,  6 ,  0.0030 ,  0.7500 ,  0.0120 ,  250 ,  4 ,#N/A,#N/A,#N/A,#N/A,,NO,SI
,4699,  9 ,#N/A,#N/A,#N/A,#N/A,  180 ,  4 ,  5.13 ,#N/A,#N/A,#N/A,,NO,SI
,4700,  86 ,  14 ,  0.0028 ,  0.3640 ,  0.0112 ,  130 ,  4 ,#N/A,#N/A,#N/A,#N/A,,NO,SI
,4701,  76 ,  15 ,  0.0030 ,  0.2700 ,  0.0120 ,  90 ,  4 ,#N/A,#N/A,#N/A,#N/A,,NO,SI
,4702,  13 ,  6 ,  0.0028 ,  0.1400 ,  0.0112 ,  50 ,  4 ,#N/A,#N/A,#N/A,#N/A,,NO,SI
,4703,  12 ,#N/A,#N/A,#N/A,#N/A,  35 ,  4 ,  4.25 ,#N/A,#N/A,#N/A,,NO,SI
,4704,  127 ,  23 ,  0.0028 ,  0.7000 ,  0.0112 ,  250 ,  4 ,#N/A,#N/A,#N/A,#N/A,,NO,SI
,4705,  88 ,  19 ,  0.0011 ,  2.2000 ,  0.0099 ,"  2,000 ",  9 ,#N/A,#N/A,#N/A,#N/A,,NO,SI
,4706,  94 ,  18 ,  0.0011 ,  2.2000 ,  0.0099 ,"  2,000 ",  9 ,#N/A,#N/A,#N/A,#N/A,,NO,SI
,4707,  402 ,  55 ,  0.0011 ,  1.1000 ,  0.0099 ,"  1,000 ",  9 ,#N/A,#N/A,#N/A,#N/A,,NO,SI
,4708,  52 ,  7 ,  0.0011 ,  1.1000 ,  0.0099 ,"  1,000 ",  9 ,#N/A,#N/A,#N/A,#N/A,,NO,SI
,4709,  939 ,  137 ,  0.0011 ,  0.5500 ,  0.0099 ,  500 ,  9 ,#N/A,#N/A,#N/A,#N/A,,NO,SI
,4710,  307 ,  55 ,  0.0034 ,  2.0400 ,  0.0136 ,  600 ,  4 ,#N/A,#N/A,#N/A,#N/A,,NO,SI
,4711,  235 ,  28 ,  0.0034 ,  1.3600 ,  0.0136 ,  400 ,  4 ,#N/A,#N/A,#N/A,#N/A,,NO,SI
,4712,  44 ,  6 ,  0.0034 ,  1.0200 ,  0.0136 ,  300 ,  4 ,#N/A,#N/A,#N/A,#N/A,,NO,SI
,4713,  39 ,  13 ,  0.0034 ,  0.6800 ,  0.0136 ,  200 ,  4 ,#N/A,#N/A,#N/A,#N/A,,NO,SI
,4714,  16 ,  3 ,  0.0034 ,  0.5100 ,  0.0136 ,  150 ,  4 ,#N/A,#N/A,#N/A,#N/A,,NO,SI
,4715,  26 ,  7 ,  0.0034 ,  0.3740 ,  0.0136 ,  110 ,  4 ,#N/A,#N/A,#N/A,#N/A,,NO,SI
,4716,  28 ,  6 ,  0.0034 ,  0.2040 ,  0.0136 ,  60 ,  4 ,#N/A,#N/A,#N/A,#N/A,,NO,SI
,4717,  59 ,  10 ,  0.0031 ,  2.1700 ,  0.0093 ,  700 ,  3 ,#N/A,#N/A,#N/A,#N/A,,NO,SI
,4718,  30 ,#N/A,#N/A,#N/A,#N/A,  450 ,  3 ,  6.83 ,#N/A,#N/A,#N/A,,NO,SI
,4719,  45 ,  8 ,  0.0035 ,  1.5750 ,  0.0105 ,  450 ,  3 ,#N/A,#N/A,#N/A,#N/A,,NO,SI
,4720,  49 ,#N/A,#N/A,#N/A,#N/A,  300 ,  4 ,  6.57 ,#N/A,#N/A,#N/A,,NO,SI
,4721,  65 ,  6 ,  0.0034 ,  0.6800 ,  0.0136 ,  200 ,  4 ,#N/A,#N/A,#N/A,#N/A,,NO,SI
,4722,  21 ,  2 ,  0.0034 ,  0.5063 ,  0.0135 ,  150 ,  4 ,#N/A,#N/A,#N/A,#N/A,,NO,SI
,4723,  15 ,  4 ,  0.0034 ,  0.3740 ,  0.0136 ,  110 ,  4 ,#N/A,#N/A,#N/A,#N/A,,NO,SI
,4724,  11 ,#N/A,#N/A,#N/A,#N/A,  90 ,  4 ,  6.13 ,#N/A,#N/A,#N/A,,NO,SI
,4725,  11 ,#N/A,#N/A,#N/A,#N/A,  60 ,  4 ,  5.57 ,#N/A,#N/A,#N/A,,NO,SI
,4726,  58 ,  3 ,  0.0031 ,  15.5000 ,  0.0093 ,"  5,000 ",  3 ,#N/A,#N/A,#N/A,#N/A,,NO,SI
,4727,  87 ,  22 ,  0.0031 ,  7.1300 ,  0.0093 ,"  2,300 ",  3 ,#N/A,#N/A,#N/A,#N/A,,NO,SI
,4728,  298 ,  63 ,  0.0011 ,  0.5500 ,  0.0099 ,  500 ,  9 ,#N/A,#N/A,#N/A,#N/A,,NO,SI
,4729,  210 ,  31 ,  0.0034 ,  0.6750 ,  0.0135 ,  200 ,  4 ,#N/A,#N/A,#N/A,#N/A,,NO,SI
,4730,  173 ,  29 ,  0.0034 ,  3.0600 ,  0.0136 ,  900 ,  4 ,#N/A,#N/A,#N/A,#N/A,,NO,SI
,4731,  73 ,  9 ,  0.0032 ,  1.6000 ,  0.0128 ,  500 ,  4 ,#N/A,#N/A,#N/A,#N/A,,NO,SI
,4732,  74 ,  17 ,  0.0034 ,  1.3600 ,  0.0136 ,  400 ,  4 ,#N/A,#N/A,#N/A,#N/A,,NO,SI
,4733,  43 ,  6 ,  0.0034 ,  0.8500 ,  0.0136 ,  250 ,  4 ,#N/A,#N/A,#N/A,#N/A,,NO,SI
,4734,  159 ,#N/A,#N/A,#N/A,#N/A,  120 ,  4 ,  5.87 ,#N/A,#N/A,#N/A,,NO,SI
,4735,  68 ,  11 ,  0.0036 ,  0.1800 ,  0.0144 ,  50 ,  4 ,#N/A,#N/A,#N/A,#N/A,,NO,SI
,4736,  8 ,  1 ,  0.0035 ,  8.0500 ,  0.0105 ,"  2,300 ",  3 ,#N/A,#N/A,#N/A,#N/A,,NO,SI
,4737,  16 ,  4 ,  0.0011 ,  0.5500 ,  0.0099 ,  500 ,  9 ,#N/A,#N/A,#N/A,#N/A,,NO,SI
,4738,  9 ,  5 ,  0.0034 ,  1.7000 ,  0.0136 ,  500 ,  4 ,#N/A,#N/A,#N/A,#N/A,,NO,SI
,4739,  42 ,  7 ,  0.0034 ,  1.3600 ,  0.0136 ,  400 ,  4 ,#N/A,#N/A,#N/A,#N/A,,NO,SI
,4740,  21 ,  4 ,  0.0036 ,  0.7200 ,  0.0144 ,  200 ,  4 ,#N/A,#N/A,#N/A,#N/A,,NO,SI
,4741,  172 ,  25 ,  0.0034 ,  1.3600 ,  0.0136 ,  400 ,  4 ,#N/A,#N/A,#N/A,#N/A,,NO,SI
,4742,"  1,291 ",  169 ,  0.0029 ,  7.2500 ,  0.0116 ,"  2,500 ",  4 ,#N/A,#N/A,#N/A,#N/A,,NO,SI
,4743,  358 ,  77 ,  0.0025 ,  6.1875 ,  0.0099 ,"  2,500 ",  4 ,#N/A,#N/A,#N/A,#N/A,,NO,SI
,4744,  315 ,  47 ,  0.0029 ,  7.3125 ,  0.0117 ,"  2,500 ",  4 ,#N/A,#N/A,#N/A,#N/A,,NO,SI
,4745,  191 ,  31 ,  0.0029 ,  4.3500 ,  0.0116 ,"  1,500 ",  4 ,#N/A,#N/A,#N/A,#N/A,,NO,SI
,4746,"  2,367 ",  357 ,  0.0033 ,  8.3333 ,  0.0200 ,"  2,500 ",  6 ,#N/A,#N/A,#N/A,#N/A,,NO,SI
,4747,  548 ,  137 ,  0.0035 ,  8.7372 ,  0.0140 ,"  2,500 ",  4 ,#N/A,#N/A,#N/A,#N/A,,NO,SI
,4748,"  1,024 ",  139 ,  0.0042 ,  10.5263 ,  0.0168 ,"  2,500 ",  4 ,#N/A,#N/A,#N/A,#N/A,,NO,SI
,4749,  812 ,  126 ,  0.0032 ,  4.7872 ,  0.0128 ,"  1,500 ",  4 ,#N/A,#N/A,#N/A,#N/A,,NO,SI
,4750,  111 ,  25 ,  0.0055 ,  8.2143 ,  0.0219 ,"  1,500 ",  4 ,#N/A,#N/A,#N/A,#N/A,,NO,SI
,4751,  882 ,  92 ,  0.0030 ,  3.0323 ,  0.0121 ,"  1,000 ",  4 ,#N/A,#N/A,#N/A,#N/A,,NO,SI
,4752,  80 ,  14 ,  0.0050 ,  10.6040 ,  0.0202 ,"  2,100 ",  4 ,#N/A,#N/A,#N/A,#N/A,,NO,SI
,4753,  481 ,  70 ,  0.0023 ,  2.2727 ,  0.0136 ,"  1,000 ",  6 ,#N/A,#N/A,#N/A,#N/A,,NO,SI
,4754,  689 ,  96 ,  0.0021 ,  1.6842 ,  0.0126 ,  800 ,  6 ,#N/A,#N/A,#N/A,#N/A,,NO,SI
,4755,  559 ,  68 ,  0.0033 ,  3.3418 ,  0.0267 ,"  1,000 ",  8 ,#N/A,#N/A,#N/A,#N/A,,NO,SI
,4756,  124 ,  12 ,  0.0042 ,  4.1711 ,  0.0250 ,"  1,000 ",  6 ,#N/A,#N/A,#N/A,#N/A,,NO,SI
,4757,  401 ,  60 ,  0.0036 ,  3.5714 ,  0.0143 ,"  1,000 ",  4 ,#N/A,#N/A,#N/A,#N/A,,NO,SI
,4758,  181 ,  29 ,  0.0036 ,  3.6434 ,  0.0146 ,"  1,000 ",  4 ,#N/A,#N/A,#N/A,#N/A,,NO,SI
,4759,"  1,154 ",  124 ,  0.0022 ,  1.0849 ,  0.0174 ,  500 ,  8 ,#N/A,#N/A,#N/A,#N/A,,NO,SI
,4760,  291 ,  48 ,  0.0026 ,  0.7779 ,  0.0156 ,  300 ,  6 ,#N/A,#N/A,#N/A,#N/A,,NO,SI
,4761,  330 ,  45 ,  0.0026 ,  0.5161 ,  0.0155 ,  200 ,  6 ,#N/A,#N/A,#N/A,#N/A,,NO,SI
,4762,  189 ,  31 ,  0.0029 ,  1.4500 ,  0.0116 ,  500 ,  4 ,#N/A,#N/A,#N/A,#N/A,,NO,SI
,4763,  295 ,  57 ,  0.0029 ,  1.1700 ,  0.0117 ,  400 ,  4 ,#N/A,#N/A,#N/A,#N/A,,NO,SI
,4764,"  1,362 ",  208 ,  0.0042 ,  1.2656 ,  0.0169 ,  300 ,  4 ,#N/A,#N/A,#N/A,#N/A,,NO,SI
,4765,"  2,548 ",  365 ,  0.0029 ,  0.7313 ,  0.0117 ,  250 ,  4 ,#N/A,#N/A,#N/A,#N/A,,NO,SI
,4766,"  1,423 ",  195 ,  0.0042 ,  0.7383 ,  0.0169 ,  175 ,  4 ,#N/A,#N/A,#N/A,#N/A,,NO,SI
,4767,  410 ,  54 ,  0.0042 ,  0.6300 ,  0.0168 ,  150 ,  4 ,#N/A,#N/A,#N/A,#N/A,,NO,SI
,4768,  115 ,  19 ,  0.0028 ,  2.8400 ,  0.0114 ,"  1,000 ",  4 ,#N/A,#N/A,#N/A,#N/A,,NO,SI
,4769,  144 ,  19 ,  0.0037 ,  2.9840 ,  0.0149 ,  800 ,  4 ,#N/A,#N/A,#N/A,#N/A,,NO,SI
,4770,  94 ,  12 ,  0.0028 ,  1.4200 ,  0.0227 ,  500 ,  8 ,#N/A,#N/A,#N/A,#N/A,,NO,SI
,4771,"  2,176 ",  237 ,  0.0028 ,  1.4200 ,  0.0227 ,  500 ,  8 ,#N/A,#N/A,#N/A,#N/A,,NO,SI
,4772,"  2,589 ",  270 ,  0.0037 ,  1.4988 ,  0.0150 ,  400 ,  4 ,#N/A,#N/A,#N/A,#N/A,,NO,SI
,4773,"  5,673 ",  833 ,  0.0050 ,  1.4985 ,  0.0200 ,  300 ,  4 ,#N/A,#N/A,#N/A,#N/A,,NO,SI
,4774,"  3,640 ",  455 ,  0.0028 ,  0.7100 ,  0.0227 ,  250 ,  8 ,#N/A,#N/A,#N/A,#N/A,,NO,SI
,4775,  832 ,  159 ,  0.0028 ,  0.4970 ,  0.0227 ,  175 ,  8 ,#N/A,#N/A,#N/A,#N/A,,NO,SI
,4776,  648 ,  151 ,  0.0047 ,  0.7060 ,  0.0188 ,  150 ,  4 ,#N/A,#N/A,#N/A,#N/A,,NO,SI
,4777,  784 ,  83 ,  0.0029 ,  -   ,  0.0117 ,  -   ,  4 ,#N/A,#N/A,#N/A,#N/A,,NO,SI
,4778,  114 ,  19 ,  0.0028 ,  0.2840 ,  0.0227 ,  100 ,  8 ,#N/A,#N/A,#N/A,#N/A,,NO,SI
,4779,  212 ,  31 ,  0.0042 ,  3.7800 ,  0.0168 ,  900 ,  4 ,#N/A,#N/A,#N/A,#N/A,,NO,SI
,4780,  104 ,  15 ,  0.0010 ,  1.5195 ,  0.0162 ,"  1,500 ",  16 ,#N/A,#N/A,#N/A,#N/A,,NO,SI
,4781,  28 ,  6 ,  0.0016 ,  2.4000 ,  0.0096 ,"  1,500 ",  6 ,#N/A,#N/A,#N/A,#N/A,,NO,SI
,4782,  16 ,#N/A,#N/A,#N/A,#N/A,"  1,500 ",  6 ,  2.08 ,#N/A,#N/A,#N/A,,NO,SI
,4783,  131 ,  20 ,  0.0028 ,  4.2000 ,  0.0168 ,"  1,500 ",  6 ,#N/A,#N/A,#N/A,#N/A,,NO,SI
,4784,  65 ,#N/A,#N/A,#N/A,#N/A,"  1,500 ",  6 ,  2.50 ,#N/A,#N/A,#N/A,,NO,SI
,4785,  44 ,#N/A,#N/A,#N/A,#N/A,"  1,500 ",  4 ,  3.00 ,#N/A,#N/A,#N/A,,NO,SI
,4786,  41 ,  6 ,  0.0042 ,  6.3281 ,  0.0169 ,"  1,500 ",  4 ,#N/A,#N/A,#N/A,#N/A,,NO,SI
,4787,  15 ,#N/A,#N/A,#N/A,#N/A,"  1,500 ",  4 ,  3.75 ,#N/A,#N/A,#N/A,,NO,SI
,4788,  128 ,#N/A,#N/A,#N/A,#N/A,"  1,500 ",  4 ,  6.13 ,#N/A,#N/A,#N/A,,NO,SI
,4789,"  1,689 ",  265 ,  0.0008 ,  0.8355 ,  0.0167 ,"  1,000 ",  20 ,#N/A,#N/A,#N/A,#N/A,,NO,SI
,4790,"  2,022 ",  226 ,  0.0008 ,  0.8020 ,  0.0128 ,"  1,000 ",  16 ,#N/A,#N/A,#N/A,#N/A,,NO,SI
,4791,"  3,817 ",  344 ,  0.0012 ,  1.1510 ,  0.0138 ,"  1,000 ",  12 ,#N/A,#N/A,#N/A,#N/A,,NO,SI
,4792,  130 ,  557 ,  0.0016 ,  1.6030 ,  0.0128 ,"  1,000 ",  8 ,#N/A,#N/A,#N/A,#N/A,,NO,SI
,4792,"  2,893 ",  557 ,  0.0016 ,  1.6030 ,  0.0128 ,"  1,000 ",  8 ,#N/A,#N/A,#N/A,#N/A,,NO,SI
,4793,"  4,003 ",  708 ,  0.0017 ,  1.6667 ,  0.0100 ,"  1,000 ",  6 ,#N/A,#N/A,#N/A,#N/A,,NO,SI
,4794,  643 ,  116 ,  0.0021 ,  2.1380 ,  0.0128 ,"  1,000 ",  6 ,#N/A,#N/A,#N/A,#N/A,,NO,SI
,4795,  817 ,  119 ,  0.0032 ,  3.2100 ,  0.0128 ,"  1,000 ",  4 ,#N/A,#N/A,#N/A,#N/A,,NO,SI
,4796,"  3,149 ",  577 ,  0.0032 ,  3.2100 ,  0.0128 ,"  1,000 ",  4 ,#N/A,#N/A,#N/A,#N/A,,NO,SI
,4797,  503 ,  70 ,  0.0015 ,  0.7639 ,  0.0092 ,  500 ,  6 ,#N/A,#N/A,#N/A,#N/A,,NO,SI
,4798,"  1,687 ",  253 ,  0.0019 ,  0.9621 ,  0.0115 ,  500 ,  6 ,#N/A,#N/A,#N/A,#N/A,,NO,SI
,4799,"  1,063 ",  128 ,  0.0019 ,  0.9722 ,  0.0117 ,  500 ,  6 ,#N/A,#N/A,#N/A,#N/A,,NO,SI
,4800,  194 ,  35 ,  0.0012 ,  1.1765 ,  0.0141 ,"  1,000 ",  12 ,#N/A,#N/A,#N/A,#N/A,,NO,SI
,4801,  541 ,  98 ,  0.0016 ,  1.6030 ,  0.0128 ,"  1,000 ",  8 ,#N/A,#N/A,#N/A,#N/A,,NO,SI
,4802,  461 ,  62 ,  0.0019 ,  1.9471 ,  0.0156 ,"  1,000 ",  8 ,#N/A,#N/A,#N/A,#N/A,,NO,SI
,4803,"  1,359 ",  136 ,  0.0021 ,  2.1104 ,  0.0127 ,"  1,000 ",  6 ,#N/A,#N/A,#N/A,#N/A,,NO,SI
,4804,  205 ,  35 ,  0.0023 ,  2.2549 ,  0.0135 ,"  1,000 ",  6 ,#N/A,#N/A,#N/A,#N/A,,NO,SI
,4805,  192 ,#N/A,#N/A,#N/A,#N/A,"  1,000 ",  4 ,  2.45 ,#N/A,#N/A,#N/A,,NO,SI
,4806,"  1,791 ",  302 ,  0.0029 ,  2.9290 ,  0.0117 ,"  1,000 ",  4 ,#N/A,#N/A,#N/A,#N/A,,NO,SI
,4807,  175 ,  39 ,  0.0021 ,  1.0690 ,  0.0128 ,  500 ,  6 ,#N/A,#N/A,#N/A,#N/A,,NO,SI
,4808,"  1,005 ",  159 ,  0.0032 ,  1.6050 ,  0.0128 ,  500 ,  4 ,#N/A,#N/A,#N/A,#N/A,,NO,SI
,4809,"  1,126 ",  154 ,  0.0030 ,  1.4889 ,  0.0119 ,  500 ,  4 ,#N/A,#N/A,#N/A,#N/A,,NO,SI
,4810,  299 ,  48 ,  0.0029 ,  1.4537 ,  0.0116 ,  500 ,  4 ,#N/A,#N/A,#N/A,#N/A,,NO,SI
,4811,  165 ,  31 ,  0.0021 ,  2.1380 ,  0.0128 ,"  1,000 ",  6 ,#N/A,#N/A,#N/A,#N/A,,NO,SI
,4812,  75 ,  18 ,  0.0029 ,  2.9412 ,  0.0118 ,"  1,000 ",  4 ,#N/A,#N/A,#N/A,#N/A,,NO,SI
,4813,  289 ,  29 ,  0.0032 ,  3.2100 ,  0.0128 ,"  1,000 ",  4 ,#N/A,#N/A,#N/A,#N/A,,NO,SI
,4814,  47 ,#N/A,#N/A,#N/A,#N/A,  500 ,  6 ,  1.63 ,#N/A,#N/A,#N/A,,NO,SI
,4815,  417 ,  71 ,  0.0020 ,  1.0096 ,  0.0121 ,  500 ,  6 ,#N/A,#N/A,#N/A,#N/A,,NO,SI
,4816,  758 ,  125 ,  0.0020 ,  1.0000 ,  0.0120 ,  500 ,  6 ,#N/A,#N/A,#N/A,#N/A,,NO,SI
,4817,  404 ,  71 ,  0.0032 ,  1.6050 ,  0.0128 ,  500 ,  4 ,#N/A,#N/A,#N/A,#N/A,,NO,SI
,4818,  501 ,  82 ,  0.0028 ,  1.3944 ,  0.0112 ,  500 ,  4 ,#N/A,#N/A,#N/A,#N/A,,NO,SI
,4819,  254 ,  35 ,  0.0021 ,  0.5280 ,  0.0169 ,  250 ,  8 ,#N/A,#N/A,#N/A,#N/A,,NO,SI
,4820,  585 ,  92 ,  0.0023 ,  0.5700 ,  0.0091 ,  250 ,  4 ,#N/A,#N/A,#N/A,#N/A,,NO,SI
,4821,  132 ,  21 ,  0.0006 ,  0.6410 ,  0.0128 ,"  1,000 ",  20 ,#N/A,#N/A,#N/A,#N/A,,NO,SI
,4822,  366 ,  11 ,  0.0008 ,  0.7910 ,  0.0158 ,"  1,000 ",  20 ,#N/A,#N/A,#N/A,#N/A,,NO,SI
,4823,"  7,938 ","  1,115 ",  0.0012 ,  1.2076 ,  0.0145 ,"  1,000 ",  12 ,#N/A,#N/A,#N/A,#N/A,,NO,SI
,4824,  458 ,  70 ,  0.0016 ,  1.6030 ,  0.0128 ,"  1,000 ",  8 ,#N/A,#N/A,#N/A,#N/A,,NO,SI
,4825,"  1,194 ",  147 ,  0.0020 ,  2.0029 ,  0.0120 ,"  1,000 ",  6 ,#N/A,#N/A,#N/A,#N/A,,NO,SI
,4826,  167 ,#N/A,#N/A,#N/A,#N/A,"  1,000 ",  6 ,  1.22 ,#N/A,#N/A,#N/A,,NO,SI
,4827,  126 ,  10 ,  0.0032 ,  3.2100 ,  0.0128 ,"  1,000 ",  4 ,#N/A,#N/A,#N/A,#N/A,,NO,SI
,4828,  580 ,  79 ,  0.0032 ,  3.2100 ,  0.0128 ,"  1,000 ",  4 ,#N/A,#N/A,#N/A,#N/A,,NO,SI
,4829,  87 ,  19 ,  0.0021 ,  1.0690 ,  0.0128 ,  500 ,  6 ,#N/A,#N/A,#N/A,#N/A,,NO,SI
,4830,  148 ,  30 ,  0.0031 ,  3.0702 ,  0.0123 ,"  1,000 ",  4 ,#N/A,#N/A,#N/A,#N/A,,NO,SI
,4831,  35 ,  7 ,  0.0029 ,  3.5100 ,  0.0117 ,"  1,200 ",  4 ,#N/A,#N/A,#N/A,#N/A,,NO,SI
,4832,  20 ,  5 ,  0.0029 ,  2.9250 ,  0.0117 ,"  1,000 ",  4 ,#N/A,#N/A,#N/A,#N/A,,NO,SI
,4833,  91 ,  19 ,  0.0029 ,  2.1938 ,  0.0117 ,  750 ,  4 ,#N/A,#N/A,#N/A,#N/A,,NO,SI
,4834,  71 ,  12 ,  0.0029 ,  2.1750 ,  0.0116 ,  750 ,  4 ,#N/A,#N/A,#N/A,#N/A,,NO,SI
,4835,  360 ,  44 ,  0.0029 ,  1.8850 ,  0.0116 ,  650 ,  4 ,#N/A,#N/A,#N/A,#N/A,,NO,SI
,4836,  44 ,  8 ,  0.0029 ,  1.5950 ,  0.0116 ,  550 ,  4 ,#N/A,#N/A,#N/A,#N/A,,NO,SI
,4837,  160 ,  35 ,  0.0029 ,  1.4625 ,  0.0117 ,  500 ,  4 ,#N/A,#N/A,#N/A,#N/A,,NO,SI
,4838,  35 ,  4 ,  0.0029 ,  1.4500 ,  0.0116 ,  500 ,  4 ,#N/A,#N/A,#N/A,#N/A,,NO,SI
,4839,  128 ,  23 ,  0.0029 ,  1.3050 ,  0.0116 ,  450 ,  4 ,#N/A,#N/A,#N/A,#N/A,,NO,SI
,4840,  80 ,  12 ,  0.0029 ,  2.1750 ,  0.0116 ,  750 ,  4 ,#N/A,#N/A,#N/A,#N/A,,NO,SI
,4841,  53 ,  12 ,  0.0029 ,  1.7550 ,  0.0117 ,  600 ,  4 ,#N/A,#N/A,#N/A,#N/A,,NO,SI
,4842,  201 ,  26 ,  0.0029 ,  1.4625 ,  0.0117 ,  500 ,  4 ,#N/A,#N/A,#N/A,#N/A,,NO,SI
,4843,  67 ,  13 ,  0.0029 ,  1.3163 ,  0.0117 ,  450 ,  4 ,#N/A,#N/A,#N/A,#N/A,,NO,SI
,4844,"  1,038 ",  201 ,  0.0029 ,  1.1600 ,  0.0116 ,  400 ,  4 ,#N/A,#N/A,#N/A,#N/A,,NO,SI
,4845,  879 ,  107 ,  0.0029 ,  1.0150 ,  0.0116 ,  350 ,  4 ,#N/A,#N/A,#N/A,#N/A,,NO,SI
,4846,"  1,387 ",  122 ,  0.0029 ,  0.8700 ,  0.0116 ,  300 ,  4 ,#N/A,#N/A,#N/A,#N/A,,NO,SI
,4847,  297 ,  68 ,  0.0029 ,  0.8700 ,  0.0116 ,  300 ,  4 ,#N/A,#N/A,#N/A,#N/A,,NO,SI
,4848,  932 ,  96 ,  0.0029 ,  0.8120 ,  0.0116 ,  280 ,  4 ,#N/A,#N/A,#N/A,#N/A,,NO,SI
,4849,  79 ,  14 ,  0.0029 ,  0.7605 ,  0.0117 ,  260 ,  4 ,#N/A,#N/A,#N/A,#N/A,,NO,SI
,4850,  417 ,  43 ,  0.0029 ,  0.7313 ,  0.0117 ,  250 ,  4 ,#N/A,#N/A,#N/A,#N/A,,NO,SI
,4851,  884 ,  64 ,  0.0029 ,  0.5800 ,  0.0116 ,  200 ,  4 ,#N/A,#N/A,#N/A,#N/A,,NO,SI
,4852,  118 ,  16 ,  0.0029 ,  0.5800 ,  0.0116 ,  200 ,  4 ,#N/A,#N/A,#N/A,#N/A,,NO,SI
,4853,  292 ,  43 ,  0.0029 ,  0.5850 ,  0.0117 ,  200 ,  4 ,#N/A,#N/A,#N/A,#N/A,,NO,SI
,4854,  319 ,  40 ,  0.0029 ,  0.7250 ,  0.0116 ,  250 ,  4 ,#N/A,#N/A,#N/A,#N/A,,NO,SI
,4855,  136 ,  29 ,  0.0029 ,  0.5850 ,  0.0117 ,  200 ,  4 ,#N/A,#N/A,#N/A,#N/A,,NO,SI
,4856,"  1,090 ",  138 ,  0.0029 ,  0.5850 ,  0.0117 ,  200 ,  4 ,#N/A,#N/A,#N/A,#N/A,,NO,SI
,4857,  234 ,  50 ,  0.0029 ,  0.5850 ,  0.0117 ,  200 ,  4 ,#N/A,#N/A,#N/A,#N/A,,NO,SI
,4858,  656 ,  82 ,  0.0029 ,  0.4388 ,  0.0117 ,  150 ,  4 ,#N/A,#N/A,#N/A,#N/A,,NO,SI
,4859,  66 ,  12 ,  0.0029 ,  0.4388 ,  0.0117 ,  150 ,  4 ,#N/A,#N/A,#N/A,#N/A,,NO,SI
,4860,  210 ,  40 ,  0.0029 ,  0.4388 ,  0.0117 ,  150 ,  4 ,#N/A,#N/A,#N/A,#N/A,,NO,SI
,4861,  552 ,  83 ,  0.0029 ,  0.4060 ,  0.0116 ,  140 ,  4 ,#N/A,#N/A,#N/A,#N/A,,NO,SI
,4862,  107 ,  27 ,  0.0029 ,  0.3510 ,  0.0117 ,  120 ,  4 ,#N/A,#N/A,#N/A,#N/A,,NO,SI
,4863,  367 ,  26 ,  0.0029 ,  0.3480 ,  0.0116 ,  120 ,  4 ,#N/A,#N/A,#N/A,#N/A,,NO,SI
,4864,  79 ,  19 ,  0.0029 ,  0.3510 ,  0.0117 ,  120 ,  4 ,#N/A,#N/A,#N/A,#N/A,,NO,SI
,4865,  104 ,  22 ,  0.0029 ,  0.2900 ,  0.0116 ,  100 ,  4 ,#N/A,#N/A,#N/A,#N/A,,NO,SI
,4866,  82 ,  11 ,  0.0029 ,  0.5220 ,  0.0116 ,  180 ,  4 ,#N/A,#N/A,#N/A,#N/A,,NO,SI
,4867,  22 ,  8 ,  0.0029 ,  0.4350 ,  0.0116 ,  150 ,  4 ,#N/A,#N/A,#N/A,#N/A,,NO,SI
,4868,  83 ,  13 ,  0.0029 ,  0.4350 ,  0.0116 ,  150 ,  4 ,#N/A,#N/A,#N/A,#N/A,,NO,SI
,4869,  60 ,  13 ,  0.0029 ,  0.4060 ,  0.0116 ,  140 ,  4 ,#N/A,#N/A,#N/A,#N/A,,NO,SI
,4870,  167 ,  24 ,  0.0029 ,  0.3770 ,  0.0116 ,  130 ,  4 ,#N/A,#N/A,#N/A,#N/A,,NO,SI
,4871,  41 ,  6 ,  0.0029 ,  0.3480 ,  0.0116 ,  120 ,  4 ,#N/A,#N/A,#N/A,#N/A,,NO,SI
,4872,  54 ,  11 ,  0.0029 ,  0.3480 ,  0.0116 ,  120 ,  4 ,#N/A,#N/A,#N/A,#N/A,,NO,SI
,4873,  224 ,  35 ,  0.0029 ,  0.2925 ,  0.0117 ,  100 ,  4 ,#N/A,#N/A,#N/A,#N/A,,NO,SI
,4874,  41 ,  9 ,  0.0029 ,  0.2925 ,  0.0117 ,  100 ,  4 ,#N/A,#N/A,#N/A,#N/A,,NO,SI
,4875,  70 ,  15 ,  0.0029 ,  0.2320 ,  0.0116 ,  80 ,  4 ,#N/A,#N/A,#N/A,#N/A,,NO,SI
,4876,  15 ,  6 ,  0.0029 ,  0.2175 ,  0.0116 ,  75 ,  4 ,#N/A,#N/A,#N/A,#N/A,,NO,SI
,4877,  40 ,  9 ,  0.0029 ,  0.2030 ,  0.0116 ,  70 ,  4 ,#N/A,#N/A,#N/A,#N/A,,NO,SI
,4878,  158 ,  24 ,  0.0016 ,  2.3625 ,  0.0095 ,"  1,500 ",  6 ,#N/A,#N/A,#N/A,#N/A,,NO,SI
,4879,  324 ,  56 ,  0.0016 ,  2.3625 ,  0.0095 ,"  1,500 ",  6 ,#N/A,#N/A,#N/A,#N/A,,NO,SI
,4880,  318 ,  33 ,  0.0042 ,  8.4000 ,  0.0168 ,"  2,000 ",  4 ,#N/A,#N/A,#N/A,#N/A,,NO,SI
,4881,  120 ,  17 ,  0.0029 ,  4.3875 ,  0.0117 ,"  1,500 ",  4 ,#N/A,#N/A,#N/A,#N/A,,NO,SI
,4882,  285 ,  59 ,  0.0028 ,  3.5163 ,  0.0225 ,"  1,250 ",  8 ,#N/A,#N/A,#N/A,#N/A,,NO,SI
,4883,  122 ,#N/A,#N/A,#N/A,#N/A,"  5,000 ",  4 ,  7.00 ,#N/A,#N/A,#N/A,,NO,SI
,4884,  391 ,  70 ,  0.0045 ,  10.3500 ,  0.0135 ,"  2,300 ",  3 ,#N/A,#N/A,#N/A,#N/A,,NO,SI
,4885,"  1,332 ",  183 ,  0.0011 ,  0.5500 ,  0.0099 ,  500 ,  9 ,#N/A,#N/A,#N/A,#N/A,,NO,SI
,4886,  476 ,  72 ,  0.0034 ,  3.0600 ,  0.0136 ,  900 ,  4 ,#N/A,#N/A,#N/A,#N/A,,NO,SI
,4887,  142 ,  19 ,  0.0034 ,  1.7000 ,  0.0136 ,  500 ,  4 ,#N/A,#N/A,#N/A,#N/A,,NO,SI
,4888,  116 ,  33 ,  0.0036 ,  1.4400 ,  0.0144 ,  400 ,  4 ,#N/A,#N/A,#N/A,#N/A,,NO,SI
,4889,  61 ,  10 ,  0.0036 ,  0.9000 ,  0.0144 ,  250 ,  4 ,#N/A,#N/A,#N/A,#N/A,,NO,SI
,4890,  440 ,  83 ,  0.0034 ,  0.6800 ,  0.0136 ,  200 ,  4 ,#N/A,#N/A,#N/A,#N/A,,NO,SI
,4891,  280 ,  42 ,  0.0034 ,  0.4080 ,  0.0136 ,  120 ,  4 ,#N/A,#N/A,#N/A,#N/A,,NO,SI
,4892,  84 ,  17 ,  0.0034 ,  0.2380 ,  0.0136 ,  70 ,  4 ,#N/A,#N/A,#N/A,#N/A,,NO,SI
,4893,  107 ,  20 ,  0.0034 ,  0.1700 ,  0.0136 ,  50 ,  4 ,#N/A,#N/A,#N/A,#N/A,,NO,SI
,4894,  572 ,  78 ,  0.0034 ,  1.3600 ,  0.0136 ,  400 ,  4 ,#N/A,#N/A,#N/A,#N/A,,NO,SI
,4920,  310 ,  -   ,  -   ,  -   ,  -   ,  -   ,  -   ,  -   ,  -   ,  -   ,  -   ,,NO,SI
,4921,  86 ,  -   ,  -   ,  -   ,  -   ,  -   ,  -   ,  -   ,  -   ,  -   ,  -   ,,NO,SI
,4922,  129 ,  -   ,  -   ,  -   ,  -   ,  -   ,  -   ,  -   ,  -   ,  -   ,  -   ,,NO,SI
,4923,  46 ,  -   ,  -   ,  -   ,  -   ,  -   ,  -   ,  -   ,  -   ,  -   ,  -   ,,NO,SI
,4924,  38 ,  -   ,  -   ,  -   ,  -   ,  -   ,  -   ,  -   ,  -   ,  -   ,  -   ,,NO,SI
,4925,  11 ,  -   ,  -   ,  -   ,  -   ,  -   ,  -   ,  -   ,  -   ,  -   ,  -   ,,NO,SI
,4926,  51 ,  -   ,  -   ,  -   ,  -   ,  -   ,  -   ,  -   ,  -   ,  -   ,  -   ,,NO,SI
,4927,  12 ,  -   ,  -   ,  -   ,  -   ,  -   ,  -   ,  -   ,  -   ,  -   ,  -   ,,NO,SI
,4928,  79 ,  -   ,  -   ,  -   ,  -   ,  -   ,  -   ,  -   ,  -   ,  -   ,  -   ,,NO,SI
,4929,  16 ,  -   ,  -   ,  -   ,  -   ,  -   ,  -   ,  -   ,  -   ,  -   ,  -   ,,NO,SI
,4930,  45 ,  -   ,  -   ,  -   ,  -   ,  -   ,  -   ,  -   ,  -   ,  -   ,  -   ,,NO,SI
,4931,  13 ,  -   ,  -   ,  -   ,  -   ,  -   ,  -   ,  -   ,  -   ,  -   ,  -   ,,NO,SI
,4932,  1 ,  -   ,  -   ,  -   ,  -   ,  -   ,  -   ,  -   ,  -   ,  -   ,  -   ,,NO,SI
,4933,  292 ,  -   ,  -   ,  -   ,  -   ,  -   ,  -   ,  -   ,  -   ,  -   ,  -   ,,NO,SI
,4934,  9 ,  -   ,  -   ,  -   ,  -   ,  -   ,  -   ,  -   ,  -   ,  -   ,  -   ,,NO,SI
,4935,  9 ,  -   ,  -   ,  -   ,  -   ,  -   ,  -   ,  -   ,  -   ,  -   ,  -   ,,NO,SI
,4936,  14 ,  -   ,  -   ,  -   ,  -   ,  -   ,  -   ,  -   ,  -   ,  -   ,  -   ,,NO,SI
,4937,  41 ,  -   ,  -   ,  -   ,  -   ,  -   ,  -   ,  -   ,  -   ,  -   ,  -   ,,NO,SI
,4938,  134 ,  -   ,  -   ,  -   ,  -   ,  -   ,  -   ,  -   ,  -   ,  -   ,  -   ,,NO,SI
,4939,  127 ,  -   ,  -   ,  -   ,  -   ,  -   ,  -   ,  -   ,  -   ,  -   ,  -   ,,NO,SI
,4940,  75 ,  -   ,  -   ,  -   ,  -   ,  -   ,  -   ,  -   ,  -   ,  -   ,  -   ,,NO,SI
,4941,  93 ,  -   ,  -   ,  -   ,  -   ,  -   ,  -   ,  -   ,  -   ,  -   ,  -   ,,NO,SI
,4942,  7 ,  -   ,  -   ,  -   ,  -   ,  -   ,  -   ,  -   ,  -   ,  -   ,  -   ,,NO,SI
,4943,  379 ,  -   ,  -   ,  -   ,  -   ,  -   ,  -   ,  -   ,  -   ,  -   ,  -   ,,NO,SI
,5388,  10 ,  -   ,  -   , #VALUE!,  -   , -,  10 ,#N/A,#N/A,#N/A,#N/A,,NO,SI
,4944,  1 ,  -   ,  -   ,  -   ,  -   ,  -   ,  -   ,  -   ,  -   ,  -   ,  -   ,,NO,SI
,4945,  25 ,  -   ,  -   ,  -   ,  -   ,  -   ,  -   ,  -   ,  -   ,  -   ,  -   ,,NO,SI
,4946,  694 ,  -   ,  -   ,  -   ,  -   ,  -   ,  -   ,  -   ,  -   ,  -   ,  -   ,,NO,SI
,4947,  4 ,  -   ,  -   ,  -   ,  -   ,  -   ,  -   ,  -   ,  -   ,  -   ,  -   ,,NO,SI
,4948,  1 ,  -   ,  -   ,  -   ,  -   ,  -   ,  -   ,  -   ,  -   ,  -   ,  -   ,,NO,SI
,4949,  8 ,  -   ,  -   ,  -   ,  -   ,  -   ,  -   ,  -   ,  -   ,  -   ,  -   ,,NO,SI
,4950,  20 ,  -   ,  -   ,  -   ,  -   ,  -   ,  -   ,  -   ,  -   ,  -   ,  -   ,,NO,SI
,4951,  1 ,  -   ,  -   ,  -   ,  -   ,  -   ,  -   ,  -   ,  -   ,  -   ,  -   ,,NO,SI
,4952,  7 ,  -   ,  -   ,  -   ,  -   ,  -   ,  -   ,  -   ,  -   ,  -   ,  -   ,,NO,SI
,4953,  58 ,  -   ,  -   ,  -   ,  -   ,  -   ,  -   ,  -   ,  -   ,  -   ,  -   ,,NO,SI
,4954,"  2,351 ",  -   ,  -   ,  -   ,  -   ,  -   ,  -   ,  -   ,  -   ,  -   ,  -   ,,NO,SI
,4955,  7 ,  -   ,  -   ,  -   ,  -   ,  -   ,  -   ,  -   ,  -   ,  -   ,  -   ,,NO,SI
,4956,  29 ,  -   ,  -   ,  -   ,  -   ,  -   ,  -   ,  -   ,  -   ,  -   ,  -   ,,NO,SI
,4957,  4 ,  -   ,  -   ,  -   ,  -   ,  -   ,  -   ,  -   ,  -   ,  -   ,  -   ,,NO,SI
,4958,  17 ,  -   ,  -   ,  -   ,  -   ,  -   ,  -   ,  -   ,  -   ,  -   ,  -   ,,NO,SI
,4959,  67 ,  -   ,  -   ,  -   ,  -   ,  -   ,  -   ,  -   ,  -   ,  -   ,  -   ,,NO,SI
,4960,  160 ,  -   ,  -   ,  -   ,  -   ,  -   ,  -   ,  -   ,  -   ,  -   ,  -   ,,NO,SI
,4961,  311 ,  -   ,  -   ,  -   ,  -   ,  -   ,  -   ,  -   ,  -   ,  -   ,  -   ,,NO,SI
,4962,  109 ,  -   ,  -   ,  -   ,  -   ,  -   ,  -   ,  -   ,  -   ,  -   ,  -   ,,NO,SI
,4963,  58 ,  -   ,  -   ,  -   ,  -   ,  -   ,  -   ,  -   ,  -   ,  -   ,  -   ,,NO,SI
,4964,  6 ,  -   ,  -   ,  -   ,  -   ,  -   ,  -   ,  -   ,  -   ,  -   ,  -   ,,NO,SI
,4965,  223 ,  -   ,  -   ,  -   ,  -   ,  -   ,  -   ,  -   ,  -   ,  -   ,  -   ,,NO,SI
,4966,  2 ,  -   ,  -   ,  -   ,  -   ,  -   ,  -   ,  -   ,  -   ,  -   ,  -   ,,NO,SI
,4967,  4 ,  -   ,  -   ,  -   ,  -   ,  -   ,  -   ,  -   ,  -   ,  -   ,  -   ,,NO,SI
,4968,  76 ,  -   ,  -   ,  -   ,  -   ,  -   ,  -   ,  -   ,  -   ,  -   ,  -   ,,NO,SI
,4969,  10 ,  -   ,  -   ,  -   ,  -   ,  -   ,  -   ,  -   ,  -   ,  -   ,  -   ,,NO,SI
,4970,  2 ,  -   ,  -   ,  -   ,  -   ,  -   ,  -   ,  -   ,  -   ,  -   ,  -   ,,NO,SI
,4971,  198 ,  -   ,  -   ,  -   ,  -   ,  -   ,  -   ,  -   ,  -   ,  -   ,  -   ,,NO,SI
,4972,  58 ,  -   ,  -   ,  -   ,  -   ,  -   ,  -   ,  -   ,  -   ,  -   ,  -   ,,NO,SI
,4973,  8 ,  -   ,  -   ,  -   ,  -   ,  -   ,  -   ,  -   ,  -   ,  -   ,  -   ,,NO,SI
,5389,  15 ,  -   ,#N/A,#N/A,#N/A, -, -,#N/A,#N/A,#N/A,#N/A,,NO,SI
,4974,  428 ,  -   ,  -   ,  -   ,  -   ,  -   ,  -   ,  -   ,  -   ,  -   ,  -   ,,NO,SI
,4975,  57 ,  -   ,  -   ,  -   ,  -   ,  -   ,  -   ,  -   ,  -   ,  -   ,  -   ,,NO,SI
,4976,  174 ,  -   ,  -   ,  -   ,  -   ,  -   ,  -   ,  -   ,  -   ,  -   ,  -   ,,NO,SI
,4977,  10 ,  -   ,  -   ,  -   ,  -   ,  -   ,  -   ,  -   ,  -   ,  -   ,  -   ,,NO,SI
,4978,  26 ,  -   ,  -   ,  -   ,  -   ,  -   ,  -   ,  -   ,  -   ,  -   ,  -   ,,NO,SI
,4979,  98 ,  -   ,  -   ,  -   ,  -   ,  -   ,  -   ,  -   ,  -   ,  -   ,  -   ,,NO,SI
,5390,  11 ,  -   ,  0.0011 , #VALUE!,  0.0262 , -,  24 ,  0.68 ,  39.00 ,  200.00 ,  140.00 ,,NO,SI
,4980,  67 ,  -   ,  -   ,  -   ,  -   ,  -   ,  -   ,  -   ,  -   ,  -   ,  -   ,,NO,SI
,5391,  8 ,  -   ,  0.0010 , #VALUE!,  0.0239 , -,  24 ,  0.70 ,  37.50 ,  190.00 ,  140.00 ,,NO,SI
,4981,  2 ,,,,,,,,,,,Reparaciones,NO,SI
,4981,  14 ,,,,,,,,,,,Reparaciones,NO,SI
,4981,  5 ,,,,,,,,,,,Reparaciones,NO,SI
,4981,  1 ,,,,,,,,,,,Reparaciones,NO,SI
,4981,  11 ,,,,,,,,,,,Reparaciones,NO,SI
,4981,  16 ,,,,,,,,,,,Reparaciones,NO,SI
,4981,  55 ,,,,,,,,,,,Reparaciones,NO,SI
,4981,  1 ,,,,,,,,,,,Reparaciones,NO,SI
,4981,  1 ,,,,,,,,,,,Reparaciones,NO,SI
,4981,  1 ,,,,,,,,,,,Reparaciones,NO,SI
,4981,  1 ,,,,,,,,,,,Reparaciones,NO,SI
,4981,  1 ,,,,,,,,,,,Reparaciones,NO,SI
,4981,  1 ,,,,,,,,,,,Reparaciones,NO,SI
,4981,  17 ,,,,,,,,,,,Reparaciones,NO,SI
,4981,  1 ,,,,,,,,,,,Reparaciones,NO,SI
,4981,  1 ,,,,,,,,,,,Reparaciones,NO,SI
,4981,  8 ,,,,,,,,,,,Reparaciones,NO,SI
,4981,  6 ,,,,,,,,,,,Reparaciones,NO,SI
,4981,  1 ,,,,,,,,,,,Reparaciones,NO,SI
,4981,  12 ,,,,,,,,,,,Reparaciones,NO,SI
,4981,  2 ,,,,,,,,,,,Reparaciones,NO,SI
,4981,  11 ,,,,,,,,,,,Reparaciones,NO,SI
,4981,  1 ,,,,,,,,,,,Reparaciones,NO,SI
,4981,  1 ,,,,,,,,,,,Reparaciones,NO,SI
,4981,  21 ,,,,,,,,,,,Reparaciones,NO,SI
,4981,  1 ,,,,,,,,,,,Reparaciones,NO,SI
,4981,  5 ,,,,,,,,,,,Reparaciones,NO,SI
,4981,  136 ,,,,,,,,,,,Reparaciones,NO,SI
,4981,  1 ,,,,,,,,,,,Reparaciones,NO,SI
,4981,  1 ,,,,,,,,,,,Reparaciones,NO,SI
,4981,  23 ,,,,,,,,,,,Reparaciones,NO,SI
,4981,  1 ,,,,,,,,,,,Reparaciones,NO,SI
,4981,  1 ,,,,,,,,,,,Reparaciones,NO,SI
,4981,  3 ,,,,,,,,,,,Reparaciones,NO,SI
,4981,  81 ,,,,,,,,,,,Reparaciones,NO,SI
,4981,  1 ,,,,,,,,,,,Reparaciones,NO,SI
,4981,  1 ,,,,,,,,,,,Reparaciones,NO,SI
,4981,  1 ,,,,,,,,,,,Reparaciones,NO,SI
,4981,  9 ,,,,,,,,,,,Reparaciones,NO,SI
,4981,  3 ,,,,,,,,,,,Reparaciones,NO,SI
,4981,  3 ,,,,,,,,,,,Reparaciones,NO,SI
,4981,  1 ,,,,,,,,,,,Reparaciones,NO,SI
,4981,  6 ,,,,,,,,,,,Reparaciones,NO,SI
,4981,  6 ,,,,,,,,,,,Reparaciones,NO,SI
,4981,  1 ,,,,,,,,,,,Reparaciones,NO,SI
,4981,  2 ,,,,,,,,,,,Reparaciones,NO,SI
,4981,  1 ,,,,,,,,,,,Reparaciones,NO,SI
,4981,  3 ,,,,,,,,,,,Reparaciones,NO,SI
,4981,  6 ,,,,,,,,,,,Reparaciones,NO,SI
,4981,  20 ,,,,,,,,,,,Reparaciones,NO,SI
,4981,  14 ,,,,,,,,,,,Reparaciones,NO,SI
,4981,  1 ,,,,,,,,,,,Reparaciones,NO,SI
,4981,  1 ,,,,,,,,,,,Reparaciones,NO,SI
,4981,  1 ,,,,,,,,,,,Reparaciones,NO,SI
,4981,  16 ,,,,,,,,,,,Reparaciones,NO,SI
,4981,  5 ,,,,,,,,,,,Reparaciones,NO,SI
,4981,  9 ,,,,,,,,,,,Reparaciones,NO,SI
,4981,  1 ,,,,,,,,,,,Reparaciones,NO,SI
,4981,  2 ,,,,,,,,,,,Reparaciones,NO,SI
,4981,  18 ,,,,,,,,,,,Reparaciones,NO,SI
,4981,  1 ,,,,,,,,,,,Reparaciones,NO,SI
,4981,  9 ,,,,,,,,,,,Reparaciones,NO,SI
,4981,  2 ,,,,,,,,,,,Reparaciones,NO,SI
,4981,  6 ,,,,,,,,,,,Reparaciones,NO,SI
,4981,  37 ,,,,,,,,,,,Reparaciones,NO,SI
,4981,  4 ,,,,,,,,,,,Reparaciones,NO,SI
,4981,  23 ,,,,,,,,,,,Reparaciones,NO,SI
,4981,  1 ,,,,,,,,,,,Reparaciones,NO,SI
,4981,  2 ,,,,,,,,,,,Reparaciones,NO,SI
,4981,  23 ,,,,,,,,,,,Reparaciones,NO,SI
,4981,  7 ,,,,,,,,,,,Reparaciones,NO,SI
,4981,  2 ,,,,,,,,,,,Reparaciones,NO,SI
,4981,  2 ,,,,,,,,,,,Reparaciones,NO,SI
,4981,  1 ,,,,,,,,,,,Reparaciones,NO,SI
,4981,  2 ,,,,,,,,,,,Reparaciones,NO,SI
,4981,  1 ,,,,,,,,,,,Reparaciones,NO,SI
,4981,  5 ,,,,,,,,,,,Reparaciones,NO,SI
,4981,  1 ,,,,,,,,,,,Reparaciones,NO,SI
,4981,  1 ,,,,,,,,,,,Reparaciones,NO,SI
,4981,  1 ,,,,,,,,,,,Reparaciones,NO,SI
,4981,  1 ,,,,,,,,,,,Reparaciones,NO,SI
,4981,  4 ,,,,,,,,,,,Reparaciones,NO,SI
,4981,  1 ,,,,,,,,,,,Reparaciones,NO,SI
,4982,  201 ,  -   ,  -   ,  -   ,  -   ,  -   ,  -   ,  -   ,  -   ,  -   ,  -   ,,NO,SI
,4983,  6 ,  -   ,  -   ,  -   ,  -   ,  -   ,  -   ,  -   ,  -   ,  -   ,  -   ,,NO,SI
,4984,  1 ,  -   ,  -   ,  -   ,  -   ,  -   ,  -   ,  -   ,  -   ,  -   ,  -   ,,NO,SI
,4985,  2 ,  -   ,  -   ,  -   ,  -   ,  -   ,  -   ,  -   ,  -   ,  -   ,  -   ,,NO,SI
,4986,  3 ,  -   ,  -   ,  -   ,  -   ,  -   ,  -   ,  -   ,  -   ,  -   ,  -   ,,NO,SI
,4987,  14 ,  -   ,  -   ,  -   ,  -   ,  -   ,  -   ,  -   ,  -   ,  -   ,  -   ,,NO,SI
,4988,  5 ,  -   ,  -   ,  -   ,  -   ,  -   ,  -   ,  -   ,  -   ,  -   ,  -   ,,NO,SI
,4989,  42 ,  -   ,  -   ,  -   ,  -   ,  -   ,  -   ,  -   ,  -   ,  -   ,  -   ,,NO,SI
,4990,  5 ,  -   ,  -   ,  -   ,  -   ,  -   ,  -   ,  -   ,  -   ,  -   ,  -   ,,NO,SI
,4991,  14 ,  -   ,  -   ,  -   ,  -   ,  -   ,  -   ,  -   ,  -   ,  -   ,  -   ,,NO,SI
,4992,  7 ,  -   ,  -   ,  -   ,  -   ,  -   ,  -   ,  -   ,  -   ,  -   ,  -   ,,NO,SI
,4993,  1 ,  -   ,  -   ,  -   ,  -   ,  -   ,  -   ,  -   ,  -   ,  -   ,  -   ,,NO,SI
,4994,  5 ,  -   ,  -   ,  -   ,  -   ,  -   ,  -   ,  -   ,  -   ,  -   ,  -   ,,NO,SI
,4995,  13 ,  -   ,  -   ,  -   ,  -   ,  -   ,  -   ,  -   ,  -   ,  -   ,  -   ,,NO,SI
,4996,  11 ,  -   ,  -   ,  -   ,  -   ,  -   ,  -   ,  -   ,  -   ,  -   ,  -   ,,NO,SI
,4997,  10 ,  -   ,  -   ,  -   ,  -   ,  -   ,  -   ,  -   ,  -   ,  -   ,  -   ,,NO,SI
,4998,  7 ,  -   ,  -   ,  -   ,  -   ,  -   ,  -   ,  -   ,  -   ,  -   ,  -   ,,NO,SI
,4999,  6 ,  -   ,  -   ,  -   ,  -   ,  -   ,  -   ,  -   ,  -   ,  -   ,  -   ,,NO,SI
,5000,  24 ,  -   ,  -   ,  -   ,  -   ,  -   ,  -   ,  -   ,  -   ,  -   ,  -   ,,NO,SI
,5001,  2 ,  -   ,  -   ,  -   ,  -   ,  -   ,  -   ,  -   ,  -   ,  -   ,  -   ,,NO,SI
,5002,  1 ,  -   ,  -   ,  -   ,  -   ,  -   ,  -   ,  -   ,  -   ,  -   ,  -   ,,NO,SI
,5003,  1 ,  -   ,  -   ,  -   ,  -   ,  -   ,  -   ,  -   ,  -   ,  -   ,  -   ,,NO,SI
,5004,  10 ,  -   ,  -   ,  -   ,  -   ,  -   ,  -   ,  -   ,  -   ,  -   ,  -   ,,NO,SI
,5005,  3 ,  -   ,  -   ,  -   ,  -   ,  -   ,  -   ,  -   ,  -   ,  -   ,  -   ,,NO,SI
,5006,  10 ,  -   ,  -   ,  -   ,  -   ,  -   ,  -   ,  -   ,  -   ,  -   ,  -   ,,NO,SI
,5007,  25 ,  -   ,  -   ,  -   ,  -   ,  -   ,  -   ,  -   ,  -   ,  -   ,  -   ,,NO,SI
,5008,  136 ,  -   ,  -   ,  -   ,  -   ,  -   ,  -   ,  -   ,  -   ,  -   ,  -   ,,NO,SI
,5009,  5 ,  -   ,  -   ,  -   ,  -   ,  -   ,  -   ,  -   ,  -   ,  -   ,  -   ,,NO,SI
,5010,  6 ,  -   ,  -   ,  -   ,  -   ,  -   ,  -   ,  -   ,  -   ,  -   ,  -   ,,NO,SI
,5011,  2 ,  -   ,  -   ,  -   ,  -   ,  -   ,  -   ,  -   ,  -   ,  -   ,  -   ,,NO,SI
,5012,  227 ,  -   ,  -   ,  -   ,  -   ,  -   ,  -   ,  -   ,  -   ,  -   ,  -   ,,NO,SI
,5013,  11 ,  -   ,  -   ,  -   ,  -   ,  -   ,  -   ,  -   ,  -   ,  -   ,  -   ,,NO,SI
,5014,  10 ,  -   ,  -   ,  -   ,  -   ,  -   ,  -   ,  -   ,  -   ,  -   ,  -   ,,NO,SI
,5015,  8 ,  -   ,  -   ,  -   ,  -   ,  -   ,  -   ,  -   ,  -   ,  -   ,  -   ,,NO,SI
,5016,  33 ,  -   ,  -   ,  -   ,  -   ,  -   ,  -   ,  -   ,  -   ,  -   ,  -   ,,NO,SI
,5017,  82 ,  -   ,  -   ,  -   ,  -   ,  -   ,  -   ,  -   ,  -   ,  -   ,  -   ,,NO,SI
,5018,  577 ,  -   ,  -   ,  -   ,  -   ,  -   ,  -   ,  -   ,  -   ,  -   ,  -   ,,NO,SI
,5019,  23 ,  -   ,  -   ,  -   ,  -   ,  -   ,  -   ,  -   ,  -   ,  -   ,  -   ,,NO,SI
,5020,  39 ,  -   ,  -   ,  -   ,  -   ,  -   ,  -   ,  -   ,  -   ,  -   ,  -   ,,NO,SI
,5021,  30 ,  -   ,  -   ,  -   ,  -   ,  -   ,  -   ,  -   ,  -   ,  -   ,  -   ,,NO,SI
,5022,  35 ,  -   ,  -   ,  -   ,  -   ,  -   ,  -   ,  -   ,  -   ,  -   ,  -   ,,NO,SI
,5023,  2 ,  -   ,  -   ,  -   ,  -   ,  -   ,  -   ,  -   ,  -   ,  -   ,  -   ,,NO,SI
,5024,  842 ,  -   ,  -   ,  -   ,  -   ,  -   ,  -   ,  -   ,  -   ,  -   ,  -   ,,NO,SI
,5025,  1 ,  -   ,  -   ,  -   ,  -   ,  -   ,  -   ,  -   ,  -   ,  -   ,  -   ,,NO,SI
,5026,  25 ,  -   ,  -   ,  -   ,  -   ,  -   ,  -   ,  -   ,  -   ,  -   ,  -   ,,NO,SI
,5027,  78 ,  -   ,  -   ,  -   ,  -   ,  -   ,  -   ,  -   ,  -   ,  -   ,  -   ,,NO,SI
,5028,  135 ,  -   ,  -   ,  -   ,  -   ,  -   ,  -   ,  -   ,  -   ,  -   ,  -   ,,NO,SI
,5029,  145 ,  -   ,  -   ,  -   ,  -   ,  -   ,  -   ,  -   ,  -   ,  -   ,  -   ,,NO,SI
,5030,  163 ,  -   ,  -   ,  -   ,  -   ,  -   ,  -   ,  -   ,  -   ,  -   ,  -   ,,NO,SI
,5031,  65 ,  -   ,  -   ,  -   ,  -   ,  -   ,  -   ,  -   ,  -   ,  -   ,  -   ,,NO,SI
,5032,  483 ,  -   ,  -   ,  -   ,  -   ,  -   ,  -   ,  -   ,  -   ,  -   ,  -   ,,NO,SI
,5033,  8 ,  -   ,  -   ,  -   ,  -   ,  -   ,  -   ,  -   ,  -   ,  -   ,  -   ,,NO,SI
,5034,  19 ,  -   ,  -   ,  -   ,  -   ,  -   ,  -   ,  -   ,  -   ,  -   ,  -   ,,NO,SI
,5035,  32 ,  -   ,  -   ,  -   ,  -   ,  -   ,  -   ,  -   ,  -   ,  -   ,  -   ,,NO,SI
,5036,  76 ,  -   ,  -   ,  -   ,  -   ,  -   ,  -   ,  -   ,  -   ,  -   ,  -   ,,NO,SI
,5037,  9 ,  -   ,  -   ,  -   ,  -   ,  -   ,  -   ,  -   ,  -   ,  -   ,  -   ,,NO,SI
,5038,  4 ,  -   ,  -   ,  -   ,  -   ,  -   ,  -   ,  -   ,  -   ,  -   ,  -   ,,NO,SI
,5039,  168 ,  -   ,  -   ,  -   ,  -   ,  -   ,  -   ,  -   ,  -   ,  -   ,  -   ,,NO,SI
,5392,  15 ,  -   ,  0.0012 , #VALUE!,  0.0744 , -,  60 ,  0.21 ,  63.60 ,  115.00 ,  170.00 ,,NO,SI
,5040,  18 ,  -   ,  -   ,  -   ,  -   ,  -   ,  -   ,  -   ,  -   ,  -   ,  -   ,,NO,SI
,5041,"  1,890 ",  -   ,  -   ,  -   ,  -   ,  -   ,  -   ,  -   ,  -   ,  -   ,  -   ,,NO,SI
,5393,  33 ,  -   ,#N/A,#N/A,#N/A,#N/A,#N/A,#N/A,#N/A,#N/A,#N/A,,NO,SI
,5042,  611 ,  -   ,  -   ,  -   ,  -   ,  -   ,  -   ,  -   ,  -   ,  -   ,  -   ,,NO,SI
,5394,  1 ,  -   ,#N/A,#N/A,#N/A,#N/A,#N/A,#N/A,#N/A,#N/A,#N/A,,NO,SI
,5043,  10 ,  -   ,  -   ,  -   ,  -   ,  -   ,  -   ,  -   ,  -   ,  -   ,  -   ,,NO,SI
,5044,  97 ,  -   ,  -   ,  -   ,  -   ,  -   ,  -   ,  -   ,  -   ,  -   ,  -   ,,NO,SI
,5045,  66 ,  -   ,  -   ,  -   ,  -   ,  -   ,  -   ,  -   ,  -   ,  -   ,  -   ,,NO,SI
,5046,  70 ,  -   ,  -   ,  -   ,  -   ,  -   ,  -   ,  -   ,  -   ,  -   ,  -   ,,NO,SI
,5047,"  2,231 ",  -   ,  -   ,  -   ,  -   ,  -   ,  -   ,  -   ,  -   ,  -   ,  -   ,,NO,SI
,5048,  18 ,  -   ,  -   ,  -   ,  -   ,  -   ,  -   ,  -   ,  -   ,  -   ,  -   ,,NO,SI
,5049,  14 ,  -   ,  -   ,  -   ,  -   ,  -   ,  -   ,  -   ,  -   ,  -   ,  -   ,,NO,SI
,5050,  8 ,  -   ,  -   ,  -   ,  -   ,  -   ,  -   ,  -   ,  -   ,  -   ,  -   ,,NO,SI
,5051,  4 ,  -   ,  -   ,  -   ,  -   ,  -   ,  -   ,  -   ,  -   ,  -   ,  -   ,,NO,SI
,5052,  8 ,  -   ,  -   ,  -   ,  -   ,  -   ,  -   ,  -   ,  -   ,  -   ,  -   ,,NO,SI
,5053,  411 ,  -   ,  -   ,  -   ,  -   ,  -   ,  -   ,  -   ,  -   ,  -   ,  -   ,,NO,SI
,5054,  513 ,  -   ,  -   ,  -   ,  -   ,  -   ,  -   ,  -   ,  -   ,  -   ,  -   ,,NO,SI
,5055,  114 ,  -   ,  -   ,  -   ,  -   ,  -   ,  -   ,  -   ,  -   ,  -   ,  -   ,,NO,SI
,5056,  66 ,  -   ,  -   ,  -   ,  -   ,  -   ,  -   ,  -   ,  -   ,  -   ,  -   ,,NO,SI
,5395,  73 ,  -   ,  0.0007 , #VALUE!, #VALUE!, -, -,  0.12 ,  70.00 ,  100.00 ,  100.00 ,,NO,SI
,5057,  618 ,  -   ,  -   ,  -   ,  -   ,  -   ,  -   ,  -   ,  -   ,  -   ,  -   ,,NO,SI
,5396,  491 ,  -   ,  0.0001 , #VALUE!, #VALUE!, -, -,  0.10 ,  50.00 ,  50.00 ,  50.00 ,,NO,SI
,5058,  1 ,  -   ,  -   ,  -   ,  -   ,  -   ,  -   ,  -   ,  -   ,  -   ,  -   ,,NO,SI
,5059,  35 ,  -   ,  -   ,  -   ,  -   ,  -   ,  -   ,  -   ,  -   ,  -   ,  -   ,,NO,SI
,5060,  221 ,  -   ,  -   ,  -   ,  -   ,  -   ,  -   ,  -   ,  -   ,  -   ,  -   ,,NO,SI
,5061,  513 ,  -   ,  -   ,  -   ,  -   ,  -   ,  -   ,  -   ,  -   ,  -   ,  -   ,,NO,SI
,5397,  2 ,  -   ,  0.0003 , #VALUE!,  0.0665 , -,  196 ,  0.06 ,  70.80 ,  70.10 ,  68.50 ,,NO,SI
,5397,  18 ,  -   ,  0.0003 , #VALUE!,  0.0665 , -,  196 ,  0.06 ,  70.80 ,  70.10 ,  68.50 ,,NO,SI
,5397,  331 ,  -   ,  0.0003 , #VALUE!,  0.0665 , -,  196 ,  0.06 ,  70.80 ,  70.10 ,  68.50 ,,NO,SI
,5062,  10 ,  -   ,  -   ,  -   ,  -   ,  -   ,  -   ,  -   ,  -   ,  -   ,  -   ,,NO,SI
,5063,  147 ,  -   ,  -   ,  -   ,  -   ,  -   ,  -   ,  -   ,  -   ,  -   ,  -   ,,NO,SI
,5064,  163 ,  -   ,  -   ,  -   ,  -   ,  -   ,  -   ,  -   ,  -   ,  -   ,  -   ,,NO,SI
,5065,  95 ,  -   ,  -   ,  -   ,  -   ,  -   ,  -   ,  -   ,  -   ,  -   ,  -   ,,NO,SI
,5066,  109 ,  -   ,  -   ,  -   ,  -   ,  -   ,  -   ,  -   ,  -   ,  -   ,  -   ,,NO,SI
,5067,  160 ,  -   ,  -   ,  -   ,  -   ,  -   ,  -   ,  -   ,  -   ,  -   ,  -   ,,NO,SI
,5068,  582 ,  -   ,  -   ,  -   ,  -   ,  -   ,  -   ,  -   ,  -   ,  -   ,  -   ,,NO,SI
,5069,  325 ,  -   ,  -   ,  -   ,  -   ,  -   ,  -   ,  -   ,  -   ,  -   ,  -   ,,NO,SI
,5070,  81 ,  -   ,  -   ,  -   ,  -   ,  -   ,  -   ,  -   ,  -   ,  -   ,  -   ,,NO,SI
,5071,  299 ,  -   ,  -   ,  -   ,  -   ,  -   ,  -   ,  -   ,  -   ,  -   ,  -   ,,NO,SI
,5072,  455 ,  -   ,  -   ,  -   ,  -   ,  -   ,  -   ,  -   ,  -   ,  -   ,  -   ,,NO,SI
,5073,  292 ,  -   ,  -   ,  -   ,  -   ,  -   ,  -   ,  -   ,  -   ,  -   ,  -   ,,NO,SI
,5074,  21 ,  -   ,  -   ,  -   ,  -   ,  -   ,  -   ,  -   ,  -   ,  -   ,  -   ,,NO,SI
,5075,  28 ,  -   ,  -   ,  -   ,  -   ,  -   ,  -   ,  -   ,  -   ,  -   ,  -   ,,NO,SI
,5076,  428 ,  -   ,  -   ,  -   ,  -   ,  -   ,  -   ,  -   ,  -   ,  -   ,  -   ,,NO,SI
,5077,  6 ,  -   ,  -   ,  -   ,  -   ,  -   ,  -   ,  -   ,  -   ,  -   ,  -   ,,NO,SI
,5078,  1 ,  -   ,  -   ,  -   ,  -   ,  -   ,  -   ,  -   ,  -   ,  -   ,  -   ,,NO,SI
,5079,  968 ,  -   ,  -   ,  -   ,  -   ,  -   ,  -   ,  -   ,  -   ,  -   ,  -   ,,NO,SI
,5080,  230 ,  -   ,  -   ,  -   ,  -   ,  -   ,  -   ,  -   ,  -   ,  -   ,  -   ,,NO,SI
,5081,  409 ,  -   ,  -   ,  -   ,  -   ,  -   ,  -   ,  -   ,  -   ,  -   ,  -   ,,NO,SI
,5082,  118 ,  -   ,  -   ,  -   ,  -   ,  -   ,  -   ,  -   ,  -   ,  -   ,  -   ,,NO,SI
,5083,  204 ,  -   ,  -   ,  -   ,  -   ,  -   ,  -   ,  -   ,  -   ,  -   ,  -   ,,NO,SI
,5084,  395 ,  -   ,  -   ,  -   ,  -   ,  -   ,  -   ,  -   ,  -   ,  -   ,  -   ,,NO,SI
,5085,  1 ,  -   ,  -   ,  -   ,  -   ,  -   ,  -   ,  -   ,  -   ,  -   ,  -   ,,NO,SI
,5086,  6 ,  -   ,  -   ,  -   ,  -   ,  -   ,  -   ,  -   ,  -   ,  -   ,  -   ,,NO,SI
,5087,  1 ,  -   ,  -   ,  -   ,  -   ,  -   ,  -   ,  -   ,  -   ,  -   ,  -   ,,NO,SI
,5088,  2 ,  -   ,  -   ,  -   ,  -   ,  -   ,  -   ,  -   ,  -   ,  -   ,  -   ,,NO,SI
,5089,  6 ,  -   ,  -   ,  -   ,  -   ,  -   ,  -   ,  -   ,  -   ,  -   ,  -   ,,NO,SI
,5090,  283 ,  -   ,  -   ,  -   ,  -   ,  -   ,  -   ,  -   ,  -   ,  -   ,  -   ,,NO,SI
,5091,  494 ,  -   ,  -   ,  -   ,  -   ,  -   ,  -   ,  -   ,  -   ,  -   ,  -   ,,NO,SI
,5092,  7 ,  -   ,  -   ,  -   ,  -   ,  -   ,  -   ,  -   ,  -   ,  -   ,  -   ,,NO,SI
,5093,  4 ,  -   ,  -   ,  -   ,  -   ,  -   ,  -   ,  -   ,  -   ,  -   ,  -   ,,NO,SI
,5094,  50 ,  -   ,  -   ,  -   ,  -   ,  -   ,  -   ,  -   ,  -   ,  -   ,  -   ,,NO,SI
,5095,  31 ,  -   ,  -   ,  -   ,  -   ,  -   ,  -   ,  -   ,  -   ,  -   ,  -   ,,NO,SI
,5096,  10 ,  -   ,  -   ,  -   ,  -   ,  -   ,  -   ,  -   ,  -   ,  -   ,  -   ,,NO,SI
,5097,  25 ,  -   ,  -   ,  -   ,  -   ,  -   ,  -   ,  -   ,  -   ,  -   ,  -   ,,NO,SI
,5098,  7 ,  -   ,  -   ,  -   ,  -   ,  -   ,  -   ,  -   ,  -   ,  -   ,  -   ,,NO,SI
,5099,  19 ,  -   ,  -   ,  -   ,  -   ,  -   ,  -   ,  -   ,  -   ,  -   ,  -   ,,NO,SI
,5100,  4 ,  -   ,  -   ,  -   ,  -   ,  -   ,  -   ,  -   ,  -   ,  -   ,  -   ,,NO,SI
,5101,  22 ,  -   ,  -   ,  -   ,  -   ,  -   ,  -   ,  -   ,  -   ,  -   ,  -   ,,NO,SI
,5102,  6 ,  -   ,  -   ,  -   ,  -   ,  -   ,  -   ,  -   ,  -   ,  -   ,  -   ,,NO,SI
,5103,  25 ,  -   ,  -   ,  -   ,  -   ,  -   ,  -   ,  -   ,  -   ,  -   ,  -   ,,NO,SI
,5104,  12 ,  -   ,  -   ,  -   ,  -   ,  -   ,  -   ,  -   ,  -   ,  -   ,  -   ,,NO,SI
,5105,  15 ,  -   ,  -   ,  -   ,  -   ,  -   ,  -   ,  -   ,  -   ,  -   ,  -   ,,NO,SI
,5106,  17 ,  -   ,  -   ,  -   ,  -   ,  -   ,  -   ,  -   ,  -   ,  -   ,  -   ,,NO,SI
,5107,  16 ,  -   ,  -   ,  -   ,  -   ,  -   ,  -   ,  -   ,  -   ,  -   ,  -   ,,NO,SI
,5108,  7 ,  -   ,  -   ,  -   ,  -   ,  -   ,  -   ,  -   ,  -   ,  -   ,  -   ,,NO,SI
,5109,  24 ,  -   ,  -   ,  -   ,  -   ,  -   ,  -   ,  -   ,  -   ,  -   ,  -   ,,NO,SI
,5110,  13 ,  -   ,  -   ,  -   ,  -   ,  -   ,  -   ,  -   ,  -   ,  -   ,  -   ,,NO,SI
,5111,  1 ,,,,,,,,,,,Garantía,NO,SI
,5111,  1 ,,,,,,,,,,,Garantía,NO,SI
,5111,  1 ,,,,,,,,,,,Garantía,NO,SI
,5111,  1 ,,,,,,,,,,,Garantía,NO,SI
,5111,  1 ,,,,,,,,,,,Garantía,NO,SI
,5111,  1 ,,,,,,,,,,,Garantía,NO,SI
,5111,  1 ,,,,,,,,,,,Garantía,NO,SI
,5111,  1 ,,,,,,,,,,,Garantía,NO,SI
,5111,  1 ,,,,,,,,,,,Garantía,NO,SI
,5111,  1 ,,,,,,,,,,,Garantía,NO,SI
,5111,  1 ,,,,,,,,,,,Garantía,NO,SI
,5111,  1 ,,,,,,,,,,,Garantía,NO,SI
,5111,  1 ,,,,,,,,,,,Garantía,NO,SI
,5111,  1 ,,,,,,,,,,,Garantía,NO,SI
,5111,  1 ,,,,,,,,,,,Garantía,NO,SI
,5111,  1 ,,,,,,,,,,,Garantía,NO,SI
,5111,  1 ,,,,,,,,,,,Garantía,NO,SI
,5111,  1 ,,,,,,,,,,,Garantía,NO,SI
,5111,  1 ,,,,,,,,,,,Garantía,NO,SI
,5111,  1 ,,,,,,,,,,,Garantía,NO,SI
,5111,  1 ,,,,,,,,,,,Garantía,NO,SI
,5111,  1 ,,,,,,,,,,,Garantía,NO,SI
,5111,  1 ,,,,,,,,,,,Garantía,NO,SI
,5111,  1 ,,,,,,,,,,,Garantía,NO,SI
,5111,  1 ,,,,,,,,,,,Garantía,NO,SI
,5111,  1 ,,,,,,,,,,,Garantía,NO,SI
,5111,  1 ,,,,,,,,,,,Garantía,NO,SI
,5111,  1 ,,,,,,,,,,,Garantía,NO,SI
,5111,  1 ,,,,,,,,,,,Garantía,NO,SI
,5111,  1 ,,,,,,,,,,,Garantía,NO,SI
,5111,  1 ,,,,,,,,,,,Garantía,NO,SI
,5111,  1 ,,,,,,,,,,,Garantía,NO,SI
,5111,  1 ,,,,,,,,,,,Garantía,NO,SI
,5111,  1 ,,,,,,,,,,,Garantía,NO,SI
,5111,  1 ,,,,,,,,,,,Garantía,NO,SI
,5111,  1 ,,,,,,,,,,,Garantía,NO,SI
,5111,  1 ,,,,,,,,,,,Garantía,NO,SI
,5111,  1 ,,,,,,,,,,,Garantía,NO,SI
,5111,  1 ,,,,,,,,,,,Garantía,NO,SI
,5111,  1 ,,,,,,,,,,,Garantía,NO,SI
,5111,  1 ,,,,,,,,,,,Garantía,NO,SI
,5111,  1 ,,,,,,,,,,,Garantía,NO,SI
,5112,  8 ,,,,,,,,,,,Marketing,NO,SI
,5113,  29 ,,,,,,,,,,,Marketing,NO,SI
,5114,  106 ,,,,,,,,,,,Marketing,NO,SI
,5115,  346 ,,,,,,,,,,,Marketing,NO,SI
,5116,"  2,293 ",,,,,,,,,,,Marketing,NO,SI
,5117,  5 ,,,,,,,,,,,Marketing,NO,SI
,5118,  27 ,,,,,,,,,,,Marketing,NO,SI
,5119,  2 ,,,,,,,,,,,Marketing,NO,SI
,5120,  383 ,,,,,,,,,,,Marketing,NO,SI
,5121,  12 ,,,,,,,,,,,Marketing,NO,SI
,5122,  3 ,,,,,,,,,,,Marketing,NO,SI
,5123,  1 ,,,,,,,,,,,Marketing,NO,SI
,5124,  2 ,,,,,,,,,,,Marketing,NO,SI
,5125,  10 ,,,,,,,,,,,Marketing,NO,SI
,5126,  6 ,,,,,,,,,,,Marketing,NO,SI
,5127,  17 ,,,,,,,,,,,Marketing,NO,SI
,5128,  9 ,,,,,,,,,,,Marketing,NO,SI
,5129,  8 ,,,,,,,,,,,Marketing,NO,SI
,5130,  999 ,,,,,,,,,,,Marketing,NO,SI
,5131,"  10,387 ",,,,,,,,,,,Marketing,NO,SI
,5132,  20 ,,,,,,,,,,,Marketing,NO,SI
,5133,  464 ,,,,,,,,,,,Marketing,NO,SI
,5134,"  5,901 ",,,,,,,,,,,Marketing,NO,SI
,5135,  131 ,,,,,,,,,,,Marketing,NO,SI
,5136,  4 ,,,,,,,,,,,Marketing,NO,SI
,5137,  5 ,,,,,,,,,,,Marketing,NO,SI
,5138,  5 ,,,,,,,,,,,Marketing,NO,SI
,5139,"  5,080 ",,,,,,,,,,,Marketing,NO,SI
,5140,  417 ,,,,,,,,,,,Marketing,NO,SI
,5141,  930 ,,,,,,,,,,,Marketing,NO,SI
,5142,  923 ,,,,,,,,,,,Marketing,NO,SI
,5143,  931 ,,,,,,,,,,,Marketing,NO,SI
,5144,  480 ,,,,,,,,,,,Marketing,NO,SI
,5145,  5 ,,,,,,,,,,,Marketing,NO,SI
,5146,"  1,259 ",,,,,,,,,,,Marketing,NO,SI
,5147,  127 ,,,,,,,,,,,Marketing,NO,SI
,5148,  105 ,,,,,,,,,,,Marketing,NO,SI
,5149,  79 ,,,,,,,,,,,Marketing,NO,SI
,5150,  15 ,,,,,,,,,,,Marketing,NO,SI
,5151,  838 ,,,,,,,,,,,Marketing,NO,SI
,5152,"  2,423 ",,,,,,,,,,,Marketing,NO,SI
,5153,"  4,965 ",,,,,,,,,,,Marketing,NO,SI
,5154,"  5,076 ",,,,,,,,,,,Marketing,NO,SI
,5155,"  2,838 ",,,,,,,,,,,Marketing,NO,SI
,5156,"  5,080 ",,,,,,,,,,,Marketing,NO,SI
